subject_id	session_id	run	localizer	trial_num	current_good	contingency_id	trial_in_contingency	contingency_trials	flower1	flower2	left_stimulus	right_stimulus	slot1_position	slot2_position	choice	rt	correct	reward	outcome	feedback_marker	trial_start_task_time	trial_start_lsl_time	trial_start_unix_time	choice_window_onset_task_time	choice_window_onset_lsl_time	choice_window_onset_unix_time	choice_onset_task_time	choice_onset_lsl_time	choice_onset_unix_time	choice_marker_send_lsl_time	feedback_onset_task_time	feedback_onset_lsl_time	feedback_onset_unix_time	lsl_marker_send_time	wait_time	iti	run_start_task_time	run_start_lsl_time	run_start_unix_time	run_end_task_time	run_end_lsl_time	run_end_unix_time
sub-10383	ses-1	run-01	0	1	14	1	0	24	14	21	21	14	right	left	2	1021.5000000002874	False	False	loss	32	0.0	3021.1367266	1790278024969.896	0.3400113582611084	3021.4767464	1790278025309.9075	1.3615113582613958	3022.4982464000004	1790278026331.4075	3022.7523328	2.1499197483062744	3023.2866723	1790278027119.816	3023.2866723	530.7858396896896	300.0	0.0	3021.1366595	1790278024969.896	602.3078768253326	3623.4243653	1790278627277.773
sub-10383	ses-1	run-01	0	2	14	1	1	24	14	21	21	14	right	left	2	352.36510000004273	False	False	loss	32	3.152682304382324	3024.2893246	1790278028122.5784	3.4573044776916504	3024.5941416	1790278028427.2004	3.809669577691693	3024.9465067	1790278028779.5654	3025.2031795	4.662714719772339	3025.8002495	1790278029632.6108	3025.8002495	593.6499260619818	300.0	0.0	3021.1366595	1790278024969.896	602.3078768253326	3623.4243653	1790278627277.773
sub-10383	ses-1	run-01	0	3	14	1	2	24	14	21	21	14	right	left	1	326.82800000020507	True	True	win	31	5.666051149368286	3026.8027166	1790278030635.9473	5.970655918121338	3027.1075152	1790278030940.552	6.297483918121543	3027.4343432	1790278031267.38	3027.6909643	7.162014007568359	3028.2987169	1790278032131.9102	3028.2987169	603.6730798465511	300.0	0.0	3021.1366595	1790278024969.896	602.3078768253326	3623.4243653	1790278627277.773
sub-10383	ses-1	run-01	0	4	14	1	3	24	14	21	21	14	right	left	1	349.27319999997053	True	False	loss	32	8.162907361984253	3029.300361	1790278033132.8035	8.468251705169678	3029.6050234	1790278033438.1477	8.817524905169648	3029.9542966	1790278033787.421	3030.2090804	9.73079228401184	3030.8680192	1790278034700.6885	3030.8680192	654.2949460233943	300.0	0.0	3021.1366595	1790278024969.896	602.3078768253326	3623.4243653	1790278627277.773
sub-10383	ses-1	run-01	0	5	14	1	4	24	14	21	21	14	right	left	1	363.61230000011346	True	False	loss	32	10.733696937561035	3031.8703668	1790278035703.593	11.038058280944824	3032.1748965	1790278036007.9543	11.401670580944938	3032.5385088000003	1790278036371.5667	3032.7939169	12.273448467254639	3033.4107349	1790278037243.3445	3033.4107349	613.6127740270684	300.0	0.0	3021.1366595	1790278024969.896	602.3078768253326	3623.4243653	1790278627277.773
sub-10383	ses-1	run-01	0	6	14	1	5	24	14	21	21	14	right	left	1	573.1010999998034	True	True	win	31	13.275768756866455	3034.4124387	1790278038245.6648	13.580366134643555	3034.7171929	1790278038550.2622	14.153467234643358	3035.290294	1790278039123.3633	3035.5471067	15.02140998840332	3036.1581337	1790278039991.3062	3036.1581337	606.7391623467438	300.0	0.0	3021.1366595	1790278024969.896	602.3078768253326	3623.4243653	1790278627277.773
sub-10383	ses-1	run-01	0	7	14	1	6	24	14	21	21	14	right	left	1	370.0932000001558	True	True	win	31	16.022604942321777	3037.1599373	1790278040992.501	16.327571392059326	3037.4642892	1790278041297.4675	16.697664592059482	3037.8343824000003	1790278041667.5608	3038.0878938	17.461518049240112	3038.5982743	1790278042431.414	3038.5982743	506.7109565066411	300.0	0.0	3021.1366595	1790278024969.896	602.3078768253326	3623.4243653	1790278627277.773
sub-10383	ses-1	run-01	0	8	14	1	7	24	14	21	21	14	right	left	1	440.5791999997746	True	True	win	31	18.462948322296143	3039.6004007	1790278043432.8445	18.768173456192017	3039.9057514	1790278043738.0696	19.20875265619179	3040.3463306	1790278044178.6487	3040.5994998	20.07020878791809	3041.2070006	1790278045040.105	3041.2070006	603.8924762341443	300.0	0.0	3021.1366595	1790278024969.896	602.3078768253326	3623.4243653	1790278627277.773
sub-10383	ses-1	run-01	0	9	14	1	8	24	14	21	21	14	right	left	1	392.84959999986313	True	True	win	31	21.072361946105957	3042.2089835	1790278046042.258	21.37593698501587	3042.513479	1790278046345.833	21.768786585015732	3042.9063286	1790278046738.6826	3043.1627692	22.615343809127808	3043.7520476	1790278047585.24	3043.7520476	585.423658829975	300.0	0.0	3021.1366595	1790278024969.896	602.3078768253326	3623.4243653	1790278627277.773
sub-10383	ses-1	run-01	0	10	14	1	9	24	14	21	21	14	right	left	1	304.42200000015873	True	True	win	31	23.616959810256958	3044.7539521	1790278048586.856	23.921122312545776	3045.0578631	1790278048891.0183	24.225544312545935	3045.3622851	1790278049195.4404	3045.6160869	25.15765929222107	3046.2944182	1790278050127.5554	3046.2944182	674.876750057024	300.0	0.0	3021.1366595	1790278024969.896	602.3078768253326	3623.4243653	1790278627277.773
sub-10383	ses-1	run-01	0	11	14	1	10	24	14	21	21	14	right	left	1	297.0428000003267	True	True	win	31	26.159864902496338	3047.2965399	1790278051129.761	26.46453046798706	3047.6013124	1790278051434.4265	26.761573267987387	3047.8983552000004	1790278051731.4692	3048.1508388	27.690364599227905	3048.8277572	1790278052660.2607	3048.8277572	673.6206618689743	300.0	0.0	3021.1366595	1790278024969.896	602.3078768253326	3623.4243653	1790278627277.773
sub-10383	ses-1	run-01	0	12	14	1	11	24	14	21	21	14	right	left	1	332.24380000001474	True	True	win	31	28.692652463912964	3049.8293678	1790278053662.5486	28.997308015823364	3050.1340366	1790278053967.204	29.32955181582338	3050.4662804	1790278054299.448	3050.7221425	30.25989270210266	3051.3966868	1790278055229.7888	3051.3966868	670.8387278232751	300.0	0.0	3021.1366595	1790278024969.896	602.3078768253326	3623.4243653	1790278627277.773
sub-10383	ses-1	run-01	0	13	14	1	12	24	14	21	14	21	left	right	1	668.0761000002349	True	False	loss	32	31.260335206985474	3052.3977655	1790278056230.2312	31.5655620098114	3052.702349	1790278056535.458	32.233638109811636	3053.3704251000004	1790278057203.5342	3053.6267572	33.0096333026886	3054.1463989	1790278057979.5293	3054.1463989	515.1818137965503	300.0	0.0	3021.1366595	1790278024969.896	602.3078768253326	3623.4243653	1790278627277.773
sub-10383	ses-1	run-01	0	14	14	1	13	24	14	21	14	21	left	right	1	389.3388999999843	True	True	win	31	34.012035608291626	3055.148634	1790278058981.9316	34.31643986701965	3055.453242	1790278059286.336	34.70577876701964	3055.8425809	1790278059675.6748	3056.0967149	35.597567558288574	3056.734797	1790278060567.4636	3056.734797	634.4163026730437	300.0	0.0	3021.1366595	1790278024969.896	602.3078768253326	3623.4243653	1790278627277.773
sub-10383	ses-1	run-01	0	15	14	1	14	24	14	21	14	21	left	right	1	385.697700000037	True	True	win	31	36.599618434906006	3057.7362715	1790278061569.5144	36.90383982658386	3058.0405612	1790278061873.7358	37.2895375265839	3058.4262589	1790278062259.4336	3058.6792996	38.065818309783936	3059.2025447	1790278063035.7144	3059.2025447	519.6243252410407	300.0	0.0	3021.1366595	1790278024969.896	602.3078768253326	3623.4243653	1790278627277.773
sub-10383	ses-1	run-01	0	16	14	1	15	24	14	21	21	14	right	left	1	613.7792999998055	True	True	win	31	39.067397117614746	3060.2040577	1790278064037.2932	39.371678590774536	3060.5084517	1790278064341.5747	39.98545789077434	3061.122231	1790278064955.354	3061.3773205	40.83219766616821	3061.9690242	1790278065802.0938	3061.9690242	587.1953553264786	300.0	0.0	3021.1366595	1790278024969.896	602.3078768253326	3623.4243653	1790278627277.773
sub-10383	ses-1	run-01	0	17	14	1	16	24	14	21	21	14	right	left	1	430.58300000029703	True	True	win	31	41.834240198135376	3062.9709679	1790278066804.1362	42.13908290863037	3063.2757258	1790278067108.979	42.56966590863067	3063.7063088000004	1790278067539.562	3063.9593971	43.33251643180847	3064.4692003	1790278068302.4126	3064.4692003	505.4711663359432	300.0	0.0	3021.1366595	1790278024969.896	602.3078768253326	3623.4243653	1790278627277.773
sub-10383	ses-1	run-01	0	18	14	1	17	24	14	21	14	21	left	right	1	345.9536999998818	True	False	loss	32	44.33398413658142	3065.4715653	1790278069303.8801	44.63965964317322	3065.7764417	1790278069609.5557	44.9856133431731	3066.1223953999997	1790278069955.5093	3066.3748535	45.75459957122803	3066.8914183	1790278070724.4956	3066.8914183	512.4954700726738	300.0	0.0	3021.1366595	1790278024969.896	602.3078768253326	3623.4243653	1790278627277.773
sub-10383	ses-1	run-01	0	19	14	1	18	24	14	21	21	14	right	left	1	492.28329999959897	True	True	win	31	46.75727915763855	3067.8942025	1790278071727.1753	47.060839891433716	3068.1982328	1790278072030.736	47.553123191433315	3068.6905160999995	1790278072523.0193	3068.9468222	48.34169626235962	3069.4784838	1790278073311.5923	3069.4784838	527.2679380732	300.0	0.0	3021.1366595	1790278024969.896	602.3078768253326	3623.4243653	1790278627277.773
sub-10383	ses-1	run-01	0	20	14	1	19	24	14	21	21	14	right	left	1	465.61620000011317	True	True	win	31	49.342570543289185	3070.4801547	1790278074312.4666	49.64818477630615	3070.7848778	1790278074618.0808	50.113800976306266	3071.250494	1790278075083.697	3071.5030154	50.99766516685486	3072.1350801	1790278075967.5613	3072.1350801	628.5015907038161	300.0	0.0	3021.1366595	1790278024969.896	602.3078768253326	3623.4243653	1790278627277.773
sub-10383	ses-1	run-01	0	21	14	1	20	24	14	21	14	21	left	right	1	385.0523000000976	True	True	win	31	52.00008845329285	3073.1368191	1790278076969.9846	52.30415201187134	3073.441377	1790278077274.048	52.689204311871435	3073.8264293	1790278077659.1003	3074.0804525	53.461655378341675	3074.5984608	1790278078431.5515	3074.5984608	513.0933430019984	300.0	0.0	3021.1366595	1790278024969.896	602.3078768253326	3623.4243653	1790278627277.773
sub-10383	ses-1	run-01	0	22	14	1	21	24	14	21	14	21	left	right	1	353.98380000015095	True	True	win	31	54.46230101585388	3075.599904	1790278079432.197	54.767508029937744	3075.9043108	1790278079737.404	55.121491829937895	3076.2582946	1790278080091.388	3076.5132645	56.028786182403564	3077.1655608	1790278080998.6824	3077.1655608	647.8099078530884	300.0	0.0	3021.1366595	1790278024969.896	602.3078768253326	3623.4243653	1790278627277.773
sub-10383	ses-1	run-01	0	23	14	1	22	24	14	21	14	21	left	right	1	305.5424000003768	True	True	win	31	57.029961824417114	3078.1675615	1790278081999.858	57.335693359375	3078.4727765	1790278082305.5894	57.64123575937538	3078.7783189	1790278082611.1318	3079.0316743	58.459453105926514	3079.5962293	1790278083429.349	3079.5962293	560.7825200652593	300.0	0.0	3021.1366595	1790278024969.896	602.3078768253326	3623.4243653	1790278627277.773
sub-10383	ses-1	run-01	0	24	14	1	23	24	14	21	14	21	left	right	1	330.4947000001448	True	True	win	31	59.46207141876221	3080.5988751	1790278084431.9675	59.766663551330566	3080.9037917	1790278084736.5596	60.09715825133071	3081.2342864	1790278085067.0542	3081.4865047	61.02772784233093	3082.164462	1790278085997.624	3082.164462	674.1615051869412	300.0	0.0	3021.1366595	1790278024969.896	602.3078768253326	3623.4243653	1790278627277.773
sub-10383	ses-1	run-01	0	25	21	2	0	21	14	21	14	21	left	right	1	347.4409000000378	False	False	loss	32	62.029396295547485	3083.1660914	1790278086999.2925	62.3340482711792	3083.4708331	1790278087303.9443	62.68148917117924	3083.818274	1790278087651.3853	3084.0743518	63.616915225982666	3084.7537754	1790278088586.8113	3084.7537754	675.9091121562	300.0	0.0	3021.1366595	1790278024969.896	602.3078768253326	3623.4243653	1790278627277.773
sub-10383	ses-1	run-01	0	26	21	2	1	21	14	21	21	14	right	left	1	445.4243000000133	False	False	loss	32	64.61913871765137	3085.7558941	1790278089589.035	64.92375922203064	3086.0608643	1790278089893.6553	65.36918352203065	3086.5062886	1790278090339.0796	3086.7592854	66.17130255699158	3087.3080219	1790278091141.1987	3087.3080219	544.6950691816018	300.0	0.0	3021.1366595	1790278024969.896	602.3078768253326	3623.4243653	1790278627277.773
sub-10383	ses-1	run-01	0	27	21	2	2	21	14	21	21	14	right	left	2	355.27120000006107	True	True	win	31	67.1736741065979	3088.3103996	1790278092143.57	67.47828841209412	3088.6150575	1790278092448.1846	67.83355961209418	3088.9703287	1790278092803.4558	3089.2243714	68.69222521781921	3089.8290975	1790278093662.1213	3089.8290975	600.5178577590045	300.0	0.0	3021.1366595	1790278024969.896	602.3078768253326	3623.4243653	1790278627277.773
sub-10383	ses-1	run-01	0	28	21	2	3	21	14	21	14	21	left	right	2	323.60620000008566	True	False	loss	32	69.69366121292114	3090.8306475	1790278094663.5574	69.9980480670929	3091.1347411	1790278094967.944	70.32165426709298	3091.4583473000002	1790278095291.5503	3091.7125107	71.24222135543823	3092.3790638	1790278096212.1174	3092.3790638	662.3121865145495	300.0	0.0	3021.1366595	1790278024969.896	602.3078768253326	3623.4243653	1790278627277.773
sub-10383	ses-1	run-01	0	29	21	2	4	21	14	21	14	21	left	right	2	484.48210000015024	True	True	win	31	72.24485468864441	3093.381539	1790278097214.7507	72.54896759986877	3093.6858171	1790278097518.8638	73.03344969986892	3094.1702992	1790278098003.346	3094.4246156	73.84527587890625	3094.9821197	1790278098815.1719	3094.9821197	553.3458353860261	300.0	0.0	3021.1366595	1790278024969.896	602.3078768253326	3623.4243653	1790278627277.773
sub-10383	ses-1	run-01	0	30	21	2	5	21	14	21	21	14	right	left	2	410.798700000214	True	True	win	31	74.84665322303772	3095.9833817	1790278099816.5493	75.15087556838989	3096.2875763	1790278100120.7717	75.5616742683901	3096.6983750000004	1790278100531.5703	3096.9508631	76.37134838104248	3097.5082118	1790278101341.2444	3097.5082118	553.3903366985185	300.0	0.0	3021.1366595	1790278024969.896	602.3078768253326	3623.4243653	1790278627277.773
sub-10383	ses-1	run-01	0	31	21	2	6	21	14	21	14	21	left	right	2	596.49090000039	True	False	loss	32	77.37211918830872	3098.5097063	1790278102342.0154	77.67699861526489	3098.8138668	1790278102646.8948	78.27348951526528	3099.4103577000005	1790278103243.3857	3099.6632549	79.10476160049438	3100.2416269	1790278104074.6577	3100.2416269	574.2656495384299	300.0	0.0	3021.1366595	1790278024969.896	602.3078768253326	3623.4243653	1790278627277.773
sub-10383	ses-1	run-01	0	32	21	2	7	21	14	21	14	21	left	right	1	541.7160000001786	False	False	loss	32	80.10631656646729	3101.2439007	1790278105076.2126	80.4115240573883	3101.5486179	1790278105381.4202	80.95324005738848	3102.0903339	1790278105923.1362	3102.343429	81.84770250320435	3102.9845379	1790278106817.5986	3102.9845379	637.9706419004068	300.0	0.0	3021.1366595	1790278024969.896	602.3078768253326	3623.4243653	1790278627277.773
sub-10383	ses-1	run-01	0	33	21	2	8	21	14	21	14	21	left	right	1	462.55219999966357	False	False	loss	32	82.85024333000183	3103.9876553	1790278107820.1394	83.15496349334717	3104.2917133	1790278108124.8596	83.61751569334683	3104.7542654999997	1790278108587.4119	3105.0107402	84.50430059432983	3105.6409809	1790278109474.1968	3105.6409809	626.9119127632405	300.0	0.0	3021.1366595	1790278024969.896	602.3078768253326	3623.4243653	1790278627277.773
sub-10383	ses-1	run-01	0	34	21	2	9	21	14	21	21	14	right	left	1	382.50760000028095	False	False	loss	32	85.50606656074524	3106.6434302	1790278110475.9626	85.81123733520508	3106.9477945	1790278110781.1333	86.19374493520536	3107.3303021	1790278111163.6409	3107.5855288	86.96806764602661	3108.1045601	1790278111937.9636	3108.1045601	514.8189604524283	300.0	0.0	3021.1366595	1790278024969.896	602.3078768253326	3623.4243653	1790278627277.773
sub-10383	ses-1	run-01	0	35	21	2	10	21	14	21	21	14	right	left	2	447.8843000001689	True	True	win	31	87.96969556808472	3109.1063892	1790278112939.5916	88.27401280403137	3109.4103144	1790278113243.909	88.72189710403154	3109.8581987000002	1790278113691.7932	3110.1137897	89.58688473701477	3110.723164	1790278114556.7808	3110.723164	605.3107964341282	300.0	0.0	3021.1366595	1790278024969.896	602.3078768253326	3623.4243653	1790278627277.773
sub-10383	ses-1	run-01	0	36	21	2	11	21	14	21	21	14	right	left	2	868.5421999998653	True	True	win	31	90.58809876441956	3111.7255918	1790278115557.9949	90.89344811439514	3112.0296434	1790278115863.3442	91.761990314395	3112.8981856	1790278116731.8865	3113.1549039	92.71144914627075	3113.8475658	1790278117681.3452	3113.8475658	688.078463161862	300.0	0.0	3021.1366595	1790278024969.896	602.3078768253326	3623.4243653	1790278627277.773
sub-10383	ses-1	run-01	0	37	21	2	12	21	14	21	14	21	left	right	2	488.08469999994486	True	True	win	31	93.71369314193726	3114.8494996	1790278118683.589	94.01821064949036	3115.1541232	1790278118988.1067	94.5062953494903	3115.6422079	1790278119476.1914	3115.8976518	95.44142460823059	3116.5772937	1790278120411.3208	3116.5772937	676.6458823551716	300.0	0.0	3021.1366595	1790278024969.896	602.3078768253326	3623.4243653	1790278627277.773
sub-10383	ses-1	run-01	0	38	21	2	13	21	14	21	21	14	right	left	2	526.7310000003818	True	True	win	31	96.44352293014526	3117.5791905	1790278121413.419	96.74765539169312	3117.883543	1790278121717.5515	97.2743863916935	3118.4102740000003	1790278122244.2825	3118.6625761	98.12005925178528	3119.2562976	1790278123089.9553	3119.2562976	589.552418042825	300.0	0.0	3021.1366595	1790278024969.896	602.3078768253326	3623.4243653	1790278627277.773
sub-10383	ses-1	run-01	0	39	21	2	14	21	14	21	21	14	right	left	2	447.5124999999025	True	False	loss	32	99.1224193572998	3120.2579556	1790278124092.3154	99.42705345153809	3120.5627051	1790278124396.9495	99.87456595153799	3121.0102176	1790278124844.462	3121.2662836	100.65104460716248	3121.7864293	1790278125620.9407	3121.7864293	516.1810120248151	300.0	0.0	3021.1366595	1790278024969.896	602.3078768253326	3623.4243653	1790278627277.773
sub-10383	ses-1	run-01	0	40	21	2	15	21	14	21	14	21	left	right	2	413.50299999976414	True	False	loss	32	101.65195679664612	3122.7881931	1790278126621.8528	101.95719122886658	3123.0926194	1790278126927.0874	102.37069422886634	3123.5061223999996	1790278127340.5903	3123.761377	103.20429253578186	3124.3394879	1790278128174.1887	3124.3394879	574.0242489424911	300.0	0.0	3021.1366595	1790278024969.896	602.3078768253326	3623.4243653	1790278627277.773
sub-10383	ses-1	run-01	0	41	21	2	16	21	14	21	21	14	right	left	2	324.1778000001432	True	True	win	31	104.20508575439453	3125.3411434	1790278129174.982	104.51075553894043	3125.6460007	1790278129480.6516	104.83493333894057	3125.9701785	1790278129804.8293	3126.22351	105.74967527389526	3126.8848694	1790278130719.5713	3126.8848694	657.5961223267885	300.0	0.0	3021.1366595	1790278024969.896	602.3078768253326	3623.4243653	1790278627277.773
sub-10383	ses-1	run-01	0	42	21	2	17	21	14	21	21	14	right	left	2	410.5276000000231	True	True	win	31	106.75194811820984	3127.8868837	1790278131721.8442	107.05665946006775	3128.191858	1790278132026.5554	107.46718706006777	3128.6023856	1790278132437.083	3128.8554959	108.23100876808167	3129.3661221	1790278133200.9048	3129.3661221	506.11115429570276	300.0	0.0	3021.1366595	1790278024969.896	602.3078768253326	3623.4243653	1790278627277.773
sub-10383	ses-1	run-01	0	43	21	2	18	21	14	21	21	14	right	left	2	481.4627000000655	True	False	loss	32	109.23205804824829	3130.3677456	1790278134201.954	109.5378954410553	3130.6728191	1790278134507.7915	110.01935814105536	3131.1542818000003	1790278134989.2542	3131.4067228	110.94913363456726	3132.0839727	1790278135919.0298	3132.0839727	673.8317217300495	300.0	0.0	3021.1366595	1790278024969.896	602.3078768253326	3623.4243653	1790278627277.773
sub-10383	ses-1	run-01	0	44	21	2	19	21	14	21	14	21	left	right	1	556.2721000001147	False	False	loss	32	111.9503173828125	3133.0855068	1790278136920.2134	112.25460147857666	3133.3898812	1790278137224.4976	112.81087357857677	3133.9461533000003	1790278137780.7698	3134.1985604	113.75075316429138	3134.8853728	1790278138720.6492	3134.8853728	682.7997781333626	300.0	0.0	3021.1366595	1790278024969.896	602.3078768253326	3623.4243653	1790278627277.773
sub-10383	ses-1	run-01	0	45	21	2	20	21	14	21	21	14	right	left	2	922.4248000000443	True	False	loss	32	114.75168323516846	3135.8869799	1790278139721.5793	115.05717086791992	3136.1916798	1790278140027.067	115.97959566791997	3137.1141046000002	1790278140949.4917	3137.3663678	116.7701108455658	3137.9045513	1790278141740.0068	3137.9045513	534.2328824931651	300.0	0.0	3021.1366595	1790278024969.896	602.3078768253326	3623.4243653	1790278627277.773
sub-10383	ses-1	run-01	0	46	14	3	0	21	14	21	21	14	right	left	2	942.6681999998436	False	False	loss	32	117.77292156219482	3138.9071513	1790278142742.8176	118.07717084884644	3139.2114964	1790278143047.067	119.01983904884628	3140.1541646	1790278143989.735	3140.4066074	119.9676718711853	3141.10188	1790278144937.5679	3141.10188	691.8552429428854	300.0	0.0	3021.1366595	1790278024969.896	602.3078768253326	3623.4243653	1790278627277.773
sub-10383	ses-1	run-01	0	47	14	3	1	21	14	21	14	21	left	right	2	410.650600000281	False	False	loss	32	120.96922087669373	3142.1033389	1790278145939.117	121.27345132827759	3142.4075697	1790278146243.3474	121.68410192827787	3142.8182203	1790278146653.998	3143.0714262	122.6378288269043	3143.771843	1790278147607.7249	3143.771843	696.6861904958057	300.0	0.0	3021.1366595	1790278024969.896	602.3078768253326	3623.4243653	1790278627277.773
sub-10383	ses-1	run-01	0	48	14	3	2	21	14	21	21	14	right	left	2	348.51779999962673	False	False	loss	32	123.63885068893433	3144.7735182	1790278148608.7468	123.9438898563385	3145.0777854	1790278148913.786	124.29240765633813	3145.4263031999994	1790278149262.3037	3145.6818836	125.066401720047	3146.2002686	1790278150036.2979	3146.2002686	514.8523030667642	300.0	0.0	3021.1366595	1790278024969.896	602.3078768253326	3623.4243653	1790278627277.773
sub-10383	ses-1	run-01	0	49	14	3	3	21	14	21	14	21	left	right	1	431.09050000020943	True	True	win	31	126.06799483299255	3147.2024889	1790278151037.8909	126.37330985069275	3147.5070461	1790278151343.2058	126.80440035069296	3147.9381366000002	1790278151774.2964	3148.1912029	127.64400339126587	3148.7776253	1790278152613.8994	3148.7776253	582.9997405432863	300.0	0.0	3021.1366595	1790278024969.896	602.3078768253326	3623.4243653	1790278627277.773
sub-10383	ses-1	run-01	0	50	14	3	4	21	14	21	14	21	left	right	1	374.90089999982956	True	True	win	31	128.64492511749268	3149.7791836	1790278153614.8213	128.94975471496582	3150.0832932	1790278153919.651	129.32465561496565	3150.4581940999997	1790278154294.5518	3150.7116641	130.1963014602661	3151.329805	1790278155166.1975	3151.329805	613.7780720002305	300.0	0.0	3021.1366595	1790278024969.896	602.3078768253326	3623.4243653	1790278627277.773
sub-10383	ses-1	run-01	0	51	14	3	5	21	14	21	14	21	left	right	1	333.67500000031214	True	False	loss	32	131.19830632209778	3152.3316044	1790278156168.2024	131.5031554698944	3152.6365153	1790278156473.0515	131.83683046989472	3152.9701903000005	1790278156806.7266	3153.2252092	132.7185139656067	3153.8518003	1790278157688.4102	3153.8518003	622.1295462098841	300.0	0.0	3021.1366595	1790278024969.896	602.3078768253326	3623.4243653	1790278627277.773
sub-10383	ses-1	run-01	0	52	14	3	6	21	14	21	21	14	right	left	1	348.90009999980975	True	True	win	31	133.72010278701782	3154.8531462	1790278158689.9988	134.024028301239	3155.1572419	1790278158993.9243	134.37292840123882	3155.5061419999997	1790278159342.8245	3155.7607288	135.1841812133789	3156.3175138	1790278160154.0774	3156.3175138	552.8344700410888	300.0	0.0	3021.1366595	1790278024969.896	602.3078768253326	3623.4243653	1790278627277.773
sub-10383	ses-1	run-01	0	53	14	3	7	21	14	21	14	21	left	right	1	419.7871000001214	True	True	win	31	136.18534588813782	3157.3192064	1790278161155.242	136.48954606056213	3157.6225948	1790278161459.4421	136.90933316056226	3158.0423819000002	1790278161879.2292	3158.2961621	137.85963654518127	3158.9925114	1790278162829.5327	3158.9925114	692.1830119686414	300.0	0.0	3021.1366595	1790278024969.896	602.3078768253326	3623.4243653	1790278627277.773
sub-10383	ses-1	run-01	0	54	14	3	8	21	14	21	21	14	right	left	1	319.0198000002056	True	False	loss	32	138.86207556724548	3159.9948822	1790278163831.9717	139.16625308990479	3160.2991476	1790278164136.1492	139.485272889905	3160.6181674000004	1790278164455.169	3160.872618	140.41742086410522	3161.5500954	1790278165387.317	3161.5500954	673.8369490231161	300.0	0.0	3021.1366595	1790278024969.896	602.3078768253326	3623.4243653	1790278627277.773
sub-10383	ses-1	run-01	0	55	14	3	9	21	14	21	21	14	right	left	1	537.3282000000472	True	True	win	31	141.41895580291748	3162.5523407	1790278166388.8518	141.7241883277893	3162.8568598	1790278166694.0845	142.26151652778935	3163.394188	1790278167231.4126	3163.6515766	143.06368470191956	3164.1963034	1790278168033.5808	3164.1963034	540.3323443399902	300.0	0.0	3021.1366595	1790278024969.896	602.3078768253326	3623.4243653	1790278627277.773
sub-10383	ses-1	run-01	0	56	14	3	10	21	14	21	14	21	left	right	1	314.73940000023504	True	True	win	31	144.06539177894592	3165.1986798	1790278169035.2878	144.37092447280884	3165.5034019	1790278169340.8206	144.68566387280907	3165.8181413	1790278169655.56	3166.0724934	145.49619698524475	3166.6285668	1790278170466.093	3166.6285668	551.4658514563175	300.0	0.0	3021.1366595	1790278024969.896	602.3078768253326	3623.4243653	1790278627277.773
sub-10383	ses-1	run-01	0	57	14	3	11	21	14	21	21	14	right	left	1	459.6882999999252	True	True	win	31	146.49806237220764	3167.6305432	1790278171467.9585	146.80215334892273	3167.9344549	1790278171772.0493	147.26184164892265	3168.3941432	1790278172231.7375	3168.6480511	148.10920000076294	3169.2414345	1790278173079.0962	3169.2414345	589.7079189813678	300.0	0.0	3021.1366595	1790278024969.896	602.3078768253326	3623.4243653	1790278627277.773
sub-10383	ses-1	run-01	0	58	14	3	12	21	14	21	14	21	left	right	1	237.8152000001137	True	False	loss	32	149.11131119728088	3170.2435155	1790278174081.2073	149.41626834869385	3170.5483808	1790278174386.1643	149.65408354869396	3170.786196	1790278174623.9795	3171.0413713	150.56646013259888	3171.6985545	1790278175536.3562	3171.6985545	653.537988032554	300.0	0.0	3021.1366595	1790278024969.896	602.3078768253326	3623.4243653	1790278627277.773
sub-10383	ses-1	run-01	0	59	14	3	13	21	14	21	21	14	right	left	1	285.5701999997109	True	True	win	31	151.5671534538269	3172.6999309	1790278176537.0496	151.87253618240356	3173.0045648	1790278176842.4324	152.15810638240328	3173.2901349999997	1790278177128.0027	3173.5429774	153.03661632537842	3174.1684833	1790278178006.5125	3174.1684833	621.349618808837	300.0	0.0	3021.1366595	1790278024969.896	602.3078768253326	3623.4243653	1790278627277.773
sub-10383	ses-1	run-01	0	60	14	3	14	21	14	21	14	21	left	right	1	295.3136999999515	True	True	win	31	154.0390224456787	3175.1707584	1790278179008.9185	154.3430163860321	3175.4748554	1790278179312.9124	154.63833008603206	3175.7701690999997	1790278179608.226	3176.0230293	155.4700527191162	3176.6018672	1790278180439.9487	3176.6018672	574.3864640821548	300.0	0.0	3021.1366595	1790278024969.896	602.3078768253326	3623.4243653	1790278627277.773
sub-10383	ses-1	run-01	0	61	14	3	15	21	14	21	14	21	left	right	1	414.50259999965056	True	True	win	31	156.4717628955841	3177.6035635	1790278181441.659	156.77600359916687	3177.9075946	1790278181745.8997	157.19050619916652	3178.3220971999995	1790278182160.4023	3178.576476	158.00643849372864	3179.1380089	1790278182976.3345	3179.1380089	557.2901428529615	300.0	0.0	3021.1366595	1790278024969.896	602.3078768253326	3623.4243653	1790278627277.773
sub-10383	ses-1	run-01	0	62	14	3	16	21	14	21	21	14	right	left	1	454.74490000015066	True	True	win	31	159.00804924964905	3180.1400996	1790278183977.9453	159.3120777606964	3180.4434383	1790278184281.9739	159.76682266069656	3180.8981832	1790278184736.7188	3181.1522185	160.56829261779785	3181.7002871	1790278185538.1887	3181.7002871	544.0495375654173	300.0	0.0	3021.1366595	1790278024969.896	602.3078768253326	3623.4243653	1790278627277.773
sub-10383	ses-1	run-01	0	63	14	3	17	21	14	21	21	14	right	left	1	339.21250000003056	True	True	win	31	161.57126712799072	3182.7024043	1790278186541.163	161.8759024143219	3183.0070555	1790278186845.7986	162.21511491432193	3183.3462680000002	1790278187185.011	3183.6012857	163.14580583572388	3184.2775496	1790278188115.702	3184.2775496	672.452775092197	300.0	0.0	3021.1366595	1790278024969.896	602.3078768253326	3623.4243653	1790278627277.773
sub-10383	ses-1	run-01	0	64	14	3	18	21	14	21	14	21	left	right	1	282.82860000035726	True	False	loss	32	164.14727568626404	3185.2791932	1790278189117.1719	164.45231008529663	3185.5833911	1790278189422.206	164.735138685297	3185.8662197000003	1790278189705.0347	3186.1214256	165.49592900276184	3186.6269534	1790278190465.8252	3186.6269534	501.1489473845185	300.0	0.0	3021.1366595	1790278024969.896	602.3078768253326	3623.4243653	1790278627277.773
sub-10383	ses-1	run-01	0	65	14	3	19	21	14	21	21	14	right	left	1	349.7890000003281	True	True	win	31	166.49735927581787	3187.6284433	1790278191467.2554	166.80168890953064	3187.9325624	1790278191771.585	167.15147790953097	3188.2823514	1790278192121.374	3188.535496	167.95243382453918	3189.0832165	1790278192922.3298	3189.0832165	543.4075056236436	300.0	0.0	3021.1366595	1790278024969.896	602.3078768253326	3623.4243653	1790278627277.773
sub-10383	ses-1	run-01	0	66	14	3	20	21	14	21	21	14	right	left	1	500.478099999782	True	True	win	31	168.95438885688782	3190.0850928	1790278193924.285	169.25899744033813	3190.3897018	1790278194228.8936	169.75947554033792	3190.8901798999996	1790278194729.3716	3191.1432422	170.7055265903473	3191.8368385	1790278195675.4226	3191.8368385	689.7650857132317	300.0	0.0	3021.1366595	1790278024969.896	602.3078768253326	3623.4243653	1790278627277.773
sub-10383	ses-1	run-01	0	67	21	4	0	20	14	21	14	21	left	right	1	507.8241999999591	False	False	loss	32	171.707683801651	3192.8381561	1790278196677.5798	172.01183342933655	3193.1423557	1790278196981.7295	172.5196576293365	3193.6501799	1790278197489.5537	3193.9069451	173.311176776886	3194.4415417	1790278198281.0728	3194.4415417	530.4905079762109	300.0	0.0	3021.1366595	1790278024969.896	602.3078768253326	3623.4243653	1790278627277.773
sub-10383	ses-1	run-01	0	68	21	4	1	20	14	21	21	14	right	left	1	358.7056000001212	False	False	loss	32	174.31280994415283	3195.4432795	1790278199282.706	174.61698842048645	3195.7473928	1790278199586.8845	174.97569402048657	3196.1060984	1790278199945.59	3196.3613081	175.82436084747314	3196.9546776	1790278200794.2568	3196.9546776	589.9289776228178	300.0	0.0	3021.1366595	1790278024969.896	602.3078768253326	3623.4243653	1790278627277.773
sub-10383	ses-1	run-01	0	69	21	4	2	20	14	21	21	14	right	left	1	980.4509999999027	False	False	loss	32	176.82667517662048	3197.9568995	1790278201796.5713	177.13166904449463	3198.2618054	1790278202101.5652	178.11212004449453	3199.2422564	1790278203082.016	3199.496854	178.95008730888367	3200.0808881	1790278203919.9834	3200.0808881	580.4747374137011	300.0	0.0	3021.1366595	1790278024969.896	602.3078768253326	3623.4243653	1790278627277.773
sub-10383	ses-1	run-01	0	70	21	4	3	20	14	21	21	14	right	left	2	375.39680000008957	True	True	win	31	179.95242476463318	3201.0824192	1790278204922.3208	180.25691080093384	3201.3867701	1790278205226.807	180.63230760093393	3201.7621669	1790278205602.2036	3202.0153912	181.5038993358612	3202.633826	1790278206473.7954	3202.633826	614.838794526998	300.0	0.0	3021.1366595	1790278024969.896	602.3078768253326	3623.4243653	1790278627277.773
sub-10383	ses-1	run-01	0	71	21	4	4	20	14	21	21	14	right	left	2	693.6557999997603	True	True	win	31	182.5052900314331	3203.6363402	1790278207475.186	182.81067442893982	3203.9404581	1790278207780.5706	183.50433022893958	3204.6341138999996	1790278208474.2263	3204.8908376	184.39871168136597	3205.5291452	1790278209368.6077	3205.5291452	634.6320748625046	300.0	0.0	3021.1366595	1790278024969.896	602.3078768253326	3623.4243653	1790278627277.773
sub-10383	ses-1	run-01	0	72	21	4	5	20	14	21	14	21	left	right	2	479.60120000016104	True	True	win	31	185.40047669410706	3206.5300893	1790278210370.3728	185.7050576210022	3206.8346639	1790278210674.9536	186.18465882100236	3207.3142651000003	1790278211154.555	3207.5678798	187.06370663642883	3208.1937719	1790278212033.6028	3208.1937719	622.1151564967219	300.0	0.0	3021.1366595	1790278024969.896	602.3078768253326	3623.4243653	1790278627277.773
sub-10383	ses-1	run-01	0	73	21	4	6	20	14	21	21	14	right	left	2	294.77140000017243	True	True	win	31	188.06566548347473	3209.1950306	1790278213035.5615	188.3698854446411	3209.4993369	1790278213339.7815	188.66465684464129	3209.7941083	1790278213634.553	3210.0468427	189.47661185264587	3210.6059545	1790278214446.5078	3210.6059545	555.220788519722	300.0	0.0	3021.1366595	1790278024969.896	602.3078768253326	3623.4243653	1790278627277.773
sub-10383	ses-1	run-01	0	74	21	4	7	20	14	21	14	21	left	right	2	378.4135000000788	True	True	win	31	190.47838425636292	3211.6075758	1790278215448.2803	190.78262329101562	3211.9118591	1790278215752.5193	191.1610367910157	3212.2902726	1790278216130.9329	3212.5447098	192.02336978912354	3213.1531986	1790278216993.2659	3213.1531986	604.5639076203324	300.0	0.0	3021.1366595	1790278024969.896	602.3078768253326	3623.4243653	1790278627277.773
sub-10383	ses-1	run-01	0	75	21	4	8	20	14	21	14	21	left	right	1	287.16949999989083	False	True	win	31	193.0252504348755	3214.1542247	1790278217995.1465	193.32988739013672	3214.4589489	1790278218299.7834	193.6170568901366	3214.7461184	1790278218586.953	3215.0015985	194.52845215797424	3215.6582543	1790278219498.3481	3215.6582543	652.8074996907695	300.0	0.0	3021.1366595	1790278024969.896	602.3078768253326	3623.4243653	1790278627277.773
sub-10383	ses-1	run-01	0	76	21	4	9	20	14	21	21	14	right	left	2	524.9951999999212	True	True	win	31	195.53223514556885	3216.6610003	1790278220502.131	195.8365979194641	3216.9654953	1790278220806.494	196.36159311946403	3217.4904905	1790278221331.489	3217.7444208	197.28313851356506	3218.4119326	1790278222253.0347	3218.4119326	663.5299325804402	300.0	0.0	3021.1366595	1790278024969.896	602.3078768253326	3623.4243653	1790278627277.773
sub-10383	ses-1	run-01	0	77	21	4	10	20	14	21	14	21	left	right	2	595.9401000000071	True	True	win	31	198.2855842113495	3219.4142149	1790278223255.4802	198.58978748321533	3219.718545	1790278223559.6836	199.18572758321534	3220.3144851	1790278224155.6238	3220.5678916	200.05529236793518	3221.1847006	1790278225025.1885	3221.1847006	612.689507174946	300.0	0.0	3021.1366595	1790278024969.896	602.3078768253326	3623.4243653	1790278627277.773
sub-10383	ses-1	run-01	0	78	21	4	11	20	14	21	21	14	right	left	2	406.3286999999036	True	True	win	31	201.05875492095947	3222.1872286	1790278226028.651	201.36339116096497	3222.4919988	1790278226333.2874	201.76971986096487	3222.8983275	1790278226739.616	3223.1504865	202.7149977684021	3223.8440159	1790278227684.8938	3223.8440159	689.4562528460389	300.0	0.0	3021.1366595	1790278024969.896	602.3078768253326	3623.4243653	1790278627277.773
sub-10383	ses-1	run-01	0	79	21	4	12	20	14	21	14	21	left	right	2	332.4403000001439	True	False	loss	32	203.7167763710022	3224.8450662	1790278228686.6724	204.02130603790283	3225.1496405	1790278228991.2021	204.35374633790298	3225.4820808	1790278229323.6423	3225.7380906	205.29427862167358	3226.422584	1790278230264.1748	3226.422584	680.6999807626908	300.0	0.0	3021.1366595	1790278024969.896	602.3078768253326	3623.4243653	1790278627277.773
sub-10383	ses-1	run-01	0	80	21	4	13	20	14	21	21	14	right	left	2	321.78939999994327	True	True	win	31	206.29609441757202	3227.4241972	1790278231265.9905	206.6001968383789	3227.7283318	1790278231570.093	206.92198623837885	3228.0501212	1790278231891.8823	3228.3057912	207.8720419406891	3229.000687	1790278232841.938	3229.000687	690.342488105516	300.0	0.0	3021.1366595	1790278024969.896	602.3078768253326	3623.4243653	1790278627277.773
sub-10383	ses-1	run-01	0	81	21	4	14	20	14	21	14	21	left	right	2	519.1577000000507	True	True	win	31	208.8735749721527	3230.0023586	1790278233843.471	209.17920756340027	3230.3070517	1790278234149.1038	209.69836526340032	3230.8262094	1790278234668.2615	3231.0811402	210.65326285362244	3231.7817031	1790278235623.159	3231.7817031	696.4698318857874	300.0	0.0	3021.1366595	1790278024969.896	602.3078768253326	3623.4243653	1790278627277.773
sub-10383	ses-1	run-01	0	82	21	4	15	20	14	21	14	21	left	right	2	418.86299999987386	True	True	win	31	211.65507459640503	3232.7829162	1790278236624.9707	211.95955061912537	3233.0872935	1790278236929.4468	212.37841361912524	3233.5061565	1790278237348.3098	3233.7613742	213.2147765159607	3234.3431043	1790278238184.6726	3234.3431043	577.6265359515378	300.0	0.0	3021.1366595	1790278024969.896	602.3078768253326	3623.4243653	1790278627277.773
sub-10383	ses-1	run-01	0	83	21	4	16	20	14	21	21	14	right	left	2	312.7137000001312	True	True	win	31	214.21759247779846	3235.3450908	1790278239187.4885	214.5217468738556	3235.6493892	1790278239491.643	214.83446057385572	3235.9621029	1790278239804.3567	3236.2181972	215.68642210960388	3236.8146574	1790278240656.318	3236.8146574	592.269296223911	300.0	0.0	3021.1366595	1790278024969.896	602.3078768253326	3623.4243653	1790278627277.773
sub-10383	ses-1	run-01	0	84	21	4	17	20	14	21	14	21	left	right	2	393.3676000001469	True	True	win	31	216.68885731697083	3237.8162634	1790278241658.7534	216.993483543396	3238.1208959	1790278241963.3796	217.38685114339614	3238.5142635	1790278242356.7473	3238.7690876	218.2109715938568	3239.3390522	1790278243180.8677	3239.3390522	566.119032380457	300.0	0.0	3021.1366595	1790278024969.896	602.3078768253326	3623.4243653	1790278627277.773
sub-10383	ses-1	run-01	0	85	21	4	18	20	14	21	14	21	left	right	2	406.64590000005774	True	True	win	31	219.21203088760376	3240.3398996	1790278244181.927	219.51621627807617	3240.6434892	1790278244486.1123	219.92286217807623	3241.0501351000003	1790278244892.7583	3241.3025513	220.71764254570007	3241.8452714	1790278245687.5386	3241.8452714	538.764262628257	300.0	0.0	3021.1366595	1790278024969.896	602.3078768253326	3623.4243653	1790278627277.773
sub-10383	ses-1	run-01	0	86	21	4	19	20	14	21	21	14	right	left	2	330.8478000003561	True	False	loss	32	221.71947598457336	3242.8472272	1790278246689.372	222.02418303489685	3243.1512929	1790278246994.079	222.3550308348972	3243.4821407000004	1790278247324.927	3243.734732	223.1316316127777	3244.259097	1790278248101.5276	3244.259097	520.9026727258719	300.0	0.0	3021.1366595	1790278024969.896	602.3078768253326	3623.4243653	1790278627277.773
sub-10383	ses-1	run-01	0	87	14	5	0	23	14	21	21	14	right	left	2	549.1466999997101	False	True	win	31	224.13353967666626	3245.2603806	1790278249103.4358	224.43814420700073	3245.5649991	1790278249408.0403	224.98729090700044	3246.1141457999997	1790278249957.187	3246.3689889	225.93488144874573	3247.0624064	1790278250904.7776	3247.0624064	689.0544726400465	300.0	0.0	3021.1366595	1790278024969.896	602.3078768253326	3623.4243653	1790278627277.773
sub-10383	ses-1	run-01	0	88	14	5	1	23	14	21	21	14	right	left	2	490.3561000000991	False	False	loss	32	226.93685293197632	3248.0636572	1790278251906.749	227.24035596847534	3248.3677711	1790278252210.252	227.73071206847544	3248.8581272	1790278252700.6082	3249.1113513	228.57633709907532	3249.7029505	1790278253546.2332	3249.7029505	588.1152969949152	300.0	0.0	3021.1366595	1790278024969.896	602.3078768253326	3623.4243653	1790278627277.773
sub-10383	ses-1	run-01	0	89	14	5	2	23	14	21	21	14	right	left	2	696.9559999997728	False	True	win	31	229.57820415496826	3250.7050392	1790278254548.1003	229.8819613456726	3251.0092755	1790278254851.8574	230.57891734567238	3251.7062315	1790278255548.8135	3251.9587177	231.48566460609436	3252.6128207	1790278256455.5608	3252.6128207	650.6638127068398	300.0	0.0	3021.1366595	1790278024969.896	602.3078768253326	3623.4243653	1790278627277.773
sub-10383	ses-1	run-01	0	90	14	5	3	23	14	21	21	14	right	left	2	363.1648000000496	False	False	loss	32	232.48801255226135	3253.6142747	1790278257457.9087	232.79259514808655	3253.91908	1790278257762.4912	233.1557599480866	3254.2822448	1790278258125.656	3254.5368735	233.94408869743347	3255.0709333	1790278258913.9849	3255.0709333	530.6078379576776	300.0	0.0	3021.1366595	1790278024969.896	602.3078768253326	3623.4243653	1790278627277.773
sub-10383	ses-1	run-01	0	91	14	5	4	23	14	21	21	14	right	left	1	176.94640000036088	True	True	win	31	234.94547581672668	3256.0723699	1790278259915.3718	235.25115585327148	3256.377207	1790278260221.052	235.42810225327185	3256.5541534000004	1790278260397.9983	3256.8101085	236.32716989517212	3257.4532515	1790278261297.066	3257.4532515	639.3607293462669	300.0	0.0	3021.1366595	1790278024969.896	602.3078768253326	3623.4243653	1790278627277.773
sub-10383	ses-1	run-01	0	92	14	5	5	23	14	21	21	14	right	left	1	379.25570000015796	True	True	win	31	237.32800245285034	3258.4547859	1790278262297.8984	237.63288974761963	3258.75885	1790278262602.786	238.0121454476198	3259.1381057000003	1790278262982.0415	3259.391533	238.7783443927765	3259.90431	1790278263748.2405	3259.90431	508.2152655793537	300.0	0.0	3021.1366595	1790278024969.896	602.3078768253326	3623.4243653	1790278627277.773
sub-10383	ses-1	run-01	0	93	14	5	6	23	14	21	21	14	right	left	1	351.5420999997332	True	True	win	31	239.78053522109985	3260.9063606	1790278264750.4314	240.08445358276367	3261.21096	1790278265054.3496	240.4359956827634	3261.5625020999996	1790278265405.8916	3261.8143684	241.37136125564575	3262.4978257	1790278266341.2573	3262.4978257	679.7966003026166	300.0	0.0	3021.1366595	1790278024969.896	602.3078768253326	3623.4243653	1790278627277.773
sub-10383	ses-1	run-01	0	94	14	5	7	23	14	21	14	21	left	right	2	327.1021999998993	False	False	loss	32	242.37292385101318	3263.4986809	1790278267342.8198	242.67745757102966	3263.8030125	1790278267647.3538	243.00455977102956	3264.1301147	1790278267974.456	3264.3860758	243.86952185630798	3264.9951537	1790278268839.418	3264.9951537	604.8327572033759	300.0	0.0	3021.1366595	1790278024969.896	602.3078768253326	3623.4243653	1790278627277.773
sub-10383	ses-1	run-01	0	95	14	5	8	23	14	21	14	21	left	right	1	460.32599999989543	True	False	loss	32	244.87176537513733	3265.9974508	1790278269841.6614	245.1763608455658	3266.3018609	1790278270146.2568	245.6366868455657	3266.7621869	1790278270606.5828	3267.0160359	246.47601222991943	3267.6014458	1790278271445.9082	3267.6014458	581.9470854002017	300.0	0.0	3021.1366595	1790278024969.896	602.3078768253326	3623.4243653	1790278627277.773
sub-10383	ses-1	run-01	0	96	14	5	9	23	14	21	21	14	right	left	1	420.7157000000734	True	True	win	31	247.47910165786743	3268.6043984	1790278272448.9978	247.78334546089172	3268.9094372	1790278272753.2415	248.2040611608918	3269.3301529	1790278273173.9573	3269.5827692	248.96323442459106	3270.0889777	1790278273933.1306	3270.0889777	502.6765946753311	300.0	0.0	3021.1366595	1790278024969.896	602.3078768253326	3623.4243653	1790278627277.773
sub-10383	ses-1	run-01	0	97	14	5	10	23	14	21	21	14	right	left	1	423.1916999997338	True	True	win	31	249.96544528007507	3271.0904931	1790278274935.3413	250.26950907707214	3271.3949289	1790278275239.4053	250.69270077707188	3271.8181206	1790278275662.597	3272.0737881	251.5979447364807	3272.7235363	1790278276567.8408	3272.7235363	646.1421018844106	300.0	0.0	3021.1366595	1790278024969.896	602.3078768253326	3623.4243653	1790278627277.773
sub-10383	ses-1	run-01	0	98	14	5	11	23	14	21	21	14	right	left	1	396.6346999995949	True	True	win	31	252.6000897884369	3273.7249038	1790278277569.9858	252.9044668674469	3274.0294582	1790278277874.363	253.3011015674465	3274.4260928999997	1790278278270.9978	3274.6781042	254.1928117275238	3275.3184317	1790278279162.7078	3275.3184317	636.4288807972072	300.0	0.0	3021.1366595	1790278024969.896	602.3078768253326	3623.4243653	1790278627277.773
sub-10383	ses-1	run-01	0	99	14	5	12	23	14	21	21	14	right	left	1	489.5824000000175	True	True	win	31	255.19507884979248	3276.3198366	1790278280164.9749	255.49968361854553	3276.6245635	1790278280469.5796	255.98926601854555	3277.1141459	1790278280959.162	3277.3684477	256.7554762363434	3277.8802547	1790278281725.3723	3277.8802547	507.74397872211597	300.0	0.0	3021.1366595	1790278024969.896	602.3078768253326	3623.4243653	1790278627277.773
sub-10383	ses-1	run-01	0	100	14	5	13	23	14	21	21	14	right	left	1	407.72770000012315	True	True	win	31	257.7570164203644	3278.8824001	1790278282726.9126	258.06111907958984	3279.1864958	1790278283031.0151	258.46884677958997	3279.5942235	1790278283438.743	3279.8503141	259.28110122680664	3280.4060629	1790278284250.9973	3280.4060629	551.8322514090577	300.0	0.0	3021.1366595	1790278024969.896	602.3078768253326	3623.4243653	1790278627277.773
sub-10383	ses-1	run-01	0	101	14	5	14	23	14	21	14	21	left	right	1	633.8500000001659	True	True	win	31	260.28352403640747	3281.4078516	1790278285253.4202	260.5875074863434	3281.7123071	1790278285557.4036	261.22135748634355	3282.3461571000003	1790278286191.2537	3282.6024417	261.99152421951294	3283.1159261	1790278286961.4204	3283.1159261	509.0538122258411	300.0	0.0	3021.1366595	1790278024969.896	602.3078768253326	3623.4243653	1790278627277.773
sub-10383	ses-1	run-01	0	102	14	5	15	23	14	21	14	21	left	right	1	556.9242000001395	True	True	win	31	262.9924433231354	3284.1172427	1790278287962.3394	263.29703402519226	3284.4213827	1790278288266.9302	263.8539582251924	3284.9783069	1790278288823.8545	3285.2313475	264.64599323272705	3285.7700091	1790278289615.8894	3285.7700091	534.2214242649404	300.0	0.0	3021.1366595	1790278024969.896	602.3078768253326	3623.4243653	1790278627277.773
sub-10383	ses-1	run-01	0	103	14	5	16	23	14	21	14	21	left	right	1	421.7555000000175	True	False	loss	32	265.64818835258484	3286.7721712	1790278290618.0845	265.9523537158966	3287.0763841	1790278290922.2498	266.3741092158966	3287.4981396	1790278291344.0054	3287.751017	267.295015335083	3288.4193939	1790278292264.9114	3288.4193939	664.9554266746419	300.0	0.0	3021.1366595	1790278024969.896	602.3078768253326	3623.4243653	1790278627277.773
sub-10383	ses-1	run-01	0	104	14	5	17	23	14	21	14	21	left	right	1	493.85750000010376	True	True	win	31	268.29651951789856	3289.4206581	1790278293266.4155	268.60023045539856	3289.7243246	1790278293570.1265	269.09408795539866	3290.2181821	1790278294063.984	3290.4733956	270.02800846099854	3291.1518309	1790278294997.9045	3291.1518309	674.7732337293363	300.0	0.0	3021.1366595	1790278024969.896	602.3078768253326	3623.4243653	1790278627277.773
sub-10383	ses-1	run-01	0	105	14	5	18	23	14	21	14	21	left	right	1	375.7261999999173	True	True	win	31	271.0307466983795	3292.1544189	1790278296000.6428	271.33492732048035	3292.4586132	1790278296304.8235	271.71065352048026	3292.8343394	1790278296680.5498	3293.0878303	272.64006781578064	3293.7644468	1790278297609.9639	3293.7644468	672.1545579605336	300.0	0.0	3021.1366595	1790278024969.896	602.3078768253326	3623.4243653	1790278627277.773
sub-10383	ses-1	run-01	0	106	14	5	19	23	14	21	21	14	right	left	1	418.9151000000493	True	True	win	31	273.6430296897888	3294.766667	1790278298612.9258	273.94764161109924	3295.0712406	1790278298917.5376	274.3665567110993	3295.4901557	1790278299336.4526	3295.7454053	275.2086238861084	3296.332078	1790278300178.52	3296.332078	582.779144300064	300.0	0.0	3021.1366595	1790278024969.896	602.3078768253326	3623.4243653	1790278627277.773
sub-10383	ses-1	run-01	0	107	14	5	20	23	14	21	14	21	left	right	1	316.4382999998452	True	True	win	31	276.20994329452515	3297.3336663	1790278301179.8394	276.514347076416	3297.6377081	1790278301484.2432	276.83078537641586	3297.9541464	1790278301800.6814	3298.2062887	277.75543093681335	3298.8785193	1790278302725.327	3298.8785193	668.2101903391501	300.0	0.0	3021.1366595	1790278024969.896	602.3078768253326	3623.4243653	1790278627277.773
sub-10383	ses-1	run-01	0	108	14	5	21	23	14	21	21	14	right	left	1	401.48450000015146	True	True	win	31	278.75728368759155	3299.8804316	1790278303727.1797	279.0615224838257	3300.184855	1790278304031.4185	279.46300698382584	3300.5863395	1790278304432.903	3300.8396907	280.36065912246704	3301.4843113	1790278305330.5552	3301.4843113	640.4197273804019	300.0	0.0	3021.1366595	1790278024969.896	602.3078768253326	3623.4243653	1790278627277.773
sub-10383	ses-1	run-01	0	109	14	5	22	23	14	21	21	14	right	left	2	267.53740000003745	False	True	win	31	281.3630862236023	3302.4859623	1790278306332.9824	281.6677243709564	3302.7907285	1790278306637.6204	281.93526177095646	3303.0582659	1790278306905.1577	3303.3129178	282.7598385810852	3303.882698	1790278307729.7346	3303.882698	565.4614876897787	300.0	0.0	3021.1366595	1790278024969.896	602.3078768253326	3623.4243653	1790278627277.773
sub-10383	ses-1	run-01	0	110	21	6	0	20	14	21	21	14	right	left	1	332.45080000006055	False	False	loss	32	283.7606797218323	3304.8843698	1790278308730.5757	284.0659341812134	3305.189557	1790278309035.8303	284.39838498121344	3305.5220078	1790278309368.281	3305.7776718	285.26523661613464	3306.3879454	1790278310235.1328	3306.3879454	606.637293403047	300.0	0.0	3021.1366595	1790278024969.896	602.3078768253326	3623.4243653	1790278627277.773
sub-10383	ses-1	run-01	0	111	21	6	1	20	14	21	14	21	left	right	1	420.23650000010093	False	False	loss	32	286.26684832572937	3307.3893728	1790278311236.7444	286.57131028175354	3307.6939835	1790278311541.2063	286.99154678175364	3308.11422	1790278311961.4429	3308.3683874	287.8837397098541	3309.0068861	1790278312853.6357	3309.0068861	634.0187233036461	300.0	0.0	3021.1366595	1790278024969.896	602.3078768253326	3623.4243653	1790278627277.773
sub-10383	ses-1	run-01	0	112	21	6	2	20	14	21	21	14	right	left	2	416.93480000003547	True	True	win	31	288.88519763946533	3310.008477	1790278313855.0938	289.1898558139801	3310.3132023	1790278314159.752	289.60679061398014	3310.7301371	1790278314576.6868	3310.9867932	290.50473713874817	3311.6270323	1790278315474.6333	3311.6270323	636.8622790193834	300.0	0.0	3021.1366595	1790278024969.896	602.3078768253326	3623.4243653	1790278627277.773
sub-10383	ses-1	run-01	0	113	21	6	3	20	14	21	21	14	right	left	2	604.6913999998651	True	True	win	31	291.5073895454407	3312.6295083	1790278316477.2856	291.81072068214417	3312.9333724	1790278316780.6167	292.41541208214403	3313.5380637999997	1790278317385.308	3313.793543	293.37371945381165	3314.4957885	1790278318343.6155	3314.4957885	698.5694261493522	300.0	0.0	3021.1366595	1790278024969.896	602.3078768253326	3623.4243653	1790278627277.773
sub-10383	ses-1	run-01	0	114	21	6	4	20	14	21	14	21	left	right	2	520.5307999999604	True	True	win	31	294.374853849411	3315.4974945	1790278319344.75	294.6794602870941	3315.8015812	1790278319649.3564	295.1999910870941	3316.322112	1790278320169.8872	3316.5759556	296.10149693489075	3317.2240249	1790278321071.393	3317.2240249	643.6056092302437	300.0	0.0	3021.1366595	1790278024969.896	602.3078768253326	3623.4243653	1790278627277.773
sub-10383	ses-1	run-01	0	115	21	6	5	20	14	21	14	21	left	right	2	423.11560000007375	True	True	win	31	297.10451078414917	3318.2263064	1790278322074.407	297.40920901298523	3318.5309995	1790278322379.105	297.8323246129853	3318.9541151	1790278322802.2205	3319.2096064	298.6771333217621	3319.798949	1790278323647.0293	3319.798949	585.0322140315079	300.0	0.0	3021.1366595	1790278024969.896	602.3078768253326	3623.4243653	1790278627277.773
sub-10383	ses-1	run-01	0	116	21	6	6	20	14	21	21	14	right	left	2	400.50539999992907	True	False	loss	32	299.6795608997345	3320.8013784	1790278324649.457	299.9839200973511	3321.1057125	1790278324953.8162	300.384425497351	3321.5062179	1790278325354.3215	3321.760403	301.301078081131	3322.4226715	1790278326270.974	3322.4226715	658.26007084444	300.0	0.0	3021.1366595	1790278024969.896	602.3078768253326	3623.4243653	1790278627277.773
sub-10383	ses-1	run-01	0	117	21	6	7	20	14	21	14	21	left	right	2	329.08539999971254	True	True	win	31	302.3035044670105	3323.4249379	1790278327273.4006	302.6076319217682	3323.7290732	1790278327577.528	302.9367173217679	3324.0581586	1790278327906.6135	3324.3124812	303.8118245601654	3324.9339938	1790278328781.7207	3324.9339938	618.732335978708	300.0	0.0	3021.1366595	1790278024969.896	602.3078768253326	3623.4243653	1790278627277.773
sub-10383	ses-1	run-01	0	118	21	6	8	20	14	21	14	21	left	right	2	330.0285000000258	True	False	loss	32	304.81425857543945	3325.9355647	1790278329784.1545	305.1188838481903	3326.2401236	1790278330088.78	305.44891234819033	3326.5701521	1790278330418.8086	3326.8232862	306.36898279190063	3327.4909168	1790278331338.879	3327.4909168	664.4853148263836	300.0	0.0	3021.1366595	1790278024969.896	602.3078768253326	3623.4243653	1790278627277.773
sub-10383	ses-1	run-01	0	119	21	6	9	20	14	21	21	14	right	left	1	373.4025000003385	False	False	loss	32	307.3716039657593	3328.4927	1790278332341.5	307.67550444602966	3328.7966482	1790278332645.4006	308.04890694603	3329.1700507000005	1790278333018.8032	3329.4250605	308.8591022491455	3329.980209	1790278333828.9983	3329.980209	551.1836368214861	300.0	0.0	3021.1366595	1790278024969.896	602.3078768253326	3623.4243653	1790278627277.773
sub-10383	ses-1	run-01	0	120	21	6	10	20	14	21	14	21	left	right	1	491.37530000007246	False	False	loss	32	309.8603079319	3330.9821135	1790278334830.204	310.16577219963074	3331.2866803	1790278335135.6682	310.6571474996308	3331.7780556000002	1790278335627.0435	3332.0314576	311.50407886505127	3332.6256744	1790278336473.9749	3332.6256744	590.1095518916276	300.0	0.0	3021.1366595	1790278024969.896	602.3078768253326	3623.4243653	1790278627277.773
sub-10383	ses-1	run-01	0	121	21	6	11	20	14	21	14	21	left	right	1	582.5089999998454	False	False	loss	32	312.5063352584839	3333.6271103	1790278337476.2314	312.81002974510193	3333.9315795	1790278337779.9258	313.3925387451018	3334.5140885	1790278338362.4348	3334.7704048	314.2292342185974	3335.3505174	1790278339199.1304	3335.3505174	576.5029812806501	300.0	0.0	3021.1366595	1790278024969.896	602.3078768253326	3623.4243653	1790278627277.773
sub-10383	ses-1	run-01	0	122	21	6	12	20	14	21	14	21	left	right	2	329.6931999998378	True	True	win	31	315.23150420188904	3336.3520994	1790278340201.4004	315.53573203086853	3336.656373	1790278340505.6282	315.86542523086837	3336.9860661999996	1790278340835.3213	3337.240021	316.76990246772766	3337.8904903	1790278341739.7986	3337.8904903	646.7165814822721	300.0	0.0	3021.1366595	1790278024969.896	602.3078768253326	3623.4243653	1790278627277.773
sub-10383	ses-1	run-01	0	123	21	6	13	20	14	21	21	14	right	left	2	477.74500000014086	True	True	win	31	317.7721321582794	3338.8924673	1790278342742.0283	318.07591700553894	3339.1963424	1790278343045.813	318.5536620055391	3339.6740874	1790278343523.558	3339.9304213	319.3579957485199	3340.4790291	1790278344327.8918	3340.4790291	544.5451088634109	300.0	0.0	3021.1366595	1790278024969.896	602.3078768253326	3623.4243653	1790278627277.773
sub-10383	ses-1	run-01	0	124	21	6	14	20	14	21	21	14	right	left	2	562.3319000001175	True	True	win	31	320.3588056564331	3341.479768	1790278345328.7017	320.6634554862976	3341.7837395	1790278345633.3516	321.2257873862977	3342.3460714000003	1790278346195.6833	3342.60314	322.0526032447815	3343.173427	1790278347022.4993	3343.173427	566.5890234794116	300.0	0.0	3021.1366595	1790278024969.896	602.3078768253326	3623.4243653	1790278627277.773
sub-10383	ses-1	run-01	0	125	21	6	15	20	14	21	21	14	right	left	2	435.30909999981304	True	True	win	31	323.05463004112244	3344.1746416	1790278348024.5261	323.3578734397888	3344.4787817	1790278348327.7695	323.79318253978863	3344.9140908	1790278348763.0786	3345.167591	324.6669957637787	3345.7870532	1790278349636.8918	3345.7870532	615.0060701157992	300.0	0.0	3021.1366595	1790278024969.896	602.3078768253326	3623.4243653	1790278627277.773
sub-10383	ses-1	run-01	0	126	21	6	16	20	14	21	14	21	left	right	2	380.82340000028125	True	True	win	31	325.6679210662842	3346.7885956	1790278350637.8171	325.973420381546	3347.0933218	1790278350943.3164	326.3542437815463	3347.4741452000003	1790278351324.14	3347.72746	327.1338303089142	3348.2542386	1790278352103.7263	3348.2542386	523.1184790431865	300.0	0.0	3021.1366595	1790278024969.896	602.3078768253326	3623.4243653	1790278627277.773
sub-10383	ses-1	run-01	0	127	21	6	17	20	14	21	21	14	right	left	2	577.7840000000651	True	True	win	31	328.13528060913086	3349.2558525	1790278353105.1768	328.439884185791	3349.560394	1790278353409.7803	329.0176681857911	3350.138178	1790278353987.5642	3350.3946189	329.84099221229553	3350.9613875	1790278354810.8882	3350.9613875	562.8719616851869	300.0	0.0	3021.1366595	1790278024969.896	602.3078768253326	3623.4243653	1790278627277.773
sub-10383	ses-1	run-01	0	128	21	6	18	20	14	21	14	21	left	right	2	294.62229999990086	True	False	loss	32	330.8440384864807	3351.9636549	1790278355813.9346	331.14791989326477	3352.2674441	1790278356117.816	331.44254219326467	3352.5620664	1790278356412.4382	3352.8155597	332.3939745426178	3353.5134085	1790278357363.8706	3353.5134085	694.4137761757261	300.0	0.0	3021.1366595	1790278024969.896	602.3078768253326	3623.4243653	1790278627277.773
sub-10383	ses-1	run-01	0	129	21	6	19	20	14	21	21	14	right	left	2	350.7110999998986	True	True	win	31	333.39549016952515	3354.5152884	1790278358365.3862	333.69994950294495	3354.8193546	1790278358669.8457	334.05066060294484	3355.1700657	1790278359020.557	3355.4228944	334.93255400657654	3356.0518088	1790278359902.4502	3356.0518088	625.1630794834615	300.0	0.0	3021.1366595	1790278024969.896	602.3078768253326	3623.4243653	1790278627277.773
sub-10383	ses-1	run-01	0	130	14	7	0	23	14	21	21	14	right	left	2	403.63269999988916	False	False	loss	32	335.9348933696747	3357.0540091	1790278360904.7896	336.23948097229004	3357.3585185	1790278361209.377	336.6431136722899	3357.7621512	1790278361613.0098	3358.0162212	337.51091265678406	3358.6302986	1790278362480.8088	3358.6302986	610.345609324791	300.0	0.0	3021.1366595	1790278024969.896	602.3078768253326	3623.4243653	1790278627277.773
sub-10383	ses-1	run-01	0	131	14	7	1	23	14	21	14	21	left	right	1	425.8882999997695	True	True	win	31	338.513046503067	3359.6321132	1790278363482.9426	338.816663980484	3359.9360607	1790278363786.56	339.2425522804838	3360.3619489999996	1790278364212.4482	3360.6140522	340.03238224983215	3361.1513587	1790278365002.2783	3361.1513587	533.4703146183039	300.0	0.0	3021.1366595	1790278024969.896	602.3078768253326	3623.4243653	1790278627277.773
sub-10383	ses-1	run-01	0	132	14	7	2	23	14	21	21	14	right	left	1	320.8244000002196	True	True	win	31	341.0336072444916	3362.1532893	1790278366003.5034	341.3377079963684	3362.4571031	1790278366307.604	341.6585323963686	3362.7779275000003	1790278366628.4285	3363.0299874	342.4514033794403	3363.5702134	1790278367421.2996	3363.5702134	535.0461855994064	300.0	0.0	3021.1366595	1790278024969.896	602.3078768253326	3623.4243653	1790278627277.773
sub-10383	ses-1	run-01	0	133	14	7	3	23	14	21	21	14	right	left	1	445.4534000001331	True	True	win	31	343.4538223743439	3364.5723662	1790278368423.7185	343.75846767425537	3364.8772686	1790278368728.3638	344.2039210742555	3365.3227220000003	1790278369173.8171	3365.5757253	345.1029953956604	3366.2221901	1790278370072.8914	3366.2221901	642.3538145104948	300.0	0.0	3021.1366595	1790278024969.896	602.3078768253326	3623.4243653	1790278627277.773
sub-10383	ses-1	run-01	0	134	14	7	4	23	14	21	14	21	left	right	1	314.7868999999446	True	True	win	31	346.10481905937195	3367.2233621	1790278371074.715	346.4088509082794	3367.5273673	1790278371378.747	346.72363780827936	3367.8421542	1790278371693.534	3368.0952656	347.5930914878845	3368.711536	1790278372562.9875	3368.711536	612.8139240296302	300.0	0.0	3021.1366595	1790278024969.896	602.3078768253326	3623.4243653	1790278627277.773
sub-10383	ses-1	run-01	0	135	14	7	5	23	14	21	21	14	right	left	1	335.6413999999859	True	True	win	31	348.59556674957275	3369.7137956	1790278373565.463	348.89990401268005	3370.0182358	1790278373869.8	349.23554541268004	3370.3538772	1790278374205.4414	3370.6072456	350.0733642578125	3371.1924017	1790278375043.2603	3371.1924017	581.4305169831033	300.0	0.0	3021.1366595	1790278024969.896	602.3078768253326	3623.4243653	1790278627277.773
sub-10383	ses-1	run-01	0	136	14	7	6	23	14	21	14	21	left	right	1	294.21440000032817	True	True	win	31	351.076988697052	3372.1950729	1790278376046.8848	351.3814651966095	3372.4998114	1790278376351.3613	351.6756795966098	3372.7940258000003	1790278376645.5757	3373.0478155	352.52349042892456	3373.6422121	1790278377493.3865	3373.6422121	590.4840035480383	300.0	0.0	3021.1366595	1790278024969.896	602.3078768253326	3623.4243653	1790278627277.773
sub-10383	ses-1	run-01	0	137	14	7	7	23	14	21	14	21	left	right	1	502.1566000000348	True	False	loss	32	353.5254406929016	3374.6438755	1790278378495.3367	353.829208612442	3374.9478277	1790278378799.1047	354.33136521244205	3375.4499843	1790278379301.2612	3375.7070756	355.2652921676636	3376.3831948	1790278380235.1882	3376.3831948	672.8501338373969	300.0	0.0	3021.1366595	1790278024969.896	602.3078768253326	3623.4243653	1790278627277.773
sub-10383	ses-1	run-01	0	138	14	7	8	23	14	21	14	21	left	right	1	345.0185000001511	True	True	win	31	356.2668333053589	3377.3847369	1790278381236.7295	356.57110381126404	3377.6889278	1790278381541.0	356.9161223112642	3378.0339463	1790278381886.0186	3378.2875378	357.81312441825867	3378.9308459	1790278382783.0205	3378.9308459	639.0533371597893	300.0	0.0	3021.1366595	1790278024969.896	602.3078768253326	3623.4243653	1790278627277.773
sub-10383	ses-1	run-01	0	139	14	7	9	23	14	21	21	14	right	left	1	484.411800000089	True	True	win	31	358.81547355651855	3379.9334982	1790278383785.3696	359.12009954452515	3380.2377714	1790278384089.9956	359.60451134452524	3380.7221832	1790278384574.4075	3380.9769465	360.39427971839905	3381.5119132	1790278385364.1758	3381.5119132	530.6729958142132	300.0	0.0	3021.1366595	1790278024969.896	602.3078768253326	3623.4243653	1790278627277.773
sub-10383	ses-1	run-01	0	140	14	7	10	23	14	21	21	14	right	left	1	455.66680000001725	True	True	win	31	361.3967378139496	3382.5140185	1790278386366.6338	361.70102095603943	3382.818363	1790278386670.917	362.15668775603945	3383.2740298	1790278387126.5837	3383.5277608	363.09996795654297	3384.2173096	1790278388069.864	3384.2173096	685.2788071667313	300.0	0.0	3021.1366595	1790278024969.896	602.3078768253326	3623.4243653	1790278627277.773
sub-10383	ses-1	run-01	0	141	14	7	11	23	14	21	14	21	left	right	1	381.9421999996848	True	True	win	31	364.10163617134094	3385.2194667	1790278389071.5322	364.4067852497101	3385.5240406	1790278389376.6814	364.78872744970977	3385.9059827999995	1790278389758.6235	3386.162609	365.7165861129761	3386.8337636	1790278390686.4822	3386.8337636	666.6409144727565	300.0	0.0	3021.1366595	1790278024969.896	602.3078768253326	3623.4243653	1790278627277.773
sub-10383	ses-1	run-01	0	142	14	7	12	23	14	21	21	14	right	left	1	286.2943999998606	True	False	loss	32	366.71725034713745	3387.8350436	1790278391687.1465	367.0221254825592	3388.1398089	1790278391992.0215	367.30841988255906	3388.4261033	1790278392278.316	3388.6778295	368.10645365715027	3389.2235816	1790278393076.3499	3389.2235816	542.1244517884286	300.0	0.0	3021.1366595	1790278024969.896	602.3078768253326	3623.4243653	1790278627277.773
sub-10383	ses-1	run-01	0	143	14	7	13	23	14	21	14	21	left	right	1	312.205300000187	True	True	win	31	369.1075131893158	3390.2252496	1790278394077.4092	369.41311049461365	3390.5299884	1790278394383.0066	369.72531579461383	3390.8421937000003	1790278394695.212	3391.0978045	370.51597714424133	3391.632805	1790278395485.8733	3391.632805	531.1413652248716	300.0	0.0	3021.1366595	1790278024969.896	602.3078768253326	3623.4243653	1790278627277.773
sub-10383	ses-1	run-01	0	144	14	7	14	23	14	21	21	14	right	left	1	271.35889999999563	True	True	win	31	371.5176522731781	3392.6342715	1790278396487.5483	371.8220019340515	3392.9386825	1790278396791.898	372.0933608340515	3393.2100414	1790278397063.2568	3393.4675518	373.00725865364075	3394.123904	1790278397977.1548	3394.123904	652.5823117588968	300.0	0.0	3021.1366595	1790278024969.896	602.3078768253326	3623.4243653	1790278627277.773
sub-10383	ses-1	run-01	0	145	14	7	15	23	14	21	14	21	left	right	1	291.6794000002483	True	True	win	31	374.0091938972473	3395.1260439	1790278398979.09	374.3131513595581	3395.4303005	1790278399283.0474	374.60483075955835	3395.7219799000004	1790278399574.7268	3395.9790649	375.3873016834259	3396.5045251	1790278400357.1978	3396.5045251	521.9740583510276	300.0	0.0	3021.1366595	1790278024969.896	602.3078768253326	3623.4243653	1790278627277.773
sub-10383	ses-1	run-01	0	146	14	7	16	23	14	21	21	14	right	left	1	359.5181999999113	True	False	loss	32	376.38970589637756	3397.5059948	1790278401359.602	376.69365525245667	3397.8106098	1790278401663.5513	377.0531734524566	3398.1701279999997	1790278402023.0696	3398.4251291	377.9984977245331	3399.1154327	1790278402968.3938	3399.1154327	686.7208817611412	300.0	0.0	3021.1366595	1790278024969.896	602.3078768253326	3623.4243653	1790278627277.773
sub-10383	ses-1	run-01	0	147	14	7	17	23	14	21	21	14	right	left	2	277.4270999998407	False	True	win	31	378.99943256378174	3400.1164511	1790278403969.3286	379.30423498153687	3400.4205042	1790278404274.131	379.5816620815367	3400.6979312999997	1790278404551.558	3400.9541559	380.3684697151184	3401.4846783	1790278405338.3657	3401.4846783	526.5657875839046	300.0	0.0	3021.1366595	1790278024969.896	602.3078768253326	3623.4243653	1790278627277.773
sub-10383	ses-1	run-01	0	148	14	7	18	23	14	21	14	21	left	right	1	403.77159999979995	True	True	win	31	381.3695821762085	3402.4861677	1790278406339.4783	381.6734483242035	3402.7902524	1790278406643.3445	382.0772199242033	3403.194024	1790278407047.116	3403.4496522	382.8794710636139	3403.996092	1790278407849.3672	3403.996092	542.5174671655877	300.0	0.0	3021.1366595	1790278024969.896	602.3078768253326	3623.4243653	1790278627277.773
sub-10383	ses-1	run-01	0	149	14	7	19	23	14	21	21	14	right	left	1	452.30899999978647	True	True	win	31	383.88164138793945	3404.9975873	1790278408851.5374	384.1856896877289	3405.301756	1790278409155.5857	384.63799868772867	3405.7540649999996	1790278409607.8948	3406.010276	385.5559504032135	3406.6725786	1790278410525.8464	3406.6725786	658.7195328896927	300.0	0.0	3021.1366595	1790278024969.896	602.3078768253326	3623.4243653	1790278627277.773
sub-10383	ses-1	run-01	0	150	14	7	20	23	14	21	21	14	right	left	1	407.7793000001293	True	True	win	31	386.55783224105835	3407.6740766	1790278411527.7283	386.8620684146881	3407.9781503	1790278411831.9646	387.26984771468824	3408.3859296	1790278412239.744	3408.642514	388.0306751728058	3409.1474505	1790278413000.5713	3409.1474505	500.16190580841715	300.0	0.0	3021.1366595	1790278024969.896	602.3078768253326	3623.4243653	1790278627277.773
sub-10383	ses-1	run-01	0	151	14	7	21	23	14	21	21	14	right	left	1	348.6898999999539	True	True	win	31	389.0328869819641	3410.1488423	1790278414002.783	389.3372995853424	3410.4533601	1790278414307.1956	389.68598948534236	3410.80205	1790278414655.8855	3411.0571373	390.554087638855	3411.6700864	1790278415523.9836	3411.6700864	608.9237618013804	300.0	0.0	3021.1366595	1790278024969.896	602.3078768253326	3623.4243653	1790278627277.773
sub-10383	ses-1	run-01	0	152	14	7	22	23	14	21	14	21	left	right	1	321.1759999999231	True	False	loss	32	391.55662512779236	3412.6726274	1790278416526.5212	391.8612585067749	3412.9771784	1790278416831.1545	392.1824345067748	3413.2983544	1790278417152.3306	3413.5504027	392.98554706573486	3414.1014626	1790278417955.443	3414.1014626	546.8405101127256	300.0	0.0	3021.1366595	1790278024969.896	602.3078768253326	3623.4243653	1790278627277.773
sub-10383	ses-1	run-01	0	153	21	8	0	22	14	21	21	14	right	left	1	313.7605000001713	False	False	loss	32	393.98796582221985	3415.1038717	1790278418957.8618	394.2920367717743	3415.4081252	1790278419261.9329	394.60579727177446	3415.7218857000003	1790278419575.6934	3415.9760755	395.4870448112488	3416.6030995	1790278420456.941	3416.6030995	622.5543996075813	300.0	0.0	3021.1366595	1790278024969.896	602.3078768253326	3623.4243653	1790278627277.773
sub-10383	ses-1	run-01	0	154	21	8	1	22	14	21	21	14	right	left	2	309.737000000041	True	True	win	31	396.4878599643707	3417.6047165	1790278421457.756	396.7921099662781	3417.9082331	1790278421762.006	397.1018469662781	3418.2179701	1790278422071.7432	3418.471997	397.93586254119873	3419.0521947	1790278422905.7585	3419.0521947	575.4478429906529	300.0	0.0	3021.1366595	1790278024969.896	602.3078768253326	3623.4243653	1790278627277.773
sub-10383	ses-1	run-01	0	155	21	8	2	22	14	21	14	21	left	right	2	354.7515000000203	True	True	win	31	398.93859457969666	3420.0546578	1790278423908.4907	399.2431981563568	3420.3593782	1790278424213.0942	399.59794965635683	3420.7141297	1790278424567.8457	3420.9684052	400.555118560791	3421.6710455	1790278425525.0146	3421.6710455	698.7615165422394	300.0	0.0	3021.1366595	1790278024969.896	602.3078768253326	3623.4243653	1790278627277.773
sub-10383	ses-1	run-01	0	156	21	8	3	22	14	21	14	21	left	right	2	384.23269999975673	True	True	win	31	401.5573241710663	3422.6732667	1790278426527.2202	401.8615553379059	3422.9776567	1790278426831.4514	402.24578803790564	3423.3618893999997	1790278427215.684	3423.6167116	403.0573146343231	3424.1733439	1790278428027.2107	3424.1733439	552.988173564702	300.0	0.0	3021.1366595	1790278024969.896	602.3078768253326	3623.4243653	1790278627277.773
sub-10383	ses-1	run-01	0	157	21	8	4	22	14	21	14	21	left	right	2	330.79570000018066	True	False	loss	32	404.05910754203796	3425.175033	1790278429029.0037	404.36281991004944	3425.4792804	1790278429332.716	404.6936156100496	3425.8100761	1790278429663.5117	3426.062704	405.4527041912079	3426.5687984	1790278430422.6003	3426.5687984	502.1093086260401	300.0	0.0	3021.1366595	1790278024969.896	602.3078768253326	3623.4243653	1790278627277.773
sub-10383	ses-1	run-01	0	158	21	8	5	22	14	21	21	14	right	left	2	334.958099999767	True	True	win	31	406.45340871810913	3427.5702918	1790278431423.3047	406.7582287788391	3427.8750939	1790278431728.1248	407.0931868788389	3428.210052	1790278432063.0828	3428.4633284	407.8561885356903	3428.9728978	1790278432826.0847	3428.9728978	505.51952995377957	300.0	0.0	3021.1366595	1790278024969.896	602.3078768253326	3623.4243653	1790278627277.773
sub-10383	ses-1	run-01	0	159	21	8	6	22	14	21	14	21	left	right	2	347.2148000000743	True	True	win	31	408.85807633399963	3429.9740875	1790278433827.9724	409.1627459526062	3430.2787329	1790278434132.642	409.5099607526063	3430.6259477	1790278434479.857	3430.8818862	410.4038248062134	3431.5199627	1790278435373.721	3431.5199627	634.3003754614629	300.0	0.0	3021.1366595	1790278024969.896	602.3078768253326	3623.4243653	1790278627277.773
sub-10383	ses-1	run-01	0	160	21	8	7	22	14	21	21	14	right	left	2	248.08690000008937	True	False	loss	32	411.405987739563	3432.5219943	1790278436375.8838	411.7098066806793	3432.825922	1790278436679.7026	411.9578935806794	3433.0740089	1790278436927.7896	3433.3286888	412.8955638408661	3434.0116391	1790278437865.46	3434.0116391	678.2017044880408	300.0	0.0	3021.1366595	1790278024969.896	602.3078768253326	3623.4243653	1790278627277.773
sub-10383	ses-1	run-01	0	161	21	8	8	22	14	21	21	14	right	left	1	291.4976000001843	False	False	loss	32	413.89782905578613	3435.0139999	1790278438867.725	414.20243740081787	3435.3185171	1790278439172.3335	414.49393500081806	3435.6100147	1790278439463.831	3435.86723	415.3154397010803	3436.4314306	1790278440285.3357	3436.4314306	560.1796587783658	300.0	0.0	3021.1366595	1790278024969.896	602.3078768253326	3623.4243653	1790278627277.773
sub-10383	ses-1	run-01	0	162	21	8	9	22	14	21	21	14	right	left	1	464.6726999999373	False	False	loss	32	416.31687116622925	3437.4334457	1790278441286.7673	416.6210763454437	3437.7372596	1790278441590.9724	417.08574904544366	3438.2019323	1790278442055.645	3438.4569822	417.8973662853241	3439.0135327	1790278442867.2625	3439.0135327	553.4243024084968	300.0	0.0	3021.1366595	1790278024969.896	602.3078768253326	3623.4243653	1790278627277.773
sub-10383	ses-1	run-01	0	163	21	8	10	22	14	21	21	14	right	left	2	466.63719999969544	True	True	win	31	418.8985495567322	3440.0145897	1790278443868.4456	419.203248500824	3440.3192902	1790278444173.1445	419.66988570082367	3440.7859273999998	1790278444639.7817	3441.0379964	420.5854024887085	3441.7023286	1790278445555.2986	3441.7023286	660.2083975662854	300.0	0.0	3021.1366595	1790278024969.896	602.3078768253326	3623.4243653	1790278627277.773
sub-10383	ses-1	run-01	0	164	21	8	11	22	14	21	14	21	left	right	2	288.41400000010253	True	True	win	31	421.58879923820496	3442.7050306	1790278446558.6953	421.8934066295624	3443.0095905	1790278446863.3027	422.1818206295625	3443.2980045	1790278447151.7168	3443.5524711	423.02302384376526	3444.1392236	1790278447992.92	3444.1392236	583.6249705127753	300.0	0.0	3021.1366595	1790278024969.896	602.3078768253326	3623.4243653	1790278627277.773
sub-10383	ses-1	run-01	0	165	21	8	12	22	14	21	21	14	right	left	2	348.28639999977895	True	True	win	31	424.02424025535583	3445.1409793	1790278448994.1362	424.3292329311371	3445.4457705	1790278449299.129	424.67751933113686	3445.7940568999998	1790278449647.4153	3446.0491899	425.62998843193054	3446.746654	1790278450599.8845	3446.746654	693.7557718921348	300.0	0.0	3021.1366595	1790278024969.896	602.3078768253326	3623.4243653	1790278627277.773
sub-10383	ses-1	run-01	0	166	21	8	13	22	14	21	21	14	right	left	2	411.50259999994887	True	True	win	31	426.63336539268494	3447.74962	1790278451603.2615	426.9383292198181	3448.0544368	1790278451908.2253	427.34983181981806	3448.4659394	1790278452319.728	3448.7183624	428.2704575061798	3449.3865417	1790278453240.3535	3449.3865417	664.4529198099481	300.0	0.0	3021.1366595	1790278024969.896	602.3078768253326	3623.4243653	1790278627277.773
sub-10383	ses-1	run-01	0	167	21	8	14	22	14	21	14	21	left	right	2	268.6297000000195	True	False	loss	32	429.2719051837921	3450.3881803	1790278454241.8013	429.5771152973175	3450.6932379	1790278454547.0115	429.8457449973175	3450.9618676	1790278454815.641	3451.2168951	430.63873410224915	3451.7548721	1790278455608.6301	3451.7548721	534.9351829370938	300.0	0.0	3021.1366595	1790278024969.896	602.3078768253326	3623.4243653	1790278627277.773
sub-10383	ses-1	run-01	0	168	21	8	15	22	14	21	14	21	left	right	2	444.6023000000423	True	True	win	31	431.64070677757263	3452.7566596	1790278456610.6028	431.9444773197174	3453.0613546	1790278456914.3733	432.38907961971745	3453.5059569	1790278457358.9756	3453.7601046	433.3039057254791	3454.4205775	1790278458273.8018	3454.4205775	656.6228748835507	300.0	0.0	3021.1366595	1790278024969.896	602.3078768253326	3623.4243653	1790278627277.773
sub-10383	ses-1	run-01	0	169	21	8	16	22	14	21	14	21	left	right	2	418.96189999988565	True	True	win	31	434.3061923980713	3455.4222866	1790278459276.0884	434.61079144477844	3455.7269269	1790278459580.6875	435.0297533447783	3456.1458887999997	1790278459999.6494	3456.4006723	435.82645559310913	3456.9425389	1790278460796.3516	3456.9425389	537.4579289414414	300.0	0.0	3021.1366595	1790278024969.896	602.3078768253326	3623.4243653	1790278627277.773
sub-10383	ses-1	run-01	0	170	21	8	17	22	14	21	21	14	right	left	2	409.1643000001568	True	True	win	31	436.8282880783081	3457.94486	1790278461798.184	437.13271474838257	3458.2488309	1790278462102.6108	437.5418790483827	3458.6579952	1790278462511.7751	3458.9123893	438.4657871723175	3459.5823264	1790278463435.6833	3459.5823264	665.5551808403944	300.0	0.0	3021.1366595	1790278024969.896	602.3078768253326	3623.4243653	1790278627277.773
sub-10383	ses-1	run-01	0	171	21	8	18	22	14	21	14	21	left	right	2	328.8652000001093	True	True	win	31	439.46815037727356	3460.5842395	1790278464438.0464	439.7727327346802	3460.8890251	1790278464742.629	440.1015979346803	3461.2178903	1790278465071.4941	3461.4729803	440.8845360279083	3462.0005795	1790278465854.4321	3462.0005795	523.4665180423476	300.0	0.0	3021.1366595	1790278024969.896	602.3078768253326	3623.4243653	1790278627277.773
sub-10383	ses-1	run-01	0	172	21	8	19	22	14	21	21	14	right	left	2	319.39230000034513	True	True	win	31	441.88587617874146	3463.0027042	1790278466855.7722	442.1906008720398	3463.3065447	1790278467160.497	442.50999317204014	3463.6259370000002	1790278467479.8894	3463.8799924	443.4028444290161	3464.5189906	1790278468372.7405	3464.5189906	635.5435632121633	300.0	0.0	3021.1366595	1790278024969.896	602.3078768253326	3623.4243653	1790278627277.773
sub-10383	ses-1	run-01	0	173	21	8	20	22	14	21	14	21	left	right	2	297.3677999998472	True	True	win	31	444.40417742729187	3465.5208686	1790278469374.0735	444.708615064621	3465.8247466	1790278469678.5112	445.0059828646208	3466.1221143999996	1790278469975.8792	3466.3778425	445.79593229293823	3466.9120997	1790278470765.8284	3466.9120997	530.7497775173165	300.0	0.0	3021.1366595	1790278024969.896	602.3078768253326	3623.4243653	1790278627277.773
sub-10383	ses-1	run-01	0	174	21	8	21	22	14	21	21	14	right	left	2	280.6728999998995	True	True	win	31	446.796995639801	3467.913836	1790278471766.8916	447.1011691093445	3468.2173345	1790278472071.0652	447.3818420093444	3468.4980074	1790278472351.738	3468.7501056	448.27015590667725	3469.386189	1790278473240.052	3469.386189	631.552264510391	300.0	0.0	3021.1366595	1790278024969.896	602.3078768253326	3623.4243653	1790278627277.773
sub-10383	ses-1	run-01	0	175	14	9	0	23	14	21	14	21	left	right	2	332.5361000001976	False	False	loss	32	449.2726514339447	3470.3886477	1790278474242.5476	449.57732033729553	3470.6935227	1790278474547.2163	449.90985643729573	3471.0260588	1790278474879.7524	3471.2814591	450.7311635017395	3471.8478897	1790278475701.0596	3471.8478897	562.5751939825384	300.0	0.0	3021.1366595	1790278024969.896	602.3078768253326	3623.4243653	1790278627277.773
sub-10383	ses-1	run-01	0	176	14	9	1	23	14	21	21	14	right	left	2	271.56449999984034	False	False	loss	32	451.73320055007935	3472.8497482	1790278476703.0967	452.0383040904999	3473.1544466	1790278477008.2002	452.3098685904997	3473.4260111	1790278477279.7646	3473.6823369	453.18645334243774	3474.3025997	1790278478156.3494	3474.3025997	616.6124823964196	300.0	0.0	3021.1366595	1790278024969.896	602.3078768253326	3623.4243653	1790278627277.773
sub-10383	ses-1	run-01	0	177	14	9	2	23	14	21	21	14	right	left	1	352.39700000011	True	False	loss	32	454.1888499259949	3475.30482	1790278479158.746	454.49345421791077	3475.6096063	1790278479463.3503	454.8458512179109	3475.9620033	1790278479815.7473	3476.2181115	455.80547165870667	3476.9214583	1790278480775.3677	3476.9214583	699.6108638871716	300.0	0.0	3021.1366595	1790278024969.896	602.3078768253326	3623.4243653	1790278627277.773
sub-10383	ses-1	run-01	0	178	14	9	3	23	14	21	14	21	left	right	1	789.865700000064	True	True	win	31	456.80727458000183	3477.9233012	1790278481777.1707	457.1118812561035	3478.2281549	1790278482081.7773	457.9017469561036	3479.0180206	1790278482871.643	3479.2723031	458.8085904121399	3479.9253616	1790278483778.4866	3479.9253616	649.2463202083126	300.0	0.0	3021.1366595	1790278024969.896	602.3078768253326	3623.4243653	1790278627277.773
sub-10383	ses-1	run-01	0	179	14	9	4	23	14	21	14	21	left	right	1	498.9290999997138	True	True	win	31	459.81010484695435	3480.927041	1790278484780.001	460.1148636341095	3481.2310113	1790278485084.7598	460.6137927341092	3481.7299403999996	1790278485583.689	3481.9841599	461.5431888103485	3482.6593659	1790278486513.085	3482.6593659	670.7810340411921	300.0	0.0	3021.1366595	1790278024969.896	602.3078768253326	3623.4243653	1790278627277.773
sub-10383	ses-1	run-01	0	180	14	9	5	23	14	21	14	21	left	right	1	332.2013000001789	True	True	win	31	462.54500246047974	3483.6611988	1790278487514.8984	462.8497242927551	3483.96568	1790278487819.6204	463.1819255927553	3484.2978813	1790278488151.8218	3484.5540416	464.04704308509827	3485.163194	1790278489016.9392	3485.163194	605.2522348054431	300.0	0.0	3021.1366595	1790278024969.896	602.3078768253326	3623.4243653	1790278627277.773
sub-10383	ses-1	run-01	0	181	14	9	6	23	14	21	14	21	left	right	1	355.6628000001183	True	True	win	31	465.0487279891968	3486.1656034	1790278490018.624	465.3541679382324	3486.4702119	1790278490324.064	465.70983073823254	3486.8258747	1790278490679.7268	3487.0786137	466.60251688957214	3487.7186648	1790278491572.413	3487.7186648	635.4981517069984	300.0	0.0	3021.1366595	1790278024969.896	602.3078768253326	3623.4243653	1790278627277.773
sub-10383	ses-1	run-01	0	182	14	9	7	23	14	21	14	21	left	right	1	329.2741999998725	True	True	win	31	467.6039969921112	3488.7200688	1790278492573.893	467.9086859226227	3489.0248635	1790278492878.582	468.23796012262255	3489.3541376999997	1790278493207.8562	3489.6087554	469.1864402294159	3490.3031938	1790278494156.3364	3490.3031938	690.7496842932403	300.0	0.0	3021.1366595	1790278024969.896	602.3078768253326	3623.4243653	1790278627277.773
sub-10383	ses-1	run-01	0	183	14	9	8	23	14	21	14	21	left	right	1	479.99239999990095	True	True	win	31	470.1892018318176	3491.3052262	1790278495159.098	470.49381852149963	3491.609922	1790278495463.7146	470.97381092149953	3492.0899144	1790278495943.707	3492.3427513	471.8553228378296	3492.9714959	1790278496825.219	3492.9714959	624.5732021817304	300.0	0.0	3021.1366595	1790278024969.896	602.3078768253326	3623.4243653	1790278627277.773
sub-10383	ses-1	run-01	0	184	14	9	9	23	14	21	21	14	right	left	1	412.0804999997745	True	True	win	31	472.8576662540436	3493.9736831	1790278497827.5623	473.16146969795227	3494.2777237	1790278498131.3657	473.57355019795204	3494.6898042	1790278498543.4463	3494.946672	474.3613495826721	3495.4774949	1790278499331.2456	3495.4774949	526.6800849399251	300.0	0.0	3021.1366595	1790278024969.896	602.3078768253326	3623.4243653	1790278627277.773
sub-10383	ses-1	run-01	0	185	14	9	10	23	14	21	14	21	left	right	1	346.4131999999154	True	False	loss	32	475.3625111579895	3496.4793905	1790278500332.4072	475.6675841808319	3496.7836723	1790278500637.4802	476.0139973808318	3497.1300855	1790278500983.8933	3497.3822367	476.87002420425415	3497.9869326	1790278501839.9202	3497.9869326	600.9623501348694	300.0	0.0	3021.1366595	1790278024969.896	602.3078768253326	3623.4243653	1790278627277.773
sub-10383	ses-1	run-01	0	186	14	9	11	23	14	21	14	21	left	right	1	420.6909999998061	True	True	win	31	477.8716015815735	3498.988521	1790278502841.4976	478.17718601226807	3499.2933624	1790278503147.082	478.5978770122679	3499.7140534	1790278503567.773	3499.9670003	479.4216957092285	3500.5381742	1790278504391.5918	3500.5381742	568.8892170283299	300.0	0.0	3021.1366595	1790278024969.896	602.3078768253326	3623.4243653	1790278627277.773
sub-10383	ses-1	run-01	0	187	14	9	12	23	14	21	14	21	left	right	1	405.67890000011175	True	True	win	31	480.42329955101013	3501.5392849	1790278505393.1956	480.7280149459839	3501.8441727	1790278505697.9111	481.133693845984	3502.2498516	1790278506103.59	3502.503005	482.026504278183	3503.1430875	1790278506996.4004	3503.1430875	635.4985243579694	300.0	0.0	3021.1366595	1790278024969.896	602.3078768253326	3623.4243653	1790278627277.773
sub-10383	ses-1	run-01	0	188	14	9	13	23	14	21	14	21	left	right	1	288.8572000001659	True	False	loss	32	483.0284996032715	3504.1445496	1790278507998.3958	483.3328309059143	3504.4489666	1790278508302.727	483.6216881059145	3504.7378238	1790278508591.5842	3504.9926525	484.3936746120453	3505.5106087	1790278509363.5708	3505.5106087	513.1040706098745	300.0	0.0	3021.1366595	1790278024969.896	602.3078768253326	3623.4243653	1790278627277.773
sub-10383	ses-1	run-01	0	189	14	9	14	23	14	21	21	14	right	left	1	1008.7938000001486	True	True	win	31	485.39659214019775	3506.5125973	1790278510366.4883	485.7011616230011	3506.8172021	1790278510671.0576	486.70995542300125	3507.8259959	1790278511679.8513	3508.0782112	487.4783043861389	3508.595019	1790278512448.2004	3508.595019	512.5600889547463	300.0	0.0	3021.1366595	1790278024969.896	602.3078768253326	3623.4243653	1790278627277.773
sub-10383	ses-1	run-01	0	190	14	9	15	23	14	21	21	14	right	left	1	405.8407000002262	True	True	win	31	488.48008847236633	3509.5960754	1790278513449.9846	488.7839570045471	3509.9000951	1790278513753.853	489.18979770454735	3510.3059358	1790278514159.6938	3510.55932	490.09447503089905	3511.2106881	1790278515064.371	3511.2106881	647.9853617560624	300.0	0.0	3021.1366595	1790278024969.896	602.3078768253326	3623.4243653	1790278627277.773
sub-10383	ses-1	run-01	0	191	14	9	16	23	14	21	21	14	right	left	1	612.1507999996538	True	True	win	31	491.0965061187744	3512.2125147	1790278516066.402	491.4014894962311	3512.5176793	1790278516371.3855	492.01364029623073	3513.1298300999997	1790278516983.5364	3513.3821115	492.9136040210724	3514.0296385	1790278517883.5	3514.0296385	643.0278415940422	300.0	0.0	3021.1366595	1790278024969.896	602.3078768253326	3623.4243653	1790278627277.773
sub-10383	ses-1	run-01	0	192	14	9	17	23	14	21	14	21	left	right	1	321.5614999999161	True	True	win	31	493.9156048297882	3515.0316905	1790278518885.501	494.2202832698822	3515.3363776	1790278519190.1794	494.5418447698821	3515.6579391	1790278519511.741	3515.914367	495.43652725219727	3516.5525306	1790278520406.4233	3516.5525306	634.2943216004313	300.0	0.0	3021.1366595	1790278024969.896	602.3078768253326	3623.4243653	1790278627277.773
sub-10383	ses-1	run-01	0	193	14	9	18	23	14	21	14	21	left	right	1	469.66169999996055	True	True	win	31	496.43879222869873	3517.5549817	1790278521408.6882	496.7439806461334	3517.8601914	1790278521713.8767	497.2136423461334	3518.3298531	1790278522183.5383	3518.5847393	498.06401109695435	3519.180201	1790278523033.9072	3519.180201	591.9840200889546	300.0	0.0	3021.1366595	1790278024969.896	602.3078768253326	3623.4243653	1790278627277.773
sub-10383	ses-1	run-01	0	194	14	9	19	23	14	21	21	14	right	left	1	346.85910000007425	True	True	win	31	499.0658469200134	3520.1821468	1790278524035.743	499.37071657180786	3520.486927	1790278524340.6125	499.71757567180794	3520.8337861	1790278524687.4717	3521.0903955	500.6031348705292	3521.7198268	1790278525573.031	3521.7198268	625.0197004407403	300.0	0.0	3021.1366595	1790278024969.896	602.3078768253326	3623.4243653	1790278627277.773
sub-10383	ses-1	run-01	0	195	14	9	20	23	14	21	21	14	right	left	1	456.2651999999616	True	True	win	31	501.605021238327	3522.7210578	1790278526574.9172	501.9096076488495	3523.025693	1790278526879.5037	502.36587284884945	3523.4819582	1790278527335.7688	3523.7344544	503.26377606391907	3524.3804336	1790278528233.672	3524.3804336	642.0370448874002	300.0	0.0	3021.1366595	1790278024969.896	602.3078768253326	3623.4243653	1790278627277.773
sub-10383	ses-1	run-01	0	196	14	9	21	23	14	21	21	14	right	left	1	387.5671999999213	True	True	win	31	504.26505637168884	3525.3818476	1790278529234.9524	504.5699951648712	3525.6862726	1790278529539.8914	504.95756236487114	3526.0738398	1790278529927.4585	3526.3306825	505.7932095527649	3526.9096166	1790278530763.1057	3526.9096166	574.1834409635985	300.0	0.0	3021.1366595	1790278024969.896	602.3078768253326	3623.4243653	1790278627277.773
sub-10383	ses-1	run-01	0	197	14	9	22	23	14	21	21	14	right	left	1	378.3776999998736	True	True	win	31	506.79520773887634	3527.9111981	1790278531765.1038	507.09917974472046	3528.2154137	1790278532069.076	507.47755744472033	3528.5937914	1790278532447.4536	3528.8487636	508.24587893486023	3529.362072	1790278533215.775	3529.362072	509.474189340168	300.0	0.0	3021.1366595	1790278024969.896	602.3078768253326	3623.4243653	1790278627277.773
sub-10383	ses-1	run-01	0	198	21	10	0	20	14	21	14	21	left	right	1	444.96029999982056	False	False	loss	32	509.24805760383606	3530.3641586	1790278534217.9536	509.5526804924011	3530.6689721	1790278534522.5767	509.99764079240094	3531.1139323999996	1790278534967.5369	3531.3669902	510.9122574329376	3532.0291012	1790278535882.1536	3532.0291012	658.1589174437496	300.0	0.0	3021.1366595	1790278024969.896	602.3078768253326	3623.4243653	1790278627277.773
sub-10383	ses-1	run-01	0	199	21	10	1	20	14	21	21	14	right	left	2	906.1722999999802	True	True	win	31	511.9146375656128	3533.0307392	1790278536884.5337	512.218909740448	3533.3356363	1790278537188.806	513.125082040448	3534.2418086	1790278538094.9783	3534.4967774	513.9661056995392	3535.0829831	1790278538936.0017	3535.0829831	581.7310658909734	300.0	0.0	3021.1366595	1790278024969.896	602.3078768253326	3623.4243653	1790278627277.773
sub-10383	ses-1	run-01	0	200	21	10	2	20	14	21	14	21	left	right	2	548.8584999998238	True	True	win	31	514.9676086902618	3536.0845378	1790278539937.505	515.2727725505829	3536.388964	1790278540242.6687	515.8216310505827	3536.9378225	1790278540791.527	3537.1934921	516.6598970890045	3537.7760026	1790278541629.7932	3537.7760026	577.615700983152	300.0	0.0	3021.1366595	1790278024969.896	602.3078768253326	3623.4243653	1790278627277.773
sub-10383	ses-1	run-01	0	201	21	10	3	20	14	21	21	14	right	left	2	342.94350000027407	True	True	win	31	517.6612663269043	3538.7782637	1790278542631.1624	517.9669668674469	3539.0830434	1790278542936.863	518.3099103674472	3539.4259869	1790278543279.8066	3539.6805112	519.1862585544586	3540.3031471	1790278544156.1545	3540.3031471	618.2341009770108	300.0	0.0	3021.1366595	1790278024969.896	602.3078768253326	3623.4243653	1790278627277.773
sub-10383	ses-1	run-01	0	202	21	10	4	20	14	21	21	14	right	left	2	329.0252000001601	True	True	win	31	520.1872630119324	3541.3042444	1790278545157.1592	520.4925029277802	3541.6087952	1790278545462.399	520.8215281277803	3541.9378204	1790278545791.424	3542.1917268	521.6113016605377	3542.7280208	1790278546581.1978	3542.7280208	531.7172476986858	300.0	0.0	3021.1366595	1790278024969.896	602.3078768253326	3623.4243653	1790278627277.773
sub-10383	ses-1	run-01	0	203	21	10	5	20	14	21	21	14	right	left	2	304.28470000015295	True	True	win	31	522.6128578186035	3543.7291396	1790278547582.754	522.9173007011414	3544.0334757	1790278547887.1968	523.2215854011415	3544.3377604	1790278548191.4814	3544.5915299	524.0339906215668	3545.1501579	1790278549003.8867	3545.1501579	554.1615850372256	300.0	0.0	3021.1366595	1790278024969.896	602.3078768253326	3623.4243653	1790278627277.773
sub-10383	ses-1	run-01	0	204	21	10	6	20	14	21	14	21	left	right	2	368.5863000000609	True	True	win	31	525.03653383255	3546.1526035	1790278550006.43	525.3411016464233	3546.4573269	1790278550310.9978	525.7096879464234	3546.8259132000003	1790278550679.584	3547.0816085	526.6693248748779	3547.7853495	1790278551639.221	3547.7853495	699.5041741204169	300.0	0.0	3021.1366595	1790278024969.896	602.3078768253326	3623.4243653	1790278627277.773
sub-10383	ses-1	run-01	0	205	21	10	7	20	14	21	14	21	left	right	2	365.5161000001499	True	True	win	31	527.6717069149017	3548.7878262	1790278552641.603	527.9763193130493	3549.092567	1790278552946.2153	528.3418354130495	3549.4580831000003	1790278553311.7314	3549.7115403	529.203512430191	3550.3197199	1790278554173.4084	3550.3197199	604.1210195958512	300.0	0.0	3021.1366595	1790278024969.896	602.3078768253326	3623.4243653	1790278627277.773
sub-10383	ses-1	run-01	0	206	21	10	8	20	14	21	21	14	right	left	2	302.863399999751	True	True	win	31	530.2066071033478	3551.3226928	1790278555176.5032	530.5103051662445	3551.6269937	1790278555480.2012	530.8131685662443	3551.9298571	1790278555783.0645	3552.1849268	531.7350676059723	3552.8512566	1790278556704.9636	3552.8512566	662.7728099203241	300.0	0.0	3021.1366595	1790278024969.896	602.3078768253326	3623.4243653	1790278627277.773
sub-10383	ses-1	run-01	0	207	21	10	9	20	14	21	14	21	left	right	2	316.64100000034523	True	True	win	31	532.7368929386139	3553.8531562	1790278557706.789	533.0410447120667	3554.1572294	1790278558010.9407	533.357685712067	3554.4738704	1790278558327.5818	3554.730365	534.3100819587708	3555.4271019	1790278559279.978	3555.4271019	691.6974877847326	300.0	0.0	3021.1366595	1790278024969.896	602.3078768253326	3623.4243653	1790278627277.773
sub-10383	ses-1	run-01	0	208	21	10	10	20	14	21	14	21	left	right	1	315.71960000019317	False	True	win	31	535.3124468326569	3556.4294503	1790278560282.343	535.6180272102356	3556.7340877	1790278560587.9233	535.9337468102358	3557.0498073000003	1790278560903.6428	3557.3024358	536.7884223461151	3557.9051433	1790278561758.3184	3557.9051433	599.7091505823959	300.0	0.0	3021.1366595	1790278024969.896	602.3078768253326	3623.4243653	1790278627277.773
sub-10383	ses-1	run-01	0	209	21	10	11	20	14	21	14	21	left	right	2	422.0601000001807	True	True	win	31	537.7912309169769	3558.9072794	1790278562761.127	538.0954678058624	3559.2116944	1790278563065.3638	538.5175279058626	3559.6337545	1790278563487.4238	3559.8895865	539.3364365100861	3560.4526752	1790278564306.3325	3560.4526752	558.9663339085369	300.0	0.0	3021.1366595	1790278024969.896	602.3078768253326	3623.4243653	1790278627277.773
sub-10383	ses-1	run-01	0	210	21	10	12	20	14	21	21	14	right	left	2	466.22009999964575	True	False	loss	32	540.3382651805878	3561.4543727	1790278565308.1614	540.6435523033142	3561.7595903	1790278565613.4485	541.1097724033139	3562.2258104	1790278566079.6687	3562.4784708	541.8870053291321	3563.0038365	1790278566856.9014	3563.0038365	521.118553021015	300.0	0.0	3021.1366595	1790278024969.896	602.3078768253326	3623.4243653	1790278627277.773
sub-10383	ses-1	run-01	0	211	21	10	13	20	14	21	14	21	left	right	2	539.6750999998403	True	True	win	31	542.8891203403473	3564.0057239	1790278567859.0164	543.1937777996063	3564.3101068	1790278568163.6738	543.7334528996062	3564.8497819	1790278568703.3489	3565.1039194	544.5196838378906	3565.636439	1790278569489.5798	3565.636439	528.6726536724524	300.0	0.0	3021.1366595	1790278024969.896	602.3078768253326	3623.4243653	1790278627277.773
sub-10383	ses-1	run-01	0	212	21	10	14	20	14	21	21	14	right	left	2	338.2228999998915	True	True	win	31	545.5223686695099	3566.6385963	1790278570492.2646	545.8272571563721	3566.9434692	1790278570797.1533	546.165480056372	3567.2816921	1790278571135.3762	3567.5367491	547.0799210071564	3568.1960746	1790278572049.8171	3568.1960746	655.7106296230892	300.0	0.0	3021.1366595	1790278024969.896	602.3078768253326	3623.4243653	1790278627277.773
sub-10383	ses-1	run-01	0	213	21	10	15	20	14	21	21	14	right	left	1	531.443599999875	False	False	loss	32	548.0818626880646	3569.1987092	1790278573051.7588	548.3861582279205	3569.5023528	1790278573356.0542	548.9176018279204	3570.0337964	1790278573887.4978	3570.2864887	549.8691067695618	3570.9855443	1790278574839.003	3570.9855443	695.103236326884	300.0	0.0	3021.1366595	1790278024969.896	602.3078768253326	3623.4243653	1790278627277.773
sub-10383	ses-1	run-01	0	214	21	10	16	20	14	21	21	14	right	left	2	349.3269999999029	True	True	win	31	550.8717017173767	3571.9879016	1790278575841.598	551.1762883663177	3572.2925527	1790278576146.1843	551.5256153663177	3572.6418797	1790278576495.5112	3572.8965823	552.4524178504944	3573.5692519	1790278577422.314	3573.5692519	668.0714402776067	300.0	0.0	3021.1366595	1790278024969.896	602.3078768253326	3623.4243653	1790278627277.773
sub-10383	ses-1	run-01	0	215	21	10	17	20	14	21	14	21	left	right	2	374.99449999995704	True	True	win	31	553.4544327259064	3574.5704935	1790278578424.3289	553.7585515975952	3574.874735	1790278578728.4478	554.1335460975952	3575.2497295	1790278579103.4421	3575.5030539	554.9568543434143	3576.0730837	1790278579926.7505	3576.0730837	566.8291009480519	300.0	0.0	3021.1366595	1790278024969.896	602.3078768253326	3623.4243653	1790278627277.773
sub-10383	ses-1	run-01	0	216	21	10	18	20	14	21	21	14	right	left	2	421.5019999996912	True	True	win	31	555.9597117900848	3577.0759116	1790278580929.608	556.2640190124512	3577.3802326	1790278581233.915	556.6855210124509	3577.8017345999997	1790278581655.417	3578.0541962	557.6148414611816	3578.731735	1790278582584.7375	3578.731735	673.2131867649945	300.0	0.0	3021.1366595	1790278024969.896	602.3078768253326	3623.4243653	1790278627277.773
sub-10383	ses-1	run-01	0	217	21	10	19	20	14	21	14	21	left	right	2	517.1047999997427	True	True	win	31	558.6162371635437	3579.7324748	1790278583586.1333	558.920818567276	3580.0369373	1790278583890.7146	559.4379233672757	3580.5540420999996	1790278584407.8193	3580.8063306	560.330668926239	3581.4477138	1790278585300.565	3581.4477138	637.4791453020548	300.0	0.0	3021.1366595	1790278024969.896	602.3078768253326	3623.4243653	1790278627277.773
sub-10383	ses-1	run-01	0	218	14	11	0	20	14	21	14	21	left	right	2	535.9459999999672	False	False	loss	32	561.3333797454834	3582.4503253	1790278586303.276	561.6371221542358	3582.7539756	1790278586607.0183	562.1730681542358	3583.2899216	1790278587142.9644	3583.5423258	563.0552079677582	3584.1714325	1790278588025.104	3584.1714325	625.5013892439099	300.0	0.0	3021.1366595	1790278024969.896	602.3078768253326	3623.4243653	1790278627277.773
sub-10383	ses-1	run-01	0	219	14	11	1	20	14	21	21	14	right	left	2	339.9020000001656	False	False	loss	32	564.0563216209412	3585.1731718	1790278589026.2178	564.3616693019867	3585.477919	1790278589331.5654	564.7015713019869	3585.817821	1790278589671.4675	3586.0712734	565.552657365799	3586.6688653	1790278590522.5535	3586.6688653	593.9101753693326	300.0	0.0	3021.1366595	1790278024969.896	602.3078768253326	3623.4243653	1790278627277.773
sub-10383	ses-1	run-01	0	220	14	11	2	20	14	21	21	14	right	left	1	274.67810000007375	True	True	win	31	566.5543999671936	3587.6705195	1790278591524.2961	566.8585517406464	3587.9751157	1790278591828.4478	567.1332298406464	3588.2497938	1790278592103.1257	3588.5032588	568.011049747467	3589.1278431	1790278592980.9458	3589.1278431	619.8256638470434	300.0	0.0	3021.1366595	1790278024969.896	602.3078768253326	3623.4243653	1790278627277.773
sub-10383	ses-1	run-01	0	221	14	11	3	20	14	21	14	21	left	right	1	351.68430000021544	True	False	loss	32	569.0133337974548	3590.1294029	1790278593983.23	569.3179032802582	3590.4341168	1790278594287.7993	569.6695875802584	3590.7858011000003	1790278594639.4836	3591.0420715	570.59832239151	3591.7153389	1790278595568.2185	3591.7153389	669.9961437984048	300.0	0.0	3021.1366595	1790278024969.896	602.3078768253326	3623.4243653	1790278627277.773
sub-10383	ses-1	run-01	0	222	14	11	4	20	14	21	14	21	left	right	1	459.8857000000862	True	True	win	31	571.6007523536682	3592.7174231	1790278596570.6484	571.905684709549	3593.0219096	1790278596875.5808	572.365570409549	3593.4817953	1790278597335.4666	3593.7360819	573.1619637012482	3594.2782397	1790278598131.8599	3594.2782397	537.4664384410554	300.0	0.0	3021.1366595	1790278024969.896	602.3078768253326	3623.4243653	1790278627277.773
sub-10383	ses-1	run-01	0	223	14	11	5	20	14	21	14	21	left	right	1	353.1983000002583	True	True	win	31	574.1642835140228	3595.2805707	1790278599134.1797	574.4678931236267	3595.584561	1790278599437.7893	574.821091423627	3595.9377593000004	1790278599790.9875	3596.1931246	575.7205855846405	3596.8376783	1790278600690.4817	3596.8376783	640.3263285188845	300.0	0.0	3021.1366595	1790278024969.896	602.3078768253326	3623.4243653	1790278627277.773
sub-10383	ses-1	run-01	0	224	14	11	6	20	14	21	14	21	left	right	1	577.856200000042	True	True	win	31	576.7236936092377	3597.8398805	1790278601693.5896	577.027806520462	3598.1439207	1790278601997.7026	577.6056627204621	3598.7217769	1790278602575.5588	3598.9777647	578.5613491535187	3599.6783918	1790278603531.245	3599.6783918	696.8336296048697	300.0	0.0	3021.1366595	1790278024969.896	602.3078768253326	3623.4243653	1790278627277.773
sub-10383	ses-1	run-01	0	225	14	11	7	20	14	21	14	21	left	right	1	368.8938000000235	True	True	win	31	579.5643062591553	3600.680841	1790278604534.2024	579.8686072826385	3600.9848643	1790278604838.5034	580.2375010826386	3601.3537581	1790278605207.3972	3601.6087637	581.0857310295105	3602.2019829	1790278606055.6272	3602.2019829	589.1294195721521	300.0	0.0	3021.1366595	1790278024969.896	602.3078768253326	3623.4243653	1790278627277.773
sub-10383	ses-1	run-01	0	226	14	11	8	20	14	21	21	14	right	left	1	350.03829999959635	True	False	loss	32	582.0870788097382	3603.2037109	1790278607056.9749	582.3915147781372	3603.5077884	1790278607361.411	582.7415530781368	3603.8578267	1790278607711.4492	3604.1118755	583.6128416061401	3604.7291791	1790278608582.7378	3604.7291791	613.9031494090118	300.0	0.0	3021.1366595	1790278024969.896	602.3078768253326	3623.4243653	1790278627277.773
sub-10383	ses-1	run-01	0	227	14	11	9	20	14	21	14	21	left	right	1	262.50979999986157	True	True	win	31	584.6145453453064	3605.7306264	1790278609584.4414	584.9191281795502	3606.0352649	1790278609889.0242	585.18163797955	3606.2977747	1790278610151.534	3606.5528446	586.0640370845795	3607.1801118	1790278611033.933	3607.1801118	623.2752219375512	300.0	0.0	3021.1366595	1790278024969.896	602.3078768253326	3623.4243653	1790278627277.773
sub-10383	ses-1	run-01	0	228	14	11	10	20	14	21	14	21	left	right	1	371.0684999996374	True	True	win	31	587.066011428833	3608.1822544	1790278612035.9075	587.3705756664276	3608.4867447	1790278612340.4717	587.7416441664272	3608.8578132	1790278612711.5403	3609.1107324	588.5719110965729	3609.6883528	1790278613541.8071	3609.6883528	573.7243235678343	300.0	0.0	3021.1366595	1790278024969.896	602.3078768253326	3623.4243653	1790278627277.773
sub-10383	ses-1	run-01	0	229	14	11	11	20	14	21	21	14	right	left	1	359.59719999982553	True	True	win	31	589.5729594230652	3610.6898689	1790278614542.8555	589.8775157928467	3610.9941064	1790278614847.4119	590.2371129928465	3611.3537036	1790278615207.009	3611.6079355	591.021900177002	3612.1387279	1790278615991.7961	3612.1387279	526.6512282975747	300.0	0.0	3021.1366595	1790278024969.896	602.3078768253326	3623.4243653	1790278627277.773
sub-10383	ses-1	run-01	0	230	14	11	12	20	14	21	21	14	right	left	1	388.48430000007284	True	True	win	31	592.0245895385742	3613.1407655	1790278616994.4856	592.3292000293732	3613.4454258	1790278617299.0962	592.7176843293732	3613.8339101	1790278617687.5806	3614.0891514	593.6198122501373	3614.7367059	1790278618589.7083	3614.7367059	643.6228347667084	300.0	0.0	3021.1366595	1790278024969.896	602.3078768253326	3623.4243653	1790278627277.773
sub-10383	ses-1	run-01	0	231	14	11	13	20	14	21	14	21	left	right	1	295.9403999998358	True	True	win	31	594.6216611862183	3615.7377284	1790278619591.5574	594.9253482818604	3616.0417759	1790278619895.2444	595.2212886818602	3616.3377163	1790278620191.1848	3616.5905566	596.031566619873	3617.1485267	1790278621001.4626	3617.1485267	553.2704065402542	300.0	0.0	3021.1366595	1790278024969.896	602.3078768253326	3623.4243653	1790278627277.773
sub-10383	ses-1	run-01	0	232	14	11	14	20	14	21	21	14	right	left	1	419.60729999982505	True	True	win	31	597.0324659347534	3618.1495024	1790278622002.362	597.337238073349	3618.454131	1790278622307.134	597.7568453733488	3618.8737383	1790278622726.7415	3619.1279497	598.7072308063507	3619.8241362	1790278623677.127	3619.8241362	691.6686129777083	300.0	0.0	3021.1366595	1790278024969.896	602.3078768253326	3623.4243653	1790278627277.773
sub-10383	ses-1	run-01	0	233	14	11	15	20	14	21	21	14	right	left	1	480.20039999983055	True	False	loss	32	599.7087860107422	3620.8248671	1790278624678.6821	600.0134003162384	3621.1296612	1790278624983.2964	600.4936007162382	3621.6098616	1790278625463.4968	3621.8637016	601.3071827888489	3622.4241719	1790278626277.0789	3622.4241719	556.6397942044564	300.0	0.0	3021.1366595	1790278024969.896	602.3078768253326	3623.4243653	1790278627277.773
