subject_id	session_id	run	localizer	trial_num	current_good	contingency_id	trial_in_contingency	contingency_trials	flower1	flower2	left_stimulus	right_stimulus	slot1_position	slot2_position	choice	rt	correct	reward	outcome	feedback_marker	trial_start_task_time	trial_start_lsl_time	trial_start_unix_time	choice_window_onset_task_time	choice_window_onset_lsl_time	choice_window_onset_unix_time	choice_onset_task_time	choice_onset_lsl_time	choice_onset_unix_time	choice_marker_send_lsl_time	feedback_onset_task_time	feedback_onset_lsl_time	feedback_onset_unix_time	lsl_marker_send_time	wait_time	iti	run_start_task_time	run_start_lsl_time	run_start_unix_time	run_end_task_time	run_end_lsl_time	run_end_unix_time
sub-10696	ses-1	run-01	0	1	26	1	0	22	26	14	14	26	right	left					miss	33	0.0	502500.8099922	1790777513889.244	0.3410146236419678	502501.1506413	1790777514230.2585					2.1815390586853027	502502.990969	1790777516070.783	502502.990969	585.2966595773853	300.0	0.0	502500.8099048	1790777513889.244	602.0769467353821	503102.8829009	1790778115966.1907
sub-10696	ses-1	run-01	0	2	26	1	1	22	26	14	14	26	right	left	1.0	420.246199995745	True	False	loss	32	3.1832780838012695	502503.9927732	1790777517072.522	3.4877631664276123	502504.2974316	1790777517377.007	3.9080093664233573	502504.7176778	1790777517797.2532	502504.9712903	4.781925439834595	502505.5914275	1790777518671.1692	502505.5914275	616.4266668914869	300.0	0.0	502500.8099048	1790777513889.244	602.0769467353821	503102.8829009	1790778115966.1907
sub-10696	ses-1	run-01	0	3	26	1	2	22	26	14	14	26	right	left	1.0	267.0071999891661	True	True	win	31	5.783929824829102	502506.5933733	1790777519673.1736	6.089010000228882	502506.8986706	1790777519978.254	6.356017200218048	502507.1656778	1790777520245.261	502507.4223947	7.210936546325684	502508.0213024	1790777521100.1804	502508.0213024	594.802992995487	300.0	0.0	502500.8099048	1790777513889.244	602.0769467353821	503102.8829009	1790778115966.1907
sub-10696	ses-1	run-01	0	4	26	1	3	22	26	14	14	26	right	left	1.0	397.45510002830997	True	True	win	31	8.214393377304077	502509.0239154	1790777522103.6372	8.518576860427856	502509.3282008	1790777522407.8208	8.916031960456166	502509.7256559	1790777522805.276	502509.9825791	9.789261817932129	502510.598726	1790777523678.5056	502510.598726	611.9625412056731	300.0	0.0	502500.8099048	1790777513889.244	602.0769467353821	503102.8829009	1790778115966.1907
sub-10696	ses-1	run-01	0	5	26	1	4	22	26	14	14	26	right	left	1.0	405.22120002424344	True	False	loss	32	10.79068398475647	502511.600031	1790777524679.9277	11.09522008895874	502511.9046717	1790777524984.4639	11.500441288982984	502512.3098929	1790777525389.685	502512.5647366	12.264223575592041	502513.0743703	1790777526153.4675	502513.0743703	506.97435842650464	300.0	0.0	502500.8099048	1790777513889.244	602.0769467353821	503102.8829009	1790778115966.1907
sub-10696	ses-1	run-01	0	6	26	1	5	22	26	14	26	14	left	right	2.0	218.87209999840707	False	False	loss	32	13.265235662460327	502514.0747476	1790777527154.4795	13.569245338439941	502514.3788041	1790777527458.4893	13.788117438438348	502514.5976762	1790777527677.3613	502514.8520058	14.638938903808594	502515.4484715	1790777528528.1829	502515.4484715	592.2447132852172	300.0	0.0	502500.8099048	1790777513889.244	602.0769467353821	503102.8829009	1790778115966.1907
sub-10696	ses-1	run-01	0	7	26	1	6	22	26	14	14	26	right	left	1.0	250.76319999061525	True	True	win	31	15.640700340270996	502516.4501121	1790777529529.944	15.945571184158325	502516.7550433	1790777529834.815	16.19633438414894	502517.0058065	1790777530085.5781	502517.258073	16.95492434501648	502517.7642726	1790777530844.1682	502517.7642726	502.50857148463547	300.0	0.0	502500.8099048	1790777513889.244	602.0769467353821	503102.8829009	1790778115966.1907
sub-10696	ses-1	run-01	0	8	26	1	7	22	26	14	26	14	left	right	2.0	238.0799999809824	False	False	loss	32	17.95712423324585	502518.7665844	1790777531846.3682	18.262138843536377	502519.071701	1790777532151.3826	18.50021884351736	502519.30978099996	1790777532389.4626	502519.5655159	19.422142505645752	502520.2314756	1790777533311.3862	502520.2314756	661.4356266711159	300.0	0.0	502500.8099048	1790777513889.244	602.0769467353821	503102.8829009	1790778115966.1907
sub-10696	ses-1	run-01	0	9	26	1	8	22	26	14	14	26	right	left	2.0	267.0813000295311	False	False	loss	32	20.425140619277954	502521.2344724	1790777534314.3845	20.729150772094727	502521.5385615	1790777534618.3945	20.996232072124258	502521.80564280006	1790777534885.4758	502522.0609668	21.81014084815979	502522.6197241	1790777535699.3848	502522.6197241	554.1041891035186	300.0	0.0	502500.8099048	1790777513889.244	602.0769467353821	503102.8829009	1790778115966.1907
sub-10696	ses-1	run-01	0	10	26	1	9	22	26	14	14	26	right	left	1.0	240.08610000601038	True	True	win	31	22.811282634735107	502523.6213582	1790777536700.5264	23.116108417510986	502523.9255716	1790777537005.3523	23.356194517516997	502524.1656577	1790777537245.4385	502524.4185542	24.31137228012085	502525.1207953	1790777538200.6162	502525.1207953	697.9155669850757	300.0	0.0	502500.8099048	1790777513889.244	602.0769467353821	503102.8829009	1790778115966.1907
sub-10696	ses-1	run-01	0	11	26	1	10	22	26	14	26	14	left	right	1.0	345.7507000421174	True	True	win	31	25.313897132873535	502526.1233548	1790777539203.1409	25.618908166885376	502526.4282071	1790777539508.152	25.964658866927493	502526.77395780006	1790777539853.9028	502527.0272398	26.805411338806152	502527.6156464	1790777540694.6553	502527.6156464	584.036798029261	300.0	0.0	502500.8099048	1790777513889.244	602.0769467353821	503102.8829009	1790778115966.1907
sub-10696	ses-1	run-01	0	12	26	1	11	22	26	14	26	14	left	right	1.0	250.50090003060177	True	True	win	31	27.80860471725464	502528.6181015	1790777541697.8486	28.11368680000305	502528.9231378	1790777542002.9307	28.364187700033654	502529.17363870004	1790777542253.4316	502529.4265626	29.24621343612671	502530.0563654	1790777543135.4573	502530.0563654	625.486655371429	300.0	0.0	502500.8099048	1790777513889.244	602.0769467353821	503102.8829009	1790778115966.1907
sub-10696	ses-1	run-01	0	13	26	1	12	22	26	14	26	14	left	right	2.0	226.85930004809052	False	False	loss	32	30.2483868598938	502531.0577675	1790777544137.6306	30.55339503288269	502531.3629162	1790777544442.639	30.78025433293078	502531.58977550006	1790777544669.4983	502531.8467745	31.730403184890747	502532.53971	1790777545619.647	502532.53971	688.1129300387737	300.0	0.0	502500.8099048	1790777513889.244	602.0769467353821	503102.8829009	1790778115966.1907
sub-10696	ses-1	run-01	0	14	26	1	13	22	26	14	26	14	left	right	2.0	208.7986000115052	False	True	win	31	32.731409311294556	502533.5406931	1790777546620.653	33.035412549972534	502533.8448383	1790777546924.6565	33.24421114998404	502534.05363690003	1790777547133.455	502534.3086283	34.11876845359802	502534.9281524	1790777548008.0122	502534.9281524	615.8252191053324	300.0	0.0	502500.8099048	1790777513889.244	602.0769467353821	503102.8829009	1790778115966.1907
sub-10696	ses-1	run-01	0	15	26	1	14	22	26	14	14	26	right	left	1.0	227.3196000023745	True	True	win	31	35.12044835090637	502535.9297313	1790777549009.6921	35.4249746799469	502536.2342924	1790777549314.2185	35.652294279949274	502536.461612	1790777549541.538	502536.7171228	36.450841188430786	502537.2607247	1790777550340.085	502537.2607247	539.2255769011981	300.0	0.0	502500.8099048	1790777513889.244	602.0769467353821	503102.8829009	1790778115966.1907
sub-10696	ses-1	run-01	0	16	26	1	15	22	26	14	14	26	right	left	2.0	255.12360001448542	False	False	loss	32	37.45323586463928	502538.2624406	1790777551342.4797	37.7572762966156	502538.5665715	1790777551646.52	38.012399896630086	502538.8216951	1790777551901.6436	502539.0744613	38.771239280700684	502539.5813629	1790777552660.4832	502539.5813629	502.1150267553497	300.0	0.0	502500.8099048	1790777513889.244	602.0769467353821	503102.8829009	1790778115966.1907
sub-10696	ses-1	run-01	0	17	26	1	16	22	26	14	14	26	right	left	1.0	213.2566999644041	True	True	win	31	39.77430868148804	502540.5835591	1790777553663.5525	40.07931089401245	502540.8884776	1790777553968.5547	40.292567593976855	502541.10173429997	1790777554181.8113	502541.3567214	41.1011483669281	502541.910523	1790777554990.392	502541.910523	550.9632877846889	300.0	0.0	502500.8099048	1790777513889.244	602.0769467353821	503102.8829009	1790778115966.1907
sub-10696	ses-1	run-01	0	18	26	1	17	22	26	14	14	26	right	left	1.0	546.8538000131957	True	True	win	31	42.104429483413696	502542.9136526	1790777555993.6733	42.40954828262329	502543.2188324	1790777556298.7922	42.95640208263649	502543.7656862	1790777556845.646	502544.0181636	43.75477623939514	502544.5640331	1790777557644.02	502544.5640331	541.3657376535039	300.0	0.0	502500.8099048	1790777513889.244	602.0769467353821	503102.8829009	1790778115966.1907
sub-10696	ses-1	run-01	0	19	26	1	18	22	26	14	26	14	left	right	2.0	191.1433000350371	False	True	win	31	44.75777983665466	502545.5670831	1790777558647.0237	45.06178379058838	502545.8710284	1790777558951.0276	45.252927090623416	502546.06217170006	1790777559142.171	502546.3139706	46.071436405181885	502546.8807145	1790777559960.6802	502546.8807145	562.0191087054574	300.0	0.0	502500.8099048	1790777513889.244	602.0769467353821	503102.8829009	1790778115966.1907
sub-10696	ses-1	run-01	0	20	26	1	19	22	26	14	14	26	right	left	2.0	395.1092000352219	False	False	loss	32	47.07282614707947	502547.8820252	1790777560962.07	47.377235889434814	502548.1866836	1790777561266.4797	47.772345089470036	502548.58179280005	1790777561661.5889	502548.8354483	48.600242137908936	502549.4095456	1790777562489.486	502549.4095456	569.0068861676218	300.0	0.0	502500.8099048	1790777513889.244	602.0769467353821	503102.8829009	1790778115966.1907
sub-10696	ses-1	run-01	0	21	26	1	20	22	26	14	26	14	left	right	1.0	296.35389999020845	True	True	win	31	49.60287523269653	502550.4120896	1790777563492.1191	49.90786838531494	502550.7173689	1790777563797.1123	50.20422228530515	502551.0137228	1790777564093.4663	502551.2663338	50.99717903137207	502551.8072079	1790777564886.4229	502551.8072079	536.469286909971	300.0	0.0	502500.8099048	1790777513889.244	602.0769467353821	503102.8829009	1790778115966.1907
sub-10696	ses-1	run-01	0	22	26	1	21	22	26	14	26	14	left	right	1.0	244.9738000286743	True	True	win	31	52.00018239021301	502552.8093242	1790777565889.4263	52.303494930267334	502553.1126754	1790777566192.7388	52.54846873029601	502553.3576492	1790777566437.7126	502553.6106461	53.491121768951416	502554.3004064	1790777567380.3657	502554.3004064	685.5862209341668	300.0	0.0	502500.8099048	1790777513889.244	602.0769467353821	503102.8829009	1790778115966.1907
sub-10696	ses-1	run-01	0	23	14	2	0	20	26	14	26	14	left	right	1.0	254.7045999672264	False	False	loss	32	54.492942571640015	502555.3022663	1790777568382.1865	54.797910928726196	502555.6070043	1790777568687.1548	55.05261552869342	502555.86170889996	1790777568941.8594	502556.1151273	55.89209246635437	502556.7011943	1790777569781.3364	502556.7011943	582.0453759070324	300.0	0.0	502500.8099048	1790777513889.244	602.0769467353821	503102.8829009	1790778115966.1907
sub-10696	ses-1	run-01	0	24	14	2	1	20	26	14	14	26	right	left	1.0	222.27820003172383	False	False	loss	32	56.89410614967346	502557.70329	1790777570783.35	57.19810676574707	502558.0073868	1790777571087.3506	57.420384965778794	502558.22966500005	1790777571309.629	502558.48621	58.25610947608948	502559.0660427	1790777572145.3533	502559.0660427	575.3862254954299	300.0	0.0	502500.8099048	1790777513889.244	602.0769467353821	503102.8829009	1790778115966.1907
sub-10696	ses-1	run-01	0	25	14	2	2	20	26	14	26	14	left	right	2.0	65.56440005078912	True	True	win	31	59.257848501205444	502560.0669149	1790777573147.0923	59.56290936470032	502560.3721489	1790777573452.1533	59.62847376475111	502560.43771330005	1790777573517.7178	502560.6941371	60.51293921470642	502561.3221707	1790777574402.183	502561.3221707	623.8445348539311	300.0	0.0	502500.8099048	1790777513889.244	602.0769467353821	503102.8829009	1790778115966.1907
sub-10696	ses-1	run-01	0	26	14	2	3	20	26	14	14	26	right	left	1.0	216.99099999386817	False	False	loss	32	61.515461444854736	502562.3246425	1790777575404.7053	61.819459199905396	502562.6287208	1790777575708.7031	62.036450199899264	502562.8457118	1790777575925.694	502563.1016446	62.941465616226196	502563.7504879	1790777576830.7095	502563.7504879	645.1842818459322	300.0	0.0	502500.8099048	1790777513889.244	602.0769467353821	503102.8829009	1790778115966.1907
sub-10696	ses-1	run-01	0	27	14	2	4	20	26	14	14	26	right	left	2.0	261.0863000154495	True	True	win	31	63.94348096847534	502564.7526467	1790777577832.7249	64.2474775314331	502565.0565577	1790777578136.7214	64.50856383144855	502565.317644	1790777578397.8076	502565.5704915	65.33650255203247	502566.145687	1790777579225.7463	502566.145687	571.2023532862505	300.0	0.0	502500.8099048	1790777513889.244	602.0769467353821	503102.8829009	1790778115966.1907
sub-10696	ses-1	run-01	0	28	14	2	5	20	26	14	14	26	right	left	2.0	240.29049999080598	True	True	win	31	66.33890843391418	502567.1482087	1790777580228.1523	66.64401245117188	502567.4533017	1790777580533.2563	66.88430295116268	502567.6935922	1790777580773.5469	502567.9462841	67.70867943763733	502568.5185739	1790777581597.9233	502568.5185739	568.2379891921668	300.0	0.0	502500.8099048	1790777513889.244	602.0769467353821	503102.8829009	1790778115966.1907
sub-10696	ses-1	run-01	0	29	14	2	6	20	26	14	26	14	left	right	2.0	275.87780001340434	True	True	win	31	68.7109637260437	502569.5200358	1790777582600.2075	69.01596570014954	502569.8258932	1790777582905.2095	69.29184350016294	502570.101771	1790777583181.0872	502570.355072	70.23397397994995	502571.0438085	1790777584123.2178	502571.0438085	684.443322711443	300.0	0.0	502500.8099048	1790777513889.244	602.0769467353821	503102.8829009	1790778115966.1907
sub-10696	ses-1	run-01	0	30	14	2	7	20	26	14	26	14	left	right	2.0	193.61050002044067	True	True	win	31	71.23465204238892	502572.0441002	1790777585123.896	71.53891324996948	502572.3480642	1790777585428.157	71.73252374998992	502572.54167470004	1790777585621.7676	502572.7955838	72.68901038169861	502573.4986197	1790777586578.2542	502573.4986197	699.9134410011935	300.0	0.0	502500.8099048	1790777513889.244	602.0769467353821	503102.8829009	1790778115966.1907
sub-10696	ses-1	run-01	0	31	14	2	8	20	26	14	14	26	right	left	1.0	200.5619999836199	False	True	win	31	73.69104647636414	502574.5006029	1790777587580.2903	73.99604868888855	502574.8053226	1790777587885.2925	74.19661068887217	502575.0058846	1790777588085.8545	502575.2593658	75.02528119087219	502575.8343134	1790777588914.5251	502575.8343134	570.3680567770331	300.0	0.0	502500.8099048	1790777513889.244	602.0769467353821	503102.8829009	1790778115966.1907
sub-10696	ses-1	run-01	0	32	14	2	9	20	26	14	14	26	right	left	2.0	400.37930000107735	True	True	win	31	76.02728939056396	502576.8363751	1790777589916.5332	76.33229541778564	502577.1413526	1790777590221.5393	76.73267471778672	502577.5417319	1790777590621.9187	502577.7952279	77.5310606956482	502578.340164	1790777591420.3044	502578.340164	541.3888457651451	300.0	0.0	502500.8099048	1790777513889.244	602.0769467353821	503102.8829009	1790778115966.1907
sub-10696	ses-1	run-01	0	33	14	2	10	20	26	14	14	26	right	left	2.0	223.91739999875426	True	True	win	31	78.53171253204346	502579.3415228	1790777592420.9563	78.8367292881012	502579.64568	1790777592725.9731	79.06064668809995	502579.8695974	1790777592949.8906	502580.1233596	79.99171710014343	502580.8015642	1790777593880.961	502580.8015642	674.538343792062	300.0	0.0	502500.8099048	1790777513889.244	602.0769467353821	503102.8829009	1790778115966.1907
sub-10696	ses-1	run-01	0	34	14	2	11	20	26	14	14	26	right	left	2.0	265.68830001633614	True	True	win	31	80.99419927597046	502581.8032106	1790777594883.443	81.29904246330261	502582.108017	1790777595188.2864	81.56473076331895	502582.37370530004	1790777595453.9746	502582.6261449	82.43914270401001	502583.2481359	1790777596328.3865	502583.2481359	617.640354171251	300.0	0.0	502500.8099048	1790777513889.244	602.0769467353821	503102.8829009	1790778115966.1907
sub-10696	ses-1	run-01	0	35	14	2	12	20	26	14	26	14	left	right	1.0	218.56040001148358	False	False	loss	32	83.44114661216736	502584.2500493	1790777597330.3904	83.74616074562073	502584.5551662	1790777597635.4045	83.96472114563221	502584.7737266	1790777597853.9648	502585.0281714	84.78744578361511	502585.5965075	1790777598676.6897	502585.5965075	564.7030960274154	300.0	0.0	502500.8099048	1790777513889.244	602.0769467353821	503102.8829009	1790778115966.1907
sub-10696	ses-1	run-01	0	36	14	2	13	20	26	14	26	14	left	right	2.0	437.4166000052355	True	True	win	31	85.78989744186401	502586.5994262	1790777599679.1414	86.09512734413147	502586.9041453	1790777599984.371	86.5325439441367	502587.3415619	1790777600421.7876	502587.5976175	87.41199231147766	502588.2211453	1790777601301.236	502588.2211453	619.7319108244898	300.0	0.0	502500.8099048	1790777513889.244	602.0769467353821	503102.8829009	1790778115966.1907
sub-10696	ses-1	run-01	0	37	14	2	14	20	26	14	26	14	left	right	2.0	326.4861999778077	True	True	win	31	88.41312789916992	502589.2220663	1790777602302.3718	88.71805167198181	502589.5270999	1790777602607.2954	89.04453787195962	502589.8535861	1790777602933.7815	502590.110044	89.83806729316711	502590.647035	1790777603727.311	502590.647035	532.8571596442056	300.0	0.0	502500.8099048	1790777513889.244	602.0769467353821	503102.8829009	1790778115966.1907
sub-10696	ses-1	run-01	0	38	14	2	15	20	26	14	14	26	right	left	2.0	395.3444000217132	True	True	win	31	90.84115314483643	502591.6500541	1790777604730.397	91.14553666114807	502591.9544071	1790777605034.7805	91.54088106116978	502592.3497515	1790777605430.125	502592.6029862	92.34051275253296	502593.1494937	1790777606229.7566	502593.1494937	542.7419611086497	300.0	0.0	502500.8099048	1790777513889.244	602.0769467353821	503102.8829009	1790778115966.1907
sub-10696	ses-1	run-01	0	39	14	2	16	20	26	14	14	26	right	left	2.0	358.5925999796018	True	False	loss	32	93.3413496017456	502594.1510021	1790777607230.5935	93.64548659324646	502594.4551349	1790777607534.7305	94.00407919322606	502594.8137275	1790777607893.323	502595.0683485	94.85032510757446	502595.6592185	1790777608739.5688	502595.6592185	586.4894835565473	300.0	0.0	502500.8099048	1790777513889.244	602.0769467353821	503102.8829009	1790778115966.1907
sub-10696	ses-1	run-01	0	40	14	2	17	20	26	14	14	26	right	left	2.0	294.2411000258289	True	True	win	31	95.85332560539246	502596.6621965	1790777609742.5693	96.15832781791687	502596.9674304	1790777610047.5718	96.4525689179427	502597.26167150005	1790777610341.813	502597.5161292	97.34198117256165	502598.1508715	1790777611231.225	502598.1508715	630.2410476617133	300.0	0.0	502500.8099048	1790777513889.244	602.0769467353821	503102.8829009	1790778115966.1907
sub-10696	ses-1	run-01	0	41	14	2	18	20	26	14	14	26	right	left	2.0	500.22220000391826	True	True	win	31	98.34328556060791	502599.15217	1790777612232.5293	98.64842128753662	502599.4573837	1790777612537.665	99.14864348754054	502599.9576059	1790777613037.8872	502600.2112868	100.00602722167969	502600.8157143	1790777613895.271	502600.8157143	600.0558464575489	300.0	0.0	502500.8099048	1790777513889.244	602.0769467353821	503102.8829009	1790778115966.1907
sub-10696	ses-1	run-01	0	42	14	2	19	20	26	14	26	14	left	right	1.0	251.51249999180436	False	True	win	31	101.00816082954407	502601.8171992	1790777614897.4048	101.31316542625427	502602.1222582	1790777615202.4092	101.56467792624608	502602.3737707	1790777615453.9216	502602.6309631	102.49842739105225	502603.3078608	1790777616387.6711	502603.3078608	672.060549244661	300.0	0.0	502500.8099048	1790777513889.244	602.0769467353821	503102.8829009	1790778115966.1907
sub-10696	ses-1	run-01	0	43	26	3	0	20	26	14	26	14	left	right	1.0	255.47660002484918	True	True	win	31	103.50117683410645	502604.3099415	1790777617390.4207	103.80538249015808	502604.6141577	1790777617694.6262	104.06085909018293	502604.8696343	1790777617950.1028	502605.1232546	104.99650001525879	502605.8054468	1790777618885.744	502605.8054468	678.8839354895009	300.0	0.0	502500.8099048	1790777513889.244	602.0769467353821	503102.8829009	1790778115966.1907
sub-10696	ses-1	run-01	0	44	26	3	1	20	26	14	26	14	left	right	2.0	293.1749999988824	False	False	loss	32	105.99844169616699	502606.8072353	1790777619887.6855	106.30365800857544	502607.1124529	1790777620192.9019	106.59683300857432	502607.4056279	1790777620486.077	502607.6609464	107.48131966590881	502608.2900265	1790777621370.5635	502608.2900265	625.1164497951562	300.0	0.0	502500.8099048	1790777513889.244	602.0769467353821	503102.8829009	1790778115966.1907
sub-10696	ses-1	run-01	0	45	26	3	2	20	26	14	14	26	right	left	1.0	295.4969000420533	True	False	loss	32	108.48428678512573	502609.2931515	1790777622373.5305	108.78929162025452	502609.5983554	1790777622678.5354	109.08478852029657	502609.89385230007	1790777622974.0322	502610.1470542	109.92929148674011	502610.7388733	1790777623818.5354	502610.7388733	587.4108576593517	300.0	0.0	502500.8099048	1790777513889.244	602.0769467353821	503102.8829009	1790778115966.1907
sub-10696	ses-1	run-01	0	46	26	3	3	20	26	14	14	26	right	left	1.0	281.1339999898337	True	True	win	31	110.93130326271057	502611.7401603	1790777624820.547	111.23485827445984	502612.0444783	1790777625124.102	111.51599227444967	502612.3256123	1790777625405.236	502612.5781152	112.47184252738953	502613.2813871	1790777626361.0864	502613.2813871	699.6157189400371	300.0	0.0	502500.8099048	1790777513889.244	602.0769467353821	503102.8829009	1790778115966.1907
sub-10696	ses-1	run-01	0	47	26	3	4	20	26	14	14	26	right	left	1.0	274.38110002549365	True	True	win	31	113.47396302223206	502614.2827209	1790777627363.2068	113.77796530723572	502614.5872392	1790777627667.2092	114.05234640726121	502614.86162030004	1790777627941.5903	502615.1152523	114.88760352134705	502615.6963823	1790777628776.8474	502615.6963823	576.1626518727201	300.0	0.0	502500.8099048	1790777513889.244	602.0769467353821	503102.8829009	1790778115966.1907
sub-10696	ses-1	run-01	0	48	26	3	5	20	26	14	14	26	right	left	1.0	242.858299985528	True	True	win	31	115.88908672332764	502616.6979147	1790777629778.3306	116.1939902305603	502617.0027339	1790777630083.2341	116.43684853054583	502617.24559219996	1790777630326.0925	502617.5016956	117.29799938201904	502618.1075357	1790777631187.2432	502618.1075357	601.9662283660454	300.0	0.0	502500.8099048	1790777513889.244	602.0769467353821	503102.8829009	1790778115966.1907
sub-10696	ses-1	run-01	0	49	26	3	6	20	26	14	14	26	right	left	1.0	239.37460000161082	True	False	loss	32	118.30109691619873	502619.1098829	1790777632190.3408	118.60541272163391	502619.4141543	1790777632494.6565	118.84478732163552	502619.6535289	1790777632734.031	502619.9071814	119.66645646095276	502620.4751804	1790777633555.7002	502620.4751804	563.0122395202429	300.0	0.0	502500.8099048	1790777513889.244	602.0769467353821	503102.8829009	1790778115966.1907
sub-10696	ses-1	run-01	0	50	26	3	7	20	26	14	26	14	left	right	2.0	1143.3637999580242	False	False	loss	32	120.66847491264343	502621.4771875	1790777634557.7188	120.97348189353943	502621.7823598	1790777634862.7258	122.11684569349745	502622.92572359997	1790777636006.0896	502623.1791338	123.03280591964722	502623.8422137	1790777636922.0498	502623.8422137	659.3554188708122	300.0	0.0	502500.8099048	1790777513889.244	602.0769467353821	503102.8829009	1790778115966.1907
sub-10696	ses-1	run-01	0	51	26	3	8	20	26	14	26	14	left	right	1.0	569.2621999769472	True	True	win	31	124.03488993644714	502624.8435997	1790777637924.1338	124.33954811096191	502625.1483259	1790777638228.792	124.90881031093886	502625.7175881	1790777638798.0542	502625.9726726	125.80218553543091	502626.6108854	1790777639691.4294	502626.6108854	633.5125079676919	300.0	0.0	502500.8099048	1790777513889.244	602.0769467353821	503102.8829009	1790778115966.1907
sub-10696	ses-1	run-01	0	52	26	3	9	20	26	14	14	26	right	left	1.0	376.0035000159405	True	True	win	31	126.80439019203186	502627.6130313	1790777640693.634	127.10878300666809	502627.9176207	1790777640998.0269	127.48478650668403	502628.29362420004	1790777641374.0303	502628.5455168	128.41278886795044	502629.2223116	1790777642302.0327	502629.2223116	673.0692533387993	300.0	0.0	502500.8099048	1790777513889.244	602.0769467353821	503102.8829009	1790778115966.1907
sub-10696	ses-1	run-01	0	53	26	3	10	20	26	14	14	26	right	left	1.0	236.12259997753426	True	True	win	31	129.4167160987854	502630.2253571	1790777643305.96	129.72084736824036	502630.5294361	1790777643610.0913	129.9569699682179	502630.76555869996	1790777643846.2139	502631.0223877	130.8135633468628	502631.6223049	1790777644702.8071	502631.6223049	595.5710729115315	300.0	0.0	502500.8099048	1790777513889.244	602.0769467353821	503102.8829009	1790778115966.1907
sub-10696	ses-1	run-01	0	54	26	3	11	20	26	14	26	14	left	right	2.0	269.6545999497175	False	True	win	31	131.8151125907898	502632.623749	1790777645704.3564	132.11926984786987	502632.9279552	1790777646008.5137	132.3889244478196	502633.1976098	1790777646278.1682	502633.4510684	133.20983839035034	502634.0185578	1790777647099.0823	502634.0185578	563.5290471755457	300.0	0.0	502500.8099048	1790777513889.244	602.0769467353821	503102.8829009	1790778115966.1907
sub-10696	ses-1	run-01	0	55	26	3	12	20	26	14	26	14	left	right	2.0	192.5006999517791	False	False	loss	32	134.21208119392395	502635.0206901	1790777648101.325	134.5163278579712	502635.3251519	1790777648405.5718	134.70882855792297	502635.51765259996	1790777648598.0725	502635.7729196	135.5123372077942	502636.3208721	1790777649401.581	502636.3208721	543.9479354809602	300.0	0.0	502500.8099048	1790777513889.244	602.0769467353821	503102.8829009	1790778115966.1907
sub-10696	ses-1	run-01	0	56	26	3	13	20	26	14	26	14	left	right	1.0	226.67080000974238	True	True	win	31	136.51344299316406	502637.3229022	1790777650402.6868	136.81834650039673	502637.6269893	1790777650707.5903	137.04501730040647	502637.8536601	1790777650934.2612	502638.1099742	137.98606896400452	502638.7947145	1790777651875.3127	502638.7947145	680.5084864137148	300.0	0.0	502500.8099048	1790777513889.244	602.0769467353821	503102.8829009	1790778115966.1907
sub-10696	ses-1	run-01	0	57	26	3	14	20	26	14	26	14	left	right	1.0	263.3724000188522	True	True	win	31	138.9881935119629	502639.7975648	1790777652877.4373	139.293470621109	502640.1021343	1790777653182.7144	139.55684302112786	502640.3655067	1790777653446.0867	502640.6213808	140.34152460098267	502641.1500875	1790777654230.7686	502641.1500875	524.9536917687743	300.0	0.0	502500.8099048	1790777513889.244	602.0769467353821	503102.8829009	1790778115966.1907
sub-10696	ses-1	run-01	0	58	26	3	15	20	26	14	14	26	right	left	2.0	244.05890004709363	False	True	win	31	141.34395575523376	502642.1524999	1790777655233.1997	141.64897203445435	502642.4576991	1790777655538.2158	141.89303093450144	502642.70175800007	1790777655782.2747	502642.9564862	142.68895983695984	502643.4974582	1790777656578.2036	502643.4974582	537.8649780982201	300.0	0.0	502500.8099048	1790777513889.244	602.0769467353821	503102.8829009	1790778115966.1907
sub-10696	ses-1	run-01	0	59	26	3	16	20	26	14	14	26	right	left	2.0	281.52089996729046	False	False	loss	32	143.69054770469666	502644.4993068	1790777657579.7915	143.99552178382874	502644.804016	1790777657884.7656	144.27704268379603	502645.0855369	1790777658166.2866	502645.3421421	145.17862057685852	502645.9871787	1790777659067.8645	502645.9871787	640.0760523521167	300.0	0.0	502500.8099048	1790777513889.244	602.0769467353821	503102.8829009	1790778115966.1907
sub-10696	ses-1	run-01	0	60	26	3	17	20	26	14	14	26	right	left	1.0	103.20969996973872	True	True	win	31	146.18098139762878	502646.9895827	1790777660070.2253	146.48571395874023	502647.2943082	1790777660374.9578	146.58892365870997	502647.3975179	1790777660478.1675	502647.6520297	147.49339389801025	502648.3018497	1790777661382.6377	502648.3018497	645.5132598094245	300.0	0.0	502500.8099048	1790777513889.244	602.0769467353821	503102.8829009	1790778115966.1907
sub-10696	ses-1	run-01	0	61	26	3	18	20	26	14	14	26	right	left	1.0	260.0211999961175	True	True	win	31	148.49606251716614	502649.3046362	1790777662385.3064	148.80108165740967	502649.6095974	1790777662690.3254	149.06110285740579	502649.8696186	1790777662950.3467	502650.1235132	149.8690688610077	502650.6776977	1790777663758.3127	502650.6776977	550.5909775758511	300.0	0.0	502500.8099048	1790777513889.244	602.0769467353821	503102.8829009	1790778115966.1907
sub-10696	ses-1	run-01	0	62	26	3	19	20	26	14	26	14	left	right	2.0	252.74570001056418	False	True	win	31	150.87141489982605	502651.6806561	1790777664760.6587	151.17625665664673	502651.9848697	1790777665065.5005	151.4290023566573	502652.2376154	1790777665318.246	502652.4937269	152.2147092819214	502653.0239084	1790777666103.9531	502653.0239084	526.1040586200777	300.0	0.0	502500.8099048	1790777513889.244	602.0769467353821	503102.8829009	1790778115966.1907
sub-10696	ses-1	run-01	0	63	14	4	0	21	26	14	26	14	left	right	2.0	242.7007999503985	True	True	win	31	153.2174780368805	502654.0259244	1790777667106.722	153.52248883247375	502654.3310234	1790777667411.7327	153.76518963242415	502654.57372419996	1790777667654.4333	502654.829948	154.68912935256958	502655.498266	1790777668578.3733	502655.498266	664.2986536203873	300.0	0.0	502500.8099048	1790777513889.244	602.0769467353821	503102.8829009	1790778115966.1907
sub-10696	ses-1	run-01	0	64	14	4	1	21	26	14	26	14	left	right	2.0	249.39330003689975	True	True	win	31	155.69174528121948	502656.5002644	1790777669580.989	155.99575471878052	502656.8043152	1790777669884.9985	156.24514801881742	502657.05370850005	1790777670134.3918	502657.307251	157.0052092075348	502657.8137688	1790777670894.4531	502657.8137688	502.50364297058127	300.0	0.0	502500.8099048	1790777513889.244	602.0769467353821	503102.8829009	1790778115966.1907
sub-10696	ses-1	run-01	0	65	14	4	2	21	26	14	14	26	right	left	1.0	421.30839999299496	False	True	win	31	158.0075328350067	502658.8161439	1790777671896.7766	158.31140804290771	502659.1202935	1790777672200.6519	158.7327164429007	502659.5416019	1790777672621.9602	502659.7942686	159.4903473854065	502660.2987156	1790777673379.5913	502660.2987156	500.4501617987275	300.0	0.0	502500.8099048	1790777513889.244	602.0769467353821	503102.8829009	1790778115966.1907
sub-10696	ses-1	run-01	0	66	14	4	3	21	26	14	14	26	right	left	1.0	110.83309998502955	False	True	win	31	160.49322724342346	502661.301615	1790777674382.4712	160.79824590682983	502661.6067349	1790777674687.4897	160.90907900681486	502661.71756799996	1790777674798.3228	502661.9746584	161.85249209403992	502662.6614727	1790777675741.7358	502662.6614727	682.1071066367392	300.0	0.0	502500.8099048	1790777513889.244	602.0769467353821	503102.8829009	1790778115966.1907
sub-10696	ses-1	run-01	0	67	14	4	4	21	26	14	26	14	left	right	2.0	246.0739000234753	True	False	loss	32	162.8542447090149	502663.6626479	1790777676743.4885	163.15924501419067	502663.9676699	1790777677048.4888	163.40531891421415	502664.2137438	1790777677294.5627	502664.4657782	164.34871530532837	502665.1572324	1790777678237.9592	502665.1572324	686.0782818034526	300.0	0.0	502500.8099048	1790777513889.244	602.0769467353821	503102.8829009	1790778115966.1907
sub-10696	ses-1	run-01	0	68	14	4	5	21	26	14	26	14	left	right	1.0	246.42260000109673	False	False	loss	32	165.35057091712952	502666.1589354	1790777679239.8147	165.65474486351013	502666.463225	1790777679543.9888	165.90116746351123	502666.7096476	1790777679790.4114	502666.9611421	166.7010519504547	502667.5101854	1790777680590.296	502667.5101854	545.4420129019173	300.0	0.0	502500.8099048	1790777513889.244	602.0769467353821	503102.8829009	1790778115966.1907
sub-10696	ses-1	run-01	0	69	14	4	6	21	26	14	26	14	left	right	1.0	309.3471000320278	False	False	loss	32	167.70306420326233	502668.5113963	1790777681592.308	168.00706124305725	502668.8163417	1790777681896.3052	168.31640834308928	502669.1256888	1790777682205.6523	502669.380411	169.1400694847107	502669.9491654	1790777683029.3132	502669.9491654	565.3922679569592	300.0	0.0	502500.8099048	1790777513889.244	602.0769467353821	503102.8829009	1790778115966.1907
sub-10696	ses-1	run-01	0	70	14	4	7	21	26	14	14	26	right	left	2.0	253.9606000063941	True	False	loss	32	170.14227056503296	502670.9506716	1790777684031.5144	170.4463939666748	502671.255725	1790777684335.6377	170.7003545666812	502671.5096856	1790777684589.5984	502671.7638144	171.61524438858032	502672.4242603	1790777685504.4883	502672.4242603	656.0740355890018	300.0	0.0	502500.8099048	1790777513889.244	602.0769467353821	503102.8829009	1790778115966.1907
sub-10696	ses-1	run-01	0	71	14	4	8	21	26	14	26	14	left	right	2.0	363.4048000094481	True	True	win	31	172.6167016029358	502673.4258951	1790777686505.9456	172.92138123512268	502673.7301948	1790777686810.625	173.28478603513213	502674.0935996	1790777687174.0298	502674.3488733	174.24044275283813	502675.0496595	1790777688129.6865	502675.0496595	696.1568706836346	300.0	0.0	502500.8099048	1790777513889.244	602.0769467353821	503102.8829009	1790778115966.1907
sub-10696	ses-1	run-01	0	72	14	4	9	21	26	14	26	14	left	right	2.0	248.9898000494577	True	True	win	31	175.24410319328308	502676.0524337	1790777689133.347	175.54811573028564	502676.3566109	1790777689437.3596	175.7971055303351	502676.6056007001	1790777689686.3494	502676.8604033	176.73211312294006	502677.5413262	1790777690621.357	502677.5413262	677.4532337572901	300.0	0.0	502500.8099048	1790777513889.244	602.0769467353821	503102.8829009	1790778115966.1907
sub-10696	ses-1	run-01	0	73	14	4	10	21	26	14	14	26	right	left	2.0	782.653099973686	True	True	win	31	177.73428082466125	502678.5425813	1790777691623.5247	178.03848958015442	502678.8469125	1790777691927.7334	178.8211426801281	502679.62956559996	1790777692710.3865	502679.8819731	179.59516739845276	502680.4041976	1790777693484.4111	502680.4041976	517.1385694787243	300.0	0.0	502500.8099048	1790777513889.244	602.0769467353821	503102.8829009	1790778115966.1907
sub-10696	ses-1	run-01	0	74	14	4	11	21	26	14	26	14	left	right	2.0	630.3637999808416	True	True	win	31	180.59775161743164	502681.4068236	1790777694486.9954	180.90282559394836	502681.7111986	1790777694792.0693	181.5331893939292	502682.3415624	1790777695422.433	502682.5969826	182.4286847114563	502683.2370917	1790777696317.9285	502683.2370917	636.126701104123	300.0	0.0	502500.8099048	1790777513889.244	602.0769467353821	503102.8829009	1790778115966.1907
sub-10696	ses-1	run-01	0	75	14	4	12	21	26	14	14	26	right	left	2.0	348.3752000029199	True	True	win	31	183.43169689178467	502684.2400626	1790777697320.9407	183.73669505119324	502684.5452713	1790777697625.939	184.08507025119616	502684.8936465	1790777697974.3142	502685.1489444	185.0207633972168	502685.8289984	1790777698910.0073	502685.8289984	676.6271516305891	300.0	0.0	502500.8099048	1790777513889.244	602.0769467353821	503102.8829009	1790778115966.1907
sub-10696	ses-1	run-01	0	76	14	4	13	21	26	14	26	14	left	right	2.0	717.8301999811083	True	True	win	31	186.02283358573914	502686.8313214	1790777699912.0774	186.32744884490967	502687.1356777	1790777700216.6926	187.04527904489078	502687.85350789997	1790777700934.5227	502688.1106836	187.93648314476013	502688.745329	1790777701825.727	502688.745329	630.395828314048	300.0	0.0	502500.8099048	1790777513889.244	602.0769467353821	503102.8829009	1790778115966.1907
sub-10696	ses-1	run-01	0	77	14	4	14	21	26	14	26	14	left	right	2.0	330.3313000360504	True	True	win	31	188.93899250030518	502689.7471971	1790777702828.2363	189.242990732193	502690.051272	1790777703132.2346	189.57332203222904	502690.38160330005	1790777703462.566	502690.635309	190.34518671035767	502691.153959	1790777704234.4307	502691.153959	515.9906818371751	300.0	0.0	502500.8099048	1790777513889.244	602.0769467353821	503102.8829009	1790778115966.1907
sub-10696	ses-1	run-01	0	78	14	4	15	21	26	14	14	26	right	left	1.0	280.1798000000417	False	False	loss	32	191.3471977710724	502692.1554131	1790777705236.4417	191.65319848060608	502692.4613346	1790777705542.4424	191.93337828060612	502692.7415144	1790777705822.622	502692.9948208	192.8624289035797	502693.671497	1790777706751.6729	502693.671497	672.5663113321365	300.0	0.0	502500.8099048	1790777513889.244	602.0769467353821	503102.8829009	1790778115966.1907
sub-10696	ses-1	run-01	0	79	14	4	16	21	26	14	14	26	right	left	1.0	258.41339997714385	False	False	loss	32	193.86532354354858	502694.6743794	1790777707754.5674	194.1708493232727	502694.9791075	1790777708060.0933	194.42926272324985	502695.2375209	1790777708318.5066	502695.4929909	195.31212329864502	502696.1203497	1790777709201.3672	502696.1203497	622.4805122516793	300.0	0.0	502500.8099048	1790777513889.244	602.0769467353821	503102.8829009	1790778115966.1907
sub-10696	ses-1	run-01	0	80	14	4	17	21	26	14	26	14	left	right	2.0	369.1298000048846	True	False	loss	32	196.3151261806488	502697.123308	1790777710204.37	196.62013912200928	502697.4285139	1790777710509.383	196.98926892201416	502697.79764370003	1790777710878.513	502698.0513889	197.89113688468933	502698.7000404	1790777711780.3806	502698.7000404	645.1917567288458	300.0	0.0	502500.8099048	1790777513889.244	602.0769467353821	503102.8829009	1790778115966.1907
sub-10696	ses-1	run-01	0	81	14	4	18	21	26	14	14	26	right	left	2.0	464.0182000002824	True	False	loss	32	198.89261269569397	502699.7013919	1790777712781.8564	199.19741797447205	502700.0055502	1790777713086.6619	199.66143617447233	502700.4695684	1790777713550.6802	502700.7242762	200.5591516494751	502701.3678703	1790777714448.3955	502701.3678703	639.5964315666582	300.0	0.0	502500.8099048	1790777513889.244	602.0769467353821	503102.8829009	1790778115966.1907
sub-10696	ses-1	run-01	0	82	14	4	19	21	26	14	26	14	left	right	1.0	347.86999999778345	False	False	loss	32	201.5611445903778	502702.3693357	1790777715450.3884	201.86533665657043	502702.6737643	1790777715754.5806	202.21320665656822	502703.0216343	1790777716102.4507	502703.2766399	203.05454063415527	502703.8626425	1790777716943.7844	502703.8626425	581.898335566082	300.0	0.0	502500.8099048	1790777513889.244	602.0769467353821	503102.8829009	1790778115966.1907
sub-10696	ses-1	run-01	0	83	14	4	20	21	26	14	14	26	right	left	2.0	274.80149996699765	True	True	win	31	204.05754780769348	502704.865691	1790777717946.7917	204.36256456375122	502705.1708652	1790777718251.8083	204.63736606371822	502705.44566669996	1790777718526.6099	502705.6987778	205.52924466133118	502706.3381066	1790777719418.4885	502706.3381066	635.0483235504497	300.0	0.0	502500.8099048	1790777513889.244	602.0769467353821	503102.8829009	1790778115966.1907
sub-10696	ses-1	run-01	0	84	26	5	0	22	26	14	14	26	right	left	2.0	353.2098999712616	False	False	loss	32	206.53111696243286	502707.3392541	1790777720420.3608	206.83618474006653	502707.6443144	1790777720725.4285	207.1893946400378	502707.99752429995	1790777721078.6384	502708.2522765	208.08795833587646	502708.8960734	1790777721977.2021	502708.8960734	639.0828281045302	300.0	0.0	502500.8099048	1790777513889.244	602.0769467353821	503102.8829009	1790778115966.1907
sub-10696	ses-1	run-01	0	85	26	5	1	22	26	14	14	26	right	left	1.0	553.5583999590017	True	True	win	31	209.09072613716125	502709.89883	1790777722979.97	209.39581751823425	502710.2040112	1790777723285.0613	209.94937591819325	502710.75756959995	1790777723838.6196	502711.0128256	210.8590371608734	502711.6676863	1790777724748.281	502711.6676863	650.3114809282562	300.0	0.0	502500.8099048	1790777513889.244	602.0769467353821	503102.8829009	1790778115966.1907
sub-10696	ses-1	run-01	0	86	26	5	2	22	26	14	14	26	right	left	1.0	232.23110003164038	True	False	loss	32	211.86123657226562	502712.6693319	1790777725750.4805	212.16523814201355	502712.9733328	1790777726054.482	212.3974692420452	502713.2055639	1790777726286.7131	502713.4619663	213.16540431976318	502713.9734991	1790777727054.6482	502713.9734991	507.28013787998924	300.0	0.0	502500.8099048	1790777513889.244	602.0769467353821	503102.8829009	1790778115966.1907
sub-10696	ses-1	run-01	0	87	26	5	3	22	26	14	26	14	left	right	1.0	268.7999000190757	True	False	loss	32	214.1684329509735	502714.9764909	1790777728057.6768	214.47241139411926	502715.2808929	1790777728361.6553	214.74121129413834	502715.54969280004	1790777728630.455	502715.8034617	215.57602500915527	502716.384023	1790777729465.2688	502716.384023	575.613757274302	300.0	0.0	502500.8099048	1790777513889.244	602.0769467353821	503102.8829009	1790778115966.1907
sub-10696	ses-1	run-01	0	88	26	5	4	22	26	14	14	26	right	left	2.0	377.6533000054769	False	False	loss	32	216.57898378372192	502717.387003	1790777730468.2275	216.88399291038513	502717.6920293	1790777730773.2368	217.2616462103906	502718.0696826	1790777731150.8901	502718.3270692	218.13202261924744	502718.9407534	1790777732021.2664	502718.9407534	609.4081754263169	300.0	0.0	502500.8099048	1790777513889.244	602.0769467353821	503102.8829009	1790778115966.1907
sub-10696	ses-1	run-01	0	89	26	5	5	22	26	14	26	14	left	right	2.0	285.7897999929264	False	True	win	31	219.13472771644592	502719.9428336	1790777733023.9717	219.4397430419922	502720.2477467	1790777733328.9868	219.7255328419851	502720.5335365	1790777733614.7766	502720.7858567	220.6508972644806	502721.459632	1790777734540.141	502721.459632	670.2376828448993	300.0	0.0	502500.8099048	1790777513889.244	602.0769467353821	503102.8829009	1790778115966.1907
sub-10696	ses-1	run-01	0	90	26	5	6	22	26	14	14	26	right	left	1.0	279.5639000250958	True	True	win	31	221.65257787704468	502722.4614987	1790777735541.8218	221.95803475379944	502722.766004	1790777735847.2786	222.23759865382453	502723.0455679	1790777736126.8425	502723.3001259	223.07903242111206	502723.8878369	1790777736968.2764	502723.8878369	583.0983709173034	300.0	0.0	502500.8099048	1790777513889.244	602.0769467353821	503102.8829009	1790778115966.1907
sub-10696	ses-1	run-01	0	91	26	5	7	22	26	14	14	26	right	left	1.0	301.18700000457466	True	False	loss	32	224.0800392627716	502724.8880712	1790777737969.2832	224.38438749313354	502725.1924725	1790777738273.6313	224.68557449313812	502725.49365950003	1790777738574.8184	502725.7461696	225.55233454704285	502726.360432	1790777739441.5784	502726.360432	610.0930144228621	300.0	0.0	502500.8099048	1790777513889.244	602.0769467353821	503102.8829009	1790778115966.1907
sub-10696	ses-1	run-01	0	92	26	5	8	22	26	14	14	26	right	left	2.0	259.53179999487475	False	False	loss	32	226.55302357673645	502727.3617152	1790777740442.2673	226.85794949531555	502727.6658804	1790777740747.1934	227.11748129531043	502727.9254122	1790777741006.725	502728.1799505	227.88000202178955	502728.6879714	1790777741769.2458	502728.6879714	504.09672710274543	300.0	0.0	502500.8099048	1790777513889.244	602.0769467353821	503102.8829009	1790778115966.1907
sub-10696	ses-1	run-01	0	93	26	5	9	22	26	14	14	26	right	left	2.0	235.56320002535358	False	True	win	31	228.88200879096985	502729.6899777	1790777742771.2527	229.18601179122925	502729.9940963	1790777743075.2556	229.4215749912546	502730.2296595	1790777743310.8188	502730.4829634	230.1920187473297	502731.000708	1790777744081.2627	502731.000708	514.3146378129661	300.0	0.0	502500.8099048	1790777513889.244	602.0769467353821	503102.8829009	1790778115966.1907
sub-10696	ses-1	run-01	0	94	26	5	10	22	26	14	26	14	left	right	1.0	267.6492999889888	True	True	win	31	231.19349455833435	502732.0016107	1790777745082.7383	231.49774980545044	502732.3057928	1790777745386.9937	231.76539910543943	502732.57344209997	1790777745654.643	502732.8288802	232.59372568130493	502733.4017861	1790777746482.9695	502733.4017861	569.244027149822	300.0	0.0	502500.8099048	1790777513889.244	602.0769467353821	503102.8829009	1790778115966.1907
sub-10696	ses-1	run-01	0	95	26	5	11	22	26	14	14	26	right	left	2.0	281.1731999972835	False	False	loss	32	233.59552597999573	502734.4038438	1790777747484.7698	233.90026593208313	502734.7083201	1790777747789.5098	234.1814391320804	502734.9894933	1790777748070.6829	502735.2468652	235.00908756256104	502735.8170238	1790777748898.3313	502735.8170238	566.8202581465443	300.0	0.0	502500.8099048	1790777513889.244	602.0769467353821	503102.8829009	1790778115966.1907
sub-10696	ses-1	run-01	0	96	26	5	12	22	26	14	14	26	right	left	1.0	226.3595000258647	True	True	win	31	236.01109790802002	502736.8191071	1790777749900.3418	236.31520247459412	502737.123133	1790777750204.4463	236.54156197461998	502737.3494925	1790777750430.806	502737.6071891	237.38680624961853	502738.1955156	1790777751276.05	502738.1955156	584.0990212568195	300.0	0.0	502500.8099048	1790777513889.244	602.0769467353821	503102.8829009	1790778115966.1907
sub-10696	ses-1	run-01	0	97	26	5	13	22	26	14	14	26	right	left	1.0	287.7810000209138	True	False	loss	32	238.38944292068481	502739.1975439	1790777752278.6868	238.69333720207214	502739.5016776	1790777752582.581	238.98111820209306	502739.78945860005	1790777752870.362	502740.0442249	239.8046498298645	502740.6127644	1790777753693.8936	502740.6127644	564.1265480996163	300.0	0.0	502500.8099048	1790777513889.244	602.0769467353821	503102.8829009	1790778115966.1907
sub-10696	ses-1	run-01	0	98	26	5	14	22	26	14	26	14	left	right	2.0	325.6756000337191	False	False	loss	32	240.80681729316711	502741.6146713	1790777754696.061	241.11182856559753	502741.9199576	1790777755001.0725	241.43750416563125	502742.24563320004	1790777755326.748	502742.4976825	242.21182775497437	502743.0196989	1790777756101.0715	502743.0196989	517.6062683533518	300.0	0.0	502500.8099048	1790777513889.244	602.0769467353821	503102.8829009	1790778115966.1907
sub-10696	ses-1	run-01	0	99	26	5	15	22	26	14	14	26	right	left	1.0	335.5261000106111	True	True	win	31	243.21283507347107	502744.0207065	1790777757102.0789	243.51784300804138	502744.3260095	1790777757407.087	243.853369108052	502744.6615356	1790777757742.613	502744.9145119	244.64975357055664	502745.4575782	1790777758538.9973	502745.4575782	538.3087634265856	300.0	0.0	502500.8099048	1790777513889.244	602.0769467353821	503102.8829009	1790778115966.1907
sub-10696	ses-1	run-01	0	100	26	5	16	22	26	14	14	26	right	left	1.0	168.92899997765198	True	True	win	31	245.65215492248535	502746.4600302	1790777759541.3987	245.9563648700714	502746.7645609	1790777759845.6086	246.12529387004906	502746.93348989997	1790777760014.5376	502747.1873959	246.92918491363525	502747.7377803	1790777760818.4287	502747.7377803	546.9468523211872	300.0	0.0	502500.8099048	1790777513889.244	602.0769467353821	503102.8829009	1790778115966.1907
sub-10696	ses-1	run-01	0	101	26	5	17	22	26	14	26	14	left	right	2.0	482.00940003152937	False	True	win	31	247.93054699897766	502748.7384237	1790777761819.7908	248.2355558872223	502749.0435358	1790777762124.7998	248.71756528725382	502749.52554520004	1790777762606.8093	502749.7833592	249.58489561080933	502750.3935344	1790777763474.1394	502750.3935344	606.3448969048809	300.0	0.0	502500.8099048	1790777513889.244	602.0769467353821	503102.8829009	1790778115966.1907
sub-10696	ses-1	run-01	0	102	26	5	18	22	26	14	26	14	left	right	2.0	210.16810002038255	False	False	loss	32	250.58688473701477	502751.3947219	1790777764476.1287	250.89124202728271	502751.6992085	1790777764780.4858	251.1014101273031	502751.9093766	1790777764990.654	502752.1622652	251.96280455589294	502752.7707721	1790777765852.0483	502752.7707721	603.388191917559	300.0	0.0	502500.8099048	1790777513889.244	602.0769467353821	503102.8829009	1790778115966.1907
sub-10696	ses-1	run-01	0	103	26	5	19	22	26	14	14	26	right	left	2.0	375.0345000298694	False	False	loss	32	252.965487241745	502753.7732814	1790777766854.7312	253.27049040794373	502754.0784814	1790777767159.7341	253.6455249079736	502754.4535159	1790777767534.7686	502754.7063738	254.52349281311035	502755.3321018	1790777768412.7366	502755.3321018	621.9852419222576	300.0	0.0	502500.8099048	1790777513889.244	602.0769467353821	503102.8829009	1790778115966.1907
sub-10696	ses-1	run-01	0	104	26	5	20	22	26	14	14	26	right	left	2.0	504.07429999904707	False	False	loss	32	255.52450561523438	502756.3323258	1790777769413.7495	255.8295075893402	502756.637398	1790777769718.7515	256.33358188933926	502757.1414723	1790777770222.8257	502757.3972372	257.22566413879395	502758.0336534	1790777771114.908	502758.0336534	632.5900556638368	300.0	0.0	502500.8099048	1790777513889.244	602.0769467353821	503102.8829009	1790778115966.1907
sub-10696	ses-1	run-01	0	105	26	5	21	22	26	14	26	14	left	right	2.0	290.3274999698624	False	False	loss	32	258.22759556770325	502759.035531	1790777772116.8394	258.53047466278076	502759.339093	1790777772419.7185	258.8208021627506	502759.62942049996	1790777772710.046	502759.8822029	259.61736536026	502760.4251634	1790777773506.6091	502760.4251634	538.8621984077845	300.0	0.0	502500.8099048	1790777513889.244	602.0769467353821	503102.8829009	1790778115966.1907
sub-10696	ses-1	run-01	0	106	14	6	0	23	26	14	26	14	left	right	2.0	208.82080000592396	True	True	win	31	260.6196987628937	502761.4275577	1790777774508.9426	260.92469358444214	502761.7327604	1790777774813.9375	261.13351438444806	502761.9415812	1790777775022.7583	502762.1965532	261.9736998081207	502762.7822843	1790777775862.9436	502762.7822843	582.6250590349073	300.0	0.0	502500.8099048	1790777513889.244	602.0769467353821	503102.8829009	1790778115966.1907
sub-10696	ses-1	run-01	0	107	14	6	1	23	26	14	26	14	left	right	2.0	213.45179999480024	True	True	win	31	262.97488951683044	502763.7834333	1790777776864.1333	263.28028416633606	502764.0880318	1790777777169.528	263.49373596633086	502764.3014836	1790777777382.98	502764.555645	264.39036107063293	502765.1989883	1790777778279.605	502765.1989883	639.782816761742	300.0	0.0	502500.8099048	1790777513889.244	602.0769467353821	503102.8829009	1790778115966.1907
sub-10696	ses-1	run-01	0	108	14	6	2	23	26	14	14	26	right	left	1.0	292.56239999085665	False	True	win	31	265.39307594299316	502766.2008339	1790777779282.3198	265.69722294807434	502766.5051416	1790777779586.4668	265.9897853480652	502766.79770399997	1790777779879.0293	502767.0541062	266.8974537849426	502767.7052403	1790777780786.6975	502767.7052403	647.7838634461023	300.0	0.0	502500.8099048	1790777513889.244	602.0769467353821	503102.8829009	1790778115966.1907
sub-10696	ses-1	run-01	0	109	14	6	3	23	26	14	26	14	left	right	2.0	217.23420004127547	True	False	loss	32	267.9003732204437	502768.7081117	1790777781789.617	268.2043762207031	502769.0123033	1790777782093.62	268.4216104207444	502769.22953750007	1790777782310.8542	502769.4850789	269.3272216320038	502770.1350687	1790777783216.4656	502770.1350687	646.9335690047261	300.0	0.0	502500.8099048	1790777513889.244	602.0769467353821	503102.8829009	1790778115966.1907
sub-10696	ses-1	run-01	0	110	14	6	4	23	26	14	26	14	left	right	1.0	259.8586999811232	False	True	win	31	270.3290841579437	502771.1371978	1790777784218.328	270.6338665485382	502771.4415743	1790777784523.1104	270.89372524851933	502771.701433	1790777784782.969	502771.9551109	271.823778629303	502772.631476	1790777785713.0225	502772.631476	672.150749180292	300.0	0.0	502500.8099048	1790777513889.244	602.0769467353821	503102.8829009	1790778115966.1907
sub-10696	ses-1	run-01	0	111	14	6	5	23	26	14	14	26	right	left	2.0	291.91230004653335	True	True	win	31	272.8255364894867	502773.6334137	1790777786714.7803	273.1296045780182	502773.9375397	1790777787018.8484	273.4215168780647	502774.22945200006	1790777787310.7607	502774.4872655	274.32162523269653	502775.129681	1790777788210.8691	502775.129681	637.9664644175999	300.0	0.0	502500.8099048	1790777513889.244	602.0769467353821	503102.8829009	1790778115966.1907
sub-10696	ses-1	run-01	0	112	14	6	6	23	26	14	26	14	left	right	1.0	258.08100000722334	False	False	loss	32	275.322625875473	502776.1303809	1790777789211.8696	275.6276316642761	502776.4355096	1790777789516.8755	275.88571266428335	502776.6935906	1790777789774.9565	502776.9483435	276.71827507019043	502777.5260712	1790777790607.5188	502777.5260712	574.0211674775571	300.0	0.0	502500.8099048	1790777513889.244	602.0769467353821	503102.8829009	1790778115966.1907
sub-10696	ses-1	run-01	0	113	14	6	7	23	26	14	14	26	right	left	1.0	229.45019998587668	False	False	loss	32	277.7193875312805	502778.5278566	1790777791608.6313	278.0244014263153	502778.8320288	1790777791913.6453	278.2538516263012	502779.06147899997	1790777792143.0955	502779.3153318	279.16758036613464	502779.9753405	1790777793056.8242	502779.9753405	656.9053377897684	300.0	0.0	502500.8099048	1790777513889.244	602.0769467353821	503102.8829009	1790778115966.1907
sub-10696	ses-1	run-01	0	114	14	6	8	23	26	14	26	14	left	right	2.0	250.79679995542392	True	True	win	31	280.17013597488403	502780.9781059	1790777794059.38	280.4751389026642	502781.2827257	1790777794364.3828	280.7259357026196	502781.53352249996	1790777794615.1797	502781.7867037	281.615597486496	502782.4240453	1790777795504.8413	502782.4240453	633.2416531785383	300.0	0.0	502500.8099048	1790777513889.244	602.0769467353821	503102.8829009	1790778115966.1907
sub-10696	ses-1	run-01	0	115	14	6	9	23	26	14	14	26	right	left	1.0	204.4047000235878	False	False	loss	32	282.6159837245941	502783.4244002	1790777796505.2275	282.921302318573	502783.7290819	1790777796810.5461	283.1257070185966	502783.9334866	1790777797014.951	502784.1876928	284.05817127227783	502784.865909	1790777797947.415	502784.865909	674.0876685420225	300.0	0.0	502500.8099048	1790777513889.244	602.0769467353821	503102.8829009	1790778115966.1907
sub-10696	ses-1	run-01	0	116	14	6	10	23	26	14	14	26	right	left	1.0	249.0034000365995	False	True	win	31	285.0601863861084	502785.8678439	1790777798949.4302	285.3649694919586	502786.1726054	1790777799254.2134	285.6139728919952	502786.4216088	1790777799503.2168	502786.6756511	286.4650511741638	502787.2728693	1790777800354.295	502787.2728693	592.9108009507531	300.0	0.0	502500.8099048	1790777513889.244	602.0769467353821	503102.8829009	1790778115966.1907
sub-10696	ses-1	run-01	0	117	14	6	11	23	26	14	26	14	left	right	2.0	233.03170001599938	True	True	win	31	287.4678649902344	502788.2754346	1790777801357.109	287.7728612422943	502788.5804934	1790777801662.105	288.0058929423103	502788.8135251	1790777801895.1367	502789.0694102	288.776495218277	502789.5840876	1790777802665.739	502789.5840876	510.56363853918174	300.0	0.0	502500.8099048	1790777513889.244	602.0769467353821	503102.8829009	1790778115966.1907
sub-10696	ses-1	run-01	0	118	14	6	12	23	26	14	14	26	right	left	1.0	291.8511999887414	False	True	win	31	289.777854681015	502790.5857776	1790777803667.0986	290.0821828842163	502790.8897644	1790777803971.4268	290.37403408420505	502791.1816156	1790777804263.278	502791.4380402	291.32490634918213	502792.1332214	1790777805214.1501	502792.1332214	691.4050800834391	300.0	0.0	502500.8099048	1790777513889.244	602.0769467353821	503102.8829009	1790778115966.1907
sub-10696	ses-1	run-01	0	119	14	6	13	23	26	14	14	26	right	left	1.0	77.76830001967028	False	False	loss	32	292.3270261287689	502793.1346834	1790777806216.27	292.6321005821228	502793.439725	1790777806521.3445	292.7098688821425	502793.5174933	1790777806599.1128	502793.7726643	293.6590304374695	502794.4665355	1790777807548.2742	502794.4665355	689.799233531812	300.0	0.0	502500.8099048	1790777513889.244	602.0769467353821	503102.8829009	1790778115966.1907
sub-10696	ses-1	run-01	0	120	14	6	14	23	26	14	26	14	left	right	1.0	216.65160002885386	False	False	loss	32	294.6600420475006	502795.4675839	1790777808549.286	294.9650557041168	502795.7728447	1790777808854.2996	295.1817073041457	502795.98949630006	1790777809070.9512	502796.2458437	295.9714410305023	502796.7791725	1790777809860.6848	502796.7791725	529.9374945636407	300.0	0.0	502500.8099048	1790777513889.244	602.0769467353821	503102.8829009	1790778115966.1907
sub-10696	ses-1	run-01	0	121	14	6	15	23	26	14	14	26	right	left	2.0	255.93709998065606	True	True	win	31	296.97261095046997	502797.7808818	1790777810861.8547	297.27803778648376	502798.0856923	1790777811167.2817	297.5339748864644	502798.3416294	1790777811423.2188	502798.5941033	298.3453688621521	502799.1538016	1790777812234.6128	502799.1538016	555.7013490807278	300.0	0.0	502500.8099048	1790777513889.244	602.0769467353821	503102.8829009	1790778115966.1907
sub-10696	ses-1	run-01	0	122	14	6	16	23	26	14	26	14	left	right	1.0	248.51840001065284	False	False	loss	32	299.3488790988922	502800.1563926	1790777813238.123	299.65348649024963	502800.4609927	1790777813542.7302	299.9020048902603	502800.7095111	1790777813791.2485	502800.9651248	300.7917683124542	502801.5991815	1790777814681.0122	502801.5991815	630.8332154158079	300.0	0.0	502500.8099048	1790777513889.244	602.0769467353821	503102.8829009	1790778115966.1907
sub-10696	ses-1	run-01	0	123	14	6	17	23	26	14	14	26	right	left	1.0	276.0278999921866	False	False	loss	32	301.7937786579132	502802.6013712	1790777815683.0225	302.09778475761414	502802.9054761	1790777815987.0286	302.3738126576063	502803.181504	1790777816263.0564	502803.4333334	303.2514934539795	502804.0589053	1790777817140.7373	502804.0589053	622.0519302507026	300.0	0.0	502500.8099048	1790777513889.244	602.0769467353821	503102.8829009	1790778115966.1907
sub-10696	ses-1	run-01	0	124	14	6	18	23	26	14	14	26	right	left	1.0	32.69779996480793	False	False	loss	32	304.2530996799469	502805.0605798	1790777818142.3435	304.55730986595154	502805.3648925	1790777818446.5537	304.59000766591635	502805.39759029995	1790777818479.2515	502805.6523581	305.350004196167	502806.1575973	1790777819239.248	502806.1575973	501.9179219027345	300.0	0.0	502500.8099048	1790777513889.244	602.0769467353821	503102.8829009	1790778115966.1907
sub-10696	ses-1	run-01	0	125	14	6	19	23	26	14	26	14	left	right	2.0	44.668100017588586	True	True	win	31	306.35217571258545	502807.1596275	1790777820241.4194	306.65725111961365	502807.464977	1790777820546.4949	306.70191921963124	502807.50964510004	1790777820591.163	502807.7626709	307.59727025032043	502808.4054509	1790777821486.5142	502808.4054509	639.1177933549824	300.0	0.0	502500.8099048	1790777513889.244	602.0769467353821	503102.8829009	1790778115966.1907
sub-10696	ses-1	run-01	0	126	14	6	20	23	26	14	26	14	left	right	2.0	182.06139997346327	True	False	loss	32	308.5988755226135	502809.4063384	1790777822488.1194	308.9038758277893	502809.71136	1790777822793.1196	309.08593722776277	502809.8934214	1790777822975.181	502810.150342	309.88810324668884	502810.6962353	1790777823777.3472	502810.6962353	541.8977900726458	300.0	0.0	502500.8099048	1790777513889.244	602.0769467353821	503102.8829009	1790778115966.1907
sub-10696	ses-1	run-01	0	127	14	6	21	23	26	14	26	14	left	right	1.0	203.07559997309	False	True	win	31	310.88993644714355	502811.6978998	1790777824779.1802	311.19494557380676	502812.0023392	1790777825084.1895	311.39802117377985	502812.2054148	1790777825287.2651	502812.4606423	312.18827390670776	502812.995648	1790777826077.5178	502812.995648	531.1115595566577	300.0	0.0	502500.8099048	1790777513889.244	602.0769467353821	503102.8829009	1790778115966.1907
sub-10696	ses-1	run-01	0	128	14	6	22	23	26	14	14	26	right	left	2.0	78.32680002320558	True	True	win	31	313.19065713882446	502813.9980436	1790777827079.901	313.49566626548767	502814.3031192	1790777827384.9102	313.5739930655109	502814.381446	1790777827463.237	502814.6361482	314.49245047569275	502815.2998539	1790777828381.6943	502815.2998539	659.2706279619563	300.0	0.0	502500.8099048	1790777513889.244	602.0769467353821	503102.8829009	1790778115966.1907
sub-10696	ses-1	run-01	0	129	26	7	0	24	26	14	26	14	left	right	1.0	246.7987000127323	True	True	win	31	315.49397802352905	502816.3017351	1790777829383.222	315.79918217658997	502816.6066838	1790777829688.426	316.0459808766027	502816.8534825	1790777829935.2246	502817.1099024	316.9431183338165	502817.7512206	1790777830832.362	502817.7512206	637.500516217463	300.0	0.0	502500.8099048	1790777513889.244	602.0769467353821	503102.8829009	1790778115966.1907
sub-10696	ses-1	run-01	0	130	26	7	1	24	26	14	26	14	left	right	1.0	283.9659000164829	True	True	win	31	317.94561982154846	502818.753007	1790777831834.8638	318.250009059906	502819.0575481	1790777832139.253	318.5339749599225	502819.341514	1790777832423.2188	502819.595787	319.3424427509308	502820.1505706	1790777833231.6865	502820.1505706	550.6812690963479	300.0	0.0	502500.8099048	1790777513889.244	602.0769467353821	503102.8829009	1790778115966.1907
sub-10696	ses-1	run-01	0	131	26	7	2	24	26	14	14	26	right	left	2.0	236.23239999869838	False	True	win	31	320.34487748146057	502821.1522206	1790777834234.1213	320.6499948501587	502821.4573464	1790777834539.2388	320.8862272501574	502821.6935788	1790777834775.4712	502821.9452009	321.65597915649414	502822.4634617	1790777835545.223	502822.4634617	514.1645492554668	300.0	0.0	502500.8099048	1790777513889.244	602.0769467353821	503102.8829009	1790778115966.1907
sub-10696	ses-1	run-01	0	132	26	7	3	24	26	14	26	14	left	right	1.0	258.5794000187889	True	False	loss	32	322.6578106880188	502823.4656877	1790777836547.0544	322.9634430408478	502823.7708389	1790777836852.6868	323.22202244086657	502824.0294183	1790777837111.266	502824.2851091	324.027259349823	502824.8352718	1790777837916.5032	502824.8352718	546.9220387000746	300.0	0.0	502500.8099048	1790777513889.244	602.0769467353821	503102.8829009	1790778115966.1907
sub-10696	ses-1	run-01	0	133	26	7	4	24	26	14	14	26	right	left	1.0	265.54260001285	True	True	win	31	325.02826738357544	502825.8356991	1790777838917.5112	325.33235931396484	502826.1400322	1790777839221.6033	325.5979019139777	502826.40557480004	1790777839487.1458	502826.6576773	326.3652753829956	502827.1726238	1790777840254.5193	502827.1726238	510.2610784673075	300.0	0.0	502500.8099048	1790777513889.244	602.0769467353821	503102.8829009	1790778115966.1907
sub-10696	ses-1	run-01	0	134	26	7	5	24	26	14	26	14	left	right	2.0	150.9424999821931	False	False	loss	32	327.3672912120819	502828.1746462	1790777841256.5352	327.67129373550415	502828.4787188	1790777841560.5376	327.82223623548634	502828.6296613	1790777841711.48	502828.8825921	328.6864686012268	502829.4939115	1790777842575.7124	502829.4939115	607.7536580572671	300.0	0.0	502500.8099048	1790777513889.244	602.0769467353821	503102.8829009	1790778115966.1907
sub-10696	ses-1	run-01	0	135	26	7	6	24	26	14	26	14	left	right	2.0	244.2365000024438	False	False	loss	32	329.6885154247284	502830.4958708	1790777843577.7593	329.99382519721985	502830.8011499	1790777843883.069	330.2380616972223	502831.0453864	1790777844127.3057	502831.3001272	331.158842086792	502831.9660707	1790777845048.086	502831.9660707	661.4767247120734	300.0	0.0	502500.8099048	1790777513889.244	602.0769467353821	503102.8829009	1790778115966.1907
sub-10696	ses-1	run-01	0	136	26	7	7	24	26	14	26	14	left	right	2.0	228.64330001175404	False	False	loss	32	332.1612603664398	502832.9686243	1790777846050.5042	332.4654417037964	502833.2728091	1790777846354.6855	332.69408500380814	502833.5014524	1790777846583.3289	502833.756706	333.6521534919739	502834.4601787	1790777847541.3972	502834.4601787	699.6315053999002	300.0	0.0	502500.8099048	1790777513889.244	602.0769467353821	503102.8829009	1790778115966.1907
sub-10696	ses-1	run-01	0	137	26	7	8	24	26	14	14	26	right	left	1.0	496.68139999266714	True	True	win	31	334.65327882766724	502835.4612809	1790777848542.5227	334.95724534988403	502835.7646749	1790777848846.4893	335.4539267498767	502836.2613563	1790777849343.1707	502836.5136975	336.3824269771576	502837.1904256	1790777850271.671	502837.1904256	673.4589127379297	300.0	0.0	502500.8099048	1790777513889.244	602.0769467353821	503102.8829009	1790778115966.1907
sub-10696	ses-1	run-01	0	138	26	7	9	24	26	14	26	14	left	right	2.0	253.43459995929152	False	False	loss	32	337.3836579322815	502838.1908595	1790777851272.9019	337.68866062164307	502838.4961245	1790777851577.9045	337.94209522160236	502838.74955909996	1790777851831.339	502839.0049766	338.8486683368683	502839.6567842	1790777852737.912	502839.6567842	647.0592775300754	300.0	0.0	502500.8099048	1790777513889.244	602.0769467353821	503102.8829009	1790778115966.1907
sub-10696	ses-1	run-01	0	139	26	7	10	24	26	14	26	14	left	right	1.0	258.06660001398996	True	True	win	31	339.8517527580261	502840.6589921	1790777853740.9966	340.1559739112854	502840.963343	1790777854045.2178	340.4140405112994	502841.2214096	1790777854303.2844	502841.4763812	341.19368147850037	502842.0009882	1790777855082.9253	502842.0009882	520.0930753143548	300.0	0.0	502500.8099048	1790777513889.244	602.0769467353821	503102.8829009	1790778115966.1907
sub-10696	ses-1	run-01	0	140	26	7	11	24	26	14	26	14	left	right	1.0	257.48259999090806	True	False	loss	32	342.19654870033264	502843.0037578	1790777856085.7925	342.50055170059204	502843.3079078	1790777856389.7957	342.75803430058295	502843.5653904	1790777856647.2783	502843.8207478	343.602557182312	502844.4106497	1790777857491.801	502844.4106497	585.1802521197635	300.0	0.0	502500.8099048	1790777513889.244	602.0769467353821	503102.8829009	1790778115966.1907
sub-10696	ses-1	run-01	0	141	26	7	12	24	26	14	26	14	left	right	1.0	296.7536000069231	True	True	win	31	344.60456442832947	502845.4118019	1790777858493.8083	344.9095666408539	502845.7166833	1790777858798.8105	345.2063202408608	502846.0134369	1790777859095.5642	502846.2698744	346.16250133514404	502846.9697844	1790777860051.745	502846.9697844	696.787602486969	300.0	0.0	502500.8099048	1790777513889.244	602.0769467353821	503102.8829009	1790778115966.1907
sub-10696	ses-1	run-01	0	142	26	7	13	24	26	14	26	14	left	right	1.0	41.90719994949177	True	False	loss	32	347.1639976501465	502847.9711332	1790777861053.2415	347.46821188926697	502848.275518	1790777861357.4558	347.51011908921646	502848.31742519996	1790777861399.363	502848.5733597	348.29092025756836	502849.0980229	1790777862180.164	502849.0980229	520.5029867853733	300.0	0.0	502500.8099048	1790777513889.244	602.0769467353821	503102.8829009	1790778115966.1907
sub-10696	ses-1	run-01	0	143	26	7	14	24	26	14	14	26	right	left	2.0	273.1762999901548	False	True	win	31	349.2923653125763	502850.0995953	1790777863181.6091	349.5970358848572	502850.4042477	1790777863486.2798	349.87021218484733	502850.677424	1790777863759.456	502850.9331564	350.6367084980011	502851.4446275	1790777864525.9524	502851.4446275	507.7498242526107	300.0	0.0	502500.8099048	1790777513889.244	602.0769467353821	503102.8829009	1790778115966.1907
sub-10696	ses-1	run-01	0	144	26	7	15	24	26	14	26	14	left	right	1.0	279.16629996616393	True	True	win	31	351.6386208534241	502852.4457146	1790777865527.8647	351.94284081459045	502852.7501463	1790777865832.0847	352.2220071145566	502853.0293126	1790777866111.251	502853.283962	353.0671331882477	502853.8749935	1790777866956.377	502853.8749935	587.9455149900645	300.0	0.0	502500.8099048	1790777513889.244	602.0769467353821	503102.8829009	1790778115966.1907
sub-10696	ses-1	run-01	0	145	26	7	16	24	26	14	26	14	left	right	1.0	305.75739999767393	True	True	win	31	354.0682842731476	502854.8755104	1790777867957.528	354.3722848892212	502855.1797172	1790777868261.5288	354.67804228921887	502855.4854746	1790777868567.2861	502855.7384694	355.6322932243347	502856.4402526	1790777869521.537	502856.4402526	697.0615694312581	300.0	0.0	502500.8099048	1790777513889.244	602.0769467353821	503102.8829009	1790778115966.1907
sub-10696	ses-1	run-01	0	146	26	7	17	24	26	14	26	14	left	right	1.0	282.9640000127256	True	True	win	31	356.6346697807312	502857.4418806	1790777870523.9136	356.93855357170105	502857.7463969	1790777870827.7974	357.2215175717138	502858.0293609	1790777871110.7615	502858.2854555	358.09037828445435	502858.8976581	1790777871979.622	502858.8976581	608.1068865631537	300.0	0.0	502500.8099048	1790777513889.244	602.0769467353821	503102.8829009	1790778115966.1907
sub-10696	ses-1	run-01	0	147	26	7	18	24	26	14	26	14	left	right	1.0	249.64520003413782	True	True	win	31	359.0924913883209	502859.8997524	1790777872981.7354	359.396723985672	502860.2038068	1790777873285.9678	359.64636918570613	502860.45345200005	1790777873535.613	502860.7068282	360.42783856391907	502861.2355694	1790777874317.0825	502861.2355694	524.0147576357086	300.0	0.0	502500.8099048	1790777513889.244	602.0769467353821	503102.8829009	1790778115966.1907
sub-10696	ses-1	run-01	0	148	26	7	19	24	26	14	26	14	left	right	1.0	286.89340001437813	True	True	win	31	361.4304246902466	502862.2375571	1790777875319.6685	361.73541927337646	502862.5424787	1790777875624.663	362.02231267339084	502862.8293721	1790777875911.5564	502863.0864875	362.85351824760437	502863.6611714	1790777876742.7622	502863.6611714	570.1613844946785	300.0	0.0	502500.8099048	1790777513889.244	602.0769467353821	503102.8829009	1790778115966.1907
sub-10696	ses-1	run-01	0	149	26	7	20	24	26	14	26	14	left	right	1.0	245.43150002136827	True	True	win	31	363.8559412956238	502864.6629605	1790777877745.185	364.1606192588806	502864.967906	1790777878049.863	364.406050758902	502865.2133375	1790777878295.2944	502865.4660307	365.20884561538696	502866.016046	1790777879098.0894	502866.016046	546.2744686094246	300.0	0.0	502500.8099048	1790777513889.244	602.0769467353821	503102.8829009	1790778115966.1907
sub-10696	ses-1	run-01	0	150	26	7	21	24	26	14	14	26	right	left	2.0	34.19810003833845	False	True	win	31	366.21174335479736	502867.018796	1790777880100.9873	366.5161361694336	502867.3232827	1790777880405.3801	366.55033426947193	502867.3574808	1790777880439.5781	502867.6106384	367.43256306648254	502868.2404502	1790777881321.807	502868.2404502	625.6866429216584	300.0	0.0	502500.8099048	1790777513889.244	602.0769467353821	503102.8829009	1790778115966.1907
sub-10696	ses-1	run-01	0	151	26	7	22	24	26	14	26	14	left	right	1.0	283.5861999774352	True	True	win	31	368.43457412719727	502869.2417258	1790777882323.8179	368.7385723590851	502869.5457598	1790777882627.8162	369.0221585590625	502869.829346	1790777882911.4023	502870.0843468	369.7838144302368	502870.59095	1790777883673.0583	502870.59095	502.5596096256747	300.0	0.0	502500.8099048	1790777513889.244	602.0769467353821	503102.8829009	1790778115966.1907
sub-10696	ses-1	run-01	0	152	26	7	23	24	26	14	14	26	right	left	2.0	283.54799997759983	False	True	win	31	370.78665590286255	502871.593621	1790777884675.8997	371.0899999141693	502871.8978007	1790777884979.2437	371.3735479141469	502872.18134869996	1790777885262.7917	502872.4362524	372.2659707069397	502873.0733284	1790777886155.2146	502873.0733284	633.2656534787013	300.0	0.0	502500.8099048	1790777513889.244	602.0769467353821	503102.8829009	1790778115966.1907
sub-10696	ses-1	run-01	0	153	14	8	0	20	26	14	26	14	left	right	1.0	240.73499999940395	False	False	loss	32	373.26850986480713	502874.0756764	1790777887157.7537	373.573513507843	502874.3806411	1790777887462.7573	373.8142485078424	502874.6213761	1790777887703.4924	502874.8734809	374.65950751304626	502875.4673591	1790777888548.7515	502875.4673591	589.0029804255636	300.0	0.0	502500.8099048	1790777513889.244	602.0769467353821	503102.8829009	1790778115966.1907
sub-10696	ses-1	run-01	0	154	14	8	1	20	26	14	26	14	left	right	2.0	281.7487000138499	True	True	win	31	375.660525560379	502876.4675213	1790777889549.7693	375.9645326137543	502876.7716216	1790777889853.7764	376.2462813137681	502877.05337030004	1790777890135.5251	502877.3105961	377.05498909950256	502877.8620733	1790777890944.233	502877.8620733	547.7799584041223	300.0	0.0	502500.8099048	1790777513889.244	602.0769467353821	503102.8829009	1790778115966.1907
sub-10696	ses-1	run-01	0	155	14	8	2	20	26	14	26	14	left	right	2.0	285.2796000079252	True	True	win	31	378.05681896209717	502878.8637284	1790777891946.0627	378.36117696762085	502879.1682327	1790777892250.421	378.6464565676288	502879.4535123	1790777892535.7004	502879.7062324	379.55897784233093	502880.3667335	1790777893448.2217	502880.3667335	656.7017867257333	300.0	0.0	502500.8099048	1790777513889.244	602.0769467353821	503102.8829009	1790778115966.1907
sub-10696	ses-1	run-01	0	156	14	8	3	20	26	14	14	26	right	left	1.0	342.0844000065699	False	False	loss	32	380.56012415885925	502881.3670733	1790777894449.368	380.8643841743469	502881.6714198	1790777894753.628	381.2064685743535	502882.01350420003	1790777895095.7124	502882.2703718	382.09912848472595	502882.9069216	1790777895988.3723	502882.9069216	631.0442458103664	300.0	0.0	502500.8099048	1790777513889.244	602.0769467353821	503102.8829009	1790778115966.1907
sub-10696	ses-1	run-01	0	157	14	8	4	20	26	14	26	14	left	right	2.0	481.34769999887794	True	False	loss	32	383.1007933616638	502883.9077454	1790777896990.037	383.4050509929657	502884.2121093	1790777897294.295	383.8863986929646	502884.693457	1790777897775.6426	502884.9458829	384.69994735717773	502885.5076503	1790777898589.1912	502885.5076503	557.7351694124732	300.0	0.0	502500.8099048	1790777513889.244	602.0769467353821	503102.8829009	1790778115966.1907
sub-10696	ses-1	run-01	0	158	14	8	5	20	26	14	14	26	right	left	2.0	296.6429000371136	True	True	win	31	385.70128202438354	502886.5082476	1790777899590.526	386.00567626953125	502886.8127546	1790777899894.9202	386.30231916956836	502887.10939750005	1790777900191.563	502887.3656577	387.10412096977234	502887.9111375	1790777900993.3647	502887.9111375	540.2677440818425	300.0	0.0	502500.8099048	1790777513889.244	602.0769467353821	503102.8829009	1790778115966.1907
sub-10696	ses-1	run-01	0	159	14	8	6	20	26	14	14	26	right	left	2.0	275.5379000445828	True	True	win	31	388.1060209274292	502888.9134753	1790777901995.2646	388.41063618659973	502889.2177426	1790777902299.8801	388.6861740866443	502889.49328050006	1790777902575.418	502889.7456364	389.46802830696106	502890.2756605	1790777903357.2722	502890.2756605	525.9450994255029	300.0	0.0	502500.8099048	1790777513889.244	602.0769467353821	503102.8829009	1790778115966.1907
sub-10696	ses-1	run-01	0	160	14	8	7	20	26	14	14	26	right	left	2.0	256.7096000420861	True	True	win	31	390.4695360660553	502891.2765329	1790777904358.7798	390.77353858947754	502891.580695	1790777904662.7825	391.0302481895196	502891.83740460005	1790777904919.4922	502892.0934246	391.9745466709137	502892.7814118	1790777905863.7905	502892.7814118	684.8554429873018	300.0	0.0	502500.8099048	1790777513889.244	602.0769467353821	503102.8829009	1790778115966.1907
sub-10696	ses-1	run-01	0	161	14	8	8	20	26	14	14	26	right	left	2.0	295.16009998042136	True	True	win	31	392.9755585193634	502893.7824705	1790777906864.8022	393.27955508232117	502894.0863846	1790777907168.7988	393.5747151823016	502894.3815447	1790777907463.959	502894.6351004	394.4371795654297	502895.2441694	1790777908326.4233	502895.2441694	604.0273785305836	300.0	0.0	502500.8099048	1790777513889.244	602.0769467353821	503102.8829009	1790778115966.1907
sub-10696	ses-1	run-01	0	162	14	8	9	20	26	14	14	26	right	left	2.0	471.57310001784936	True	True	win	31	395.43895864486694	502896.2459388	1790777909328.2024	395.74293756484985	502896.5500036	1790777909632.1814	396.2145106648677	502897.02157670003	1790777910103.7544	502897.2750898	397.0314769744873	502897.8392001	1790777910920.7207	502897.8392001	559.898985349139	300.0	0.0	502500.8099048	1790777513889.244	602.0769467353821	503102.8829009	1790778115966.1907
sub-10696	ses-1	run-01	0	163	14	8	10	20	26	14	14	26	right	left	2.0	364.0633999602869	True	True	win	31	398.03448843955994	502898.8414113	1790777911923.7322	398.33848571777344	502899.1452734	1790777912227.7295	398.7025491177337	502899.50933679997	1790777912591.793	502899.7632862	399.5371241569519	502900.3440772	1790777913426.368	502900.3440772	576.6357326793574	300.0	0.0	502500.8099048	1790777513889.244	602.0769467353821	503102.8829009	1790778115966.1907
sub-10696	ses-1	run-01	0	164	14	8	11	20	26	14	14	26	right	left	2.0	547.4647999508306	True	True	win	31	400.5386803150177	502901.3458551	1790777914427.924	400.843044757843	502901.6499362	1790777914732.2886	401.39050955779385	502902.19740099995	1790777915279.7534	502902.4541041	402.3284022808075	502903.1360817	1790777916217.6462	502903.1360817	677.3798997295423	300.0	0.0	502500.8099048	1790777513889.244	602.0769467353821	503102.8829009	1790778115966.1907
sub-10696	ses-1	run-01	0	165	14	8	12	20	26	14	26	14	left	right	2.0	657.7416000072844	True	True	win	31	403.3317151069641	502904.138617	1790777917220.959	403.63673186302185	502904.4436459	1790777917525.9756	404.29447346302914	502905.1013875	1790777918183.7173	502905.3575988	405.0627419948578	502905.8703951	1790777918951.9858	502905.8703951	508.692418124823	300.0	0.0	502500.8099048	1790777513889.244	602.0769467353821	503102.8829009	1790778115966.1907
sub-10696	ses-1	run-01	0	166	14	8	13	20	26	14	26	14	left	right	2.0	323.862100020051	True	True	win	31	406.0651218891144	502906.8728079	1790777919954.3657	406.3705384731293	502907.1774137	1790777920259.7822	406.6944005731493	502907.5012758	1790777920583.6443	502907.7553937	407.5686671733856	502908.3757554	1790777921457.9111	502908.3757554	616.2600390521543	300.0	0.0	502500.8099048	1790777513889.244	602.0769467353821	503102.8829009	1790778115966.1907
sub-10696	ses-1	run-01	0	167	14	8	14	20	26	14	14	26	right	left	2.0	459.9993000156246	True	False	loss	32	408.5704393386841	502909.3772597	1790777922459.683	408.8745722770691	502909.6814379	1790777922763.8162	409.3345715770847	502910.1414372	1790777923223.8154	502910.3943909	410.1995813846588	502911.0063309	1790777924088.8252	502911.0063309	607.9874690542472	300.0	0.0	502500.8099048	1790777513889.244	602.0769467353821	503102.8829009	1790778115966.1907
sub-10696	ses-1	run-01	0	168	14	8	15	20	26	14	14	26	right	left	1.0	405.09180002845824	False	False	loss	32	411.20132875442505	502912.008157	1790777925090.5725	411.505343914032	502912.3122657	1790777925394.5876	411.91043571406044	502912.71735750005	1790777925799.6794	502912.9712862	412.83789825439453	502913.6446672	1790777926727.142	502913.6446672	669.0047015799029	300.0	0.0	502500.8099048	1790777513889.244	602.0769467353821	503102.8829009	1790778115966.1907
sub-10696	ses-1	run-01	0	169	14	8	16	20	26	14	14	26	right	left	2.0	381.1963999760337	True	True	win	31	413.840957403183	502914.6477555	1790777927730.2012	414.1455783843994	502914.9523213	1790777928034.8223	414.52677478437545	502915.33351769997	1790777928416.0186	502915.5863962	415.3009958267212	502916.1086017	1790777929190.2397	502916.1086017	518.1359763730577	300.0	0.0	502500.8099048	1790777513889.244	602.0769467353821	503102.8829009	1790778115966.1907
sub-10696	ses-1	run-01	0	170	14	8	17	20	26	14	26	14	left	right	2.0	356.91079997923225	True	True	win	31	416.30499958992004	502917.1118145	1790777930194.2434	416.61011815071106	502917.4168611	1790777930499.362	416.9670289506903	502917.7737719	1790777930856.273	502918.0257842	417.8860139846802	502918.6934015	1790777931775.2578	502918.6934015	663.1745350058385	300.0	0.0	502500.8099048	1790777513889.244	602.0769467353821	503102.8829009	1790778115966.1907
sub-10696	ses-1	run-01	0	171	14	8	18	20	26	14	26	14	left	right	2.0	374.6701999916695	True	False	loss	32	418.88785195350647	502919.694617	1790777932777.0957	419.19206619262695	502919.9988745	1790777933081.31	419.5667363926186	502920.3735447	1790777933455.9802	502920.6271091	420.51203536987305	502921.3186898	1790777934401.2793	502921.3186898	687.0067999485764	300.0	0.0	502500.8099048	1790777513889.244	602.0769467353821	503102.8829009	1790778115966.1907
sub-10696	ses-1	run-01	0	172	14	8	19	20	26	14	26	14	left	right	2.0	301.1936999973841	True	True	win	31	421.5134656429291	502922.3201574	1790777935402.7095	421.8174772262573	502922.6242984	1790777935706.721	422.1186709262547	502922.9254921	1790777936007.9146	502923.1782105	422.87947702407837	502923.686944	1790777936768.721	502923.686944	505.3910425464193	300.0	0.0	502500.8099048	1790777513889.244	602.0769467353821	503102.8829009	1790778115966.1907
sub-10696	ses-1	run-01	0	173	26	9	0	20	26	14	26	14	left	right	2.0	364.865799958352	False	False	loss	32	423.88048481941223	502924.6871688	1790777937769.7288	424.18548560142517	502924.9924648	1790777938074.7295	424.5503514013835	502925.3573306	1790777938439.5952	502925.6111361	425.3758420944214	502926.1825735	1790777939265.086	502926.1825735	567.128230153511	300.0	0.0	502500.8099048	1790777513889.244	602.0769467353821	503102.8829009	1790778115966.1907
sub-10696	ses-1	run-01	0	174	26	9	1	20	26	14	26	14	left	right	2.0	794.9846000410616	False	True	win	31	426.37835478782654	502927.1858834	1790777940267.5986	426.68369936943054	502927.4904679	1790777940572.943	427.4786839694716	502928.28545250004	1790777941367.9277	502928.5403999	428.32871747016907	502929.1362005	1790777942217.9614	502929.1362005	591.4755380291685	300.0	0.0	502500.8099048	1790777513889.244	602.0769467353821	503102.8829009	1790778115966.1907
sub-10696	ses-1	run-01	0	175	26	9	2	20	26	14	26	14	left	right	2.0	507.81400001142174	False	False	loss	32	429.3307247161865	502930.1374548	1790777943219.9685	429.6347680091858	502930.4414785	1790777943524.012	430.1425820091972	502930.94929250004	1790777944031.826	502931.2063474	430.9710695743561	502931.7777857	1790777944860.3135	502931.7777857	567.3812024908129	300.0	0.0	502500.8099048	1790777513889.244	602.0769467353821	503102.8829009	1790778115966.1907
sub-10696	ses-1	run-01	0	176	26	9	3	20	26	14	14	26	right	left	1.0	41.34689999045804	True	True	win	31	431.97265815734863	502932.7792762	1790777945861.902	432.2773334980011	502933.08397	1790777946166.5774	432.31868039799156	502933.12531689997	1790777946207.9243	502933.3821591	433.2768523693085	502934.0839456	1790777947166.0962	502934.0839456	696.5972913441942	300.0	0.0	502500.8099048	1790777513889.244	602.0769467353821	503102.8829009	1790778115966.1907
sub-10696	ses-1	run-01	0	177	26	9	4	20	26	14	14	26	right	left	1.0	271.0969999898225	True	False	loss	32	434.2784378528595	502935.0853108	1790777948167.6816	434.58343958854675	502935.3901796	1790777948472.6833	434.8545365885366	502935.6612766	1790777948743.7803	502935.9130254	435.67580580711365	502936.4823904	1790777949565.0496	502936.4823904	565.2027216150436	300.0	0.0	502500.8099048	1790777513889.244	602.0769467353821	503102.8829009	1790778115966.1907
sub-10696	ses-1	run-01	0	178	26	9	5	20	26	14	26	14	left	right	2.0	520.9996000048704	False	False	loss	32	436.6768205165863	502937.4841478	1790777950566.0645	436.98151111602783	502937.7882557	1790777950870.755	437.5025107160327	502938.30925530003	1790777951391.7544	502938.5622577	438.31443071365356	502939.1211229	1790777952203.6746	502939.1211229	554.0861968422432	300.0	0.0	502500.8099048	1790777513889.244	602.0769467353821	503102.8829009	1790778115966.1907
sub-10696	ses-1	run-01	0	179	26	9	6	20	26	14	14	26	right	left	2.0	338.0186999565922	False	False	loss	32	439.3162405490875	502940.1228915	1790777953205.4844	439.6202349662781	502940.4272564	1790777953509.4788	439.95825366623467	502940.76527509996	1790777953847.4976	502941.0198071	440.7722418308258	502941.5787854	1790777954661.4856	502941.5787854	555.0241654591986	300.0	0.0	502500.8099048	1790777513889.244	602.0769467353821	503102.8829009	1790778115966.1907
sub-10696	ses-1	run-01	0	180	26	9	7	20	26	14	26	14	left	right	1.0	254.5045000151731	True	True	win	31	441.775249004364	502942.5817757	1790777955664.493	442.08025074005127	502942.8868361	1790777955969.4946	442.33475524006644	502943.14134060004	1790777956223.999	502943.3950656	443.18759751319885	502943.9942496	1790777957076.8413	502943.9942496	594.4111979780719	300.0	0.0	502500.8099048	1790777513889.244	602.0769467353821	503102.8829009	1790778115966.1907
sub-10696	ses-1	run-01	0	181	26	9	8	20	26	14	26	14	left	right	1.0	256.94920000387356	True	True	win	31	444.18945693969727	502944.9959803	1790777958078.7007	444.4936876296997	502945.3003541	1790777958382.9314	444.7506368297036	502945.5573033	1790777958639.8806	502945.8142254	445.68589186668396	502946.4924359	1790777959575.1357	502946.4924359	673.0001345972478	300.0	0.0	502500.8099048	1790777513889.244	602.0769467353821	503102.8829009	1790778115966.1907
sub-10696	ses-1	run-01	0	182	26	9	9	20	26	14	14	26	right	left	2.0	229.56810001051053	False	False	loss	32	446.68793773651123	502947.4945446	1790777960577.1816	446.9929404258728	502947.7998159	1790777960882.1843	447.2225085258833	502948.029384	1790777961111.7524	502948.2834515	448.0419476032257	502948.8485093	1790777961931.1914	502948.8485093	560.6449650942118	300.0	0.0	502500.8099048	1790777513889.244	602.0769467353821	503102.8829009	1790778115966.1907
sub-10696	ses-1	run-01	0	183	26	9	10	20	26	14	14	26	right	left	1.0	258.65669996710494	True	True	win	31	449.04299998283386	502949.8501546	1790777962932.244	449.3481001853943	502950.1545507	1790777963237.344	449.6067568853614	502950.41320739995	1790777963496.0007	502950.6679667	450.4825189113617	502951.2898492	1790777964371.7627	502951.2898492	617.0186684723228	300.0	0.0	502500.8099048	1790777513889.244	602.0769467353821	503102.8829009	1790778115966.1907
sub-10696	ses-1	run-01	0	184	26	9	11	20	26	14	26	14	left	right	2.0	256.30060001276433	False	False	loss	32	451.48542046546936	502952.2918961	1790777965374.6643	451.7901005744934	502952.597125	1790777965679.3445	452.0464011745062	502952.8534256	1790777965935.645	502953.1093971	452.93815636634827	502953.7451741	1790777966827.4001	502953.7451741	631.9829594693696	300.0	0.0	502500.8099048	1790777513889.244	602.0769467353821	503102.8829009	1790778115966.1907
sub-10696	ses-1	run-01	0	185	26	9	12	20	26	14	14	26	right	left	1.0	225.9842999628745	True	False	loss	32	453.9409520626068	502954.7474595	1790777967830.1958	454.24495553970337	502955.0514142	1790777968134.1995	454.47093983966624	502955.27739849995	1790777968360.1838	502955.5303893	455.33476662635803	502956.1416513	1790777969224.0105	502956.1416513	607.6477054790128	300.0	0.0	502500.8099048	1790777513889.244	602.0769467353821	503102.8829009	1790778115966.1907
sub-10696	ses-1	run-01	0	186	26	9	13	20	26	14	14	26	right	left	1.0	221.67639998951927	True	False	loss	32	456.3365499973297	502957.1430766	1790777970225.794	456.6409521102905	502957.4475781	1790777970530.196	456.86262851028005	502957.6692545	1790777970751.8726	502957.9255059	457.80878233909607	502958.6151445	1790777971698.0261	502958.6151445	685.7110397392463	300.0	0.0	502500.8099048	1790777513889.244	602.0769467353821	503102.8829009	1790778115966.1907
sub-10696	ses-1	run-01	0	187	26	9	14	20	26	14	14	26	right	left	2.0	387.92369997827336	False	False	loss	32	458.8107190132141	502959.6172296	1790777972699.963	459.1150367259979	502959.9214587	1790777973004.2805	459.5029604259762	502960.30938239995	1790777973392.204	502960.56544	460.33703875541687	502961.143435	1790777974226.2827	502961.143435	573.738681700819	300.0	0.0	502500.8099048	1790777513889.244	602.0769467353821	503102.8829009	1790778115966.1907
sub-10696	ses-1	run-01	0	188	26	9	15	20	26	14	14	26	right	left	2.0	411.543799971696	False	False	loss	32	461.3388168811798	502962.145244	1790777975228.0608	461.6430175304413	502962.4497894	1790777975532.2615	462.054561330413	502962.86133319995	1790777975943.8052	502963.1136942	462.967497587204	502963.774041	1790777976856.7415	502963.774041	656.3501946638519	300.0	0.0	502500.8099048	1790777513889.244	602.0769467353821	503102.8829009	1790778115966.1907
sub-10696	ses-1	run-01	0	189	26	9	16	20	26	14	14	26	right	left	2.0	276.45699999993667	False	True	win	31	463.9703722000122	502964.7767508	1790777977859.616	464.27438950538635	502965.0808862	1790777978163.6333	464.5508465053863	502965.3573432	1790777978440.0903	502965.6148497	465.50109338760376	502966.3081741	1790777979390.3372	502966.3081741	689.1798597815558	300.0	0.0	502500.8099048	1790777513889.244	602.0769467353821	503102.8829009	1790778115966.1907
sub-10696	ses-1	run-01	0	190	26	9	17	20	26	14	26	14	left	right	2.0	351.5441999770701	False	True	win	31	466.50310254096985	502967.3094395	1790777980392.3464	466.80722737312317	502967.6137389	1790777980696.4712	467.15877157310024	502967.96528309997	1790777981048.0154	502968.2222041	468.101437330246	502968.9078209	1790777981990.6812	502968.9078209	681.3902929342485	300.0	0.0	502500.8099048	1790777513889.244	602.0769467353821	503102.8829009	1790778115966.1907
sub-10696	ses-1	run-01	0	191	26	9	18	20	26	14	14	26	right	left	2.0	350.7717000320554	False	False	loss	32	469.10302996635437	502969.9094436	1790777982992.274	469.40803265571594	502970.2145646	1790777983297.2766	469.758804355748	502970.56533630006	1790777983648.0483	502970.8194226	470.5460464954376	502971.3524914	1790777984435.2903	502971.3524914	529.4933574022923	300.0	0.0	502500.8099048	1790777513889.244	602.0769467353821	503102.8829009	1790778115966.1907
sub-10696	ses-1	run-01	0	192	26	9	19	20	26	14	14	26	right	left	1.0	313.0238000303507	True	True	win	31	471.5488815307617	502972.3551774	1790777985438.1255	471.8538839817047	502972.6603659	1790777985743.128	472.16690778173506	502972.97338970006	1790777986056.1516	502973.2290312	472.97469091415405	502973.7811464	1790777986863.9348	502973.7811464	548.6465790478159	300.0	0.0	502500.8099048	1790777513889.244	602.0769467353821	503102.8829009	1790778115966.1907
sub-10696	ses-1	run-01	0	193	14	10	0	20	26	14	14	26	right	left	2.0	286.4791000029072	True	False	loss	32	473.97607684135437	502974.7824215	1790777987865.3208	474.2802550792694	502975.0867758	1790777988169.499	474.5667341792723	502975.3732549	1790777988455.978	502975.6298991	475.382892370224	502976.189134	1790777989272.1362	502976.189134	555.0847952556251	300.0	0.0	502500.8099048	1790777513889.244	602.0769467353821	503102.8829009	1790778115966.1907
sub-10696	ses-1	run-01	0	194	14	10	1	20	26	14	26	14	left	right	2.0	69.17979998979717	True	False	loss	32	476.3857398033142	502977.1920545	1790777990274.9836	476.68974256515503	502977.4962399	1790777990578.9863	476.7589223651448	502977.5654197	1790777990648.166	502977.8186707	477.6246585845947	502978.431063	1790777991513.9023	502978.431063	608.5131739941442	300.0	0.0	502500.8099048	1790777513889.244	602.0769467353821	503102.8829009	1790778115966.1907
sub-10696	ses-1	run-01	0	195	14	10	2	20	26	14	14	26	right	left	2.0	323.9616999635473	True	True	win	31	478.6272189617157	502979.4334793	1790777992516.463	478.93086528778076	502979.7373022	1790777992820.1091	479.2548269877443	502980.06126389996	1790777993144.0708	502980.316597	480.08031272888184	502980.8873945	1790777993969.5566	502980.8873945	566.736538284593	300.0	0.0	502500.8099048	1790777513889.244	602.0769467353821	503102.8829009	1790778115966.1907
sub-10696	ses-1	run-01	0	196	14	10	3	20	26	14	14	26	right	left	1.0	308.5158999892883	False	False	loss	32	481.0821924209595	502981.8884292	1790777994971.4363	481.38659286499023	502982.1928613	1790777995275.8367	481.6951087649795	502982.5013772	1790777995584.3525	502982.7561373	482.4988853931427	502983.3051007	1790777996388.1292	502983.3051007	544.1930421165432	300.0	0.0	502500.8099048	1790777513889.244	602.0769467353821	503102.8829009	1790778115966.1907
sub-10696	ses-1	run-01	0	197	14	10	4	20	26	14	26	14	left	right	1.0	369.86969999270514	False	False	loss	32	483.50050115585327	502984.3067142	1790777997389.745	483.8044984340668	502984.6114165	1790777997693.7422	484.1743681340595	502984.9812862	1790777998063.6118	502985.235104	485.0307037830353	502985.836981	1790777998919.9475	502985.836981	597.0712776369566	300.0	0.0	502500.8099048	1790777513889.244	602.0769467353821	503102.8829009	1790778115966.1907
sub-10696	ses-1	run-01	0	198	14	10	5	20	26	14	26	14	left	right	2.0	333.6632000282407	True	True	win	31	486.0319437980652	502986.8390879	1790777999921.1877	486.3374342918396	502987.1437465	1790778000226.6782	486.67109749186784	502987.47740970005	1790778000560.3413	502987.7322265	487.5821132659912	502988.3883132	1790778001471.3572	502988.3883132	652.565009120313	300.0	0.0	502500.8099048	1790777513889.244	602.0769467353821	503102.8829009	1790778115966.1907
sub-10696	ses-1	run-01	0	199	14	10	6	20	26	14	26	14	left	right	2.0	349.85739999683574	True	True	win	31	488.58411931991577	502989.3903373	1790778002473.3633	488.8891279697418	502989.695448	1790778002778.3718	489.23898536973866	502990.0453054	1790778003128.2292	502990.2993155	490.01513600349426	502990.8213525	1790778003904.38	502990.8213525	517.0377535997698	300.0	0.0	502500.8099048	1790777513889.244	602.0769467353821	503102.8829009	1790778115966.1907
sub-10696	ses-1	run-01	0	200	14	10	7	20	26	14	14	26	right	left	2.0	414.11559999687597	True	True	win	31	491.01631450653076	502991.8230503	1790778004905.5583	491.320764541626	502992.1270465	1790778005210.0083	491.73488014162285	502992.5411621	1790778005624.1238	502992.7962274	492.6601185798645	502993.466439	1790778006549.3623	502993.466439	666.1565785161079	300.0	0.0	502500.8099048	1790777513889.244	602.0769467353821	503102.8829009	1790778115966.1907
sub-10696	ses-1	run-01	0	201	14	10	8	20	26	14	26	14	left	right	2.0	367.4708000035025	True	True	win	31	493.66261410713196	502994.4689724	1790778007551.858	493.96761417388916	502994.7738939	1790778007856.858	494.33508497389266	502995.1413647	1790778008224.3286	502995.396786	495.1359078884125	502995.9420344	1790778009025.1516	502995.9420344	541.0576895183254	300.0	0.0	502500.8099048	1790777513889.244	602.0769467353821	503102.8829009	1790778115966.1907
sub-10696	ses-1	run-01	0	202	14	10	9	20	26	14	26	14	left	right	2.0	422.05870000179857	True	True	win	31	496.13691329956055	502996.9430836	1790778010026.1572	496.4409370422363	502997.2471367	1790778010330.181	496.8629957422381	502997.6691954	1790778010752.2395	502997.925976	497.7650468349457	502998.5713615	1790778011654.2908	502998.5713615	641.4060709674256	300.0	0.0	502500.8099048	1790777513889.244	602.0769467353821	503102.8829009	1790778115966.1907
sub-10696	ses-1	run-01	0	203	14	10	10	20	26	14	26	14	left	right	2.0	383.20759998168796	True	True	win	31	498.7667863368988	502999.5729632	1790778012656.0303	499.07174253463745	502999.8779718	1790778012960.9863	499.45495013461914	503000.26117939997	1790778013344.1938	503000.5166345	500.21661162376404	503001.0227714	1790778014105.8555	503001.0227714	501.50414494711924	300.0	0.0	502500.8099048	1790777513889.244	602.0769467353821	503102.8829009	1790778115966.1907
sub-10696	ses-1	run-01	0	204	14	10	11	20	26	14	14	26	right	left	2.0	484.0241000056267	True	True	win	31	501.2191905975342	503002.0253176	1790778015108.4343	501.5231921672821	503002.3293347	1790778015412.436	502.00721626728773	503002.8133588	1790778015896.4602	503003.0693023	502.9322474002838	503003.7385123	1790778016821.4912	503003.7385123	665.375030087542	300.0	0.0	502500.8099048	1790777513889.244	602.0769467353821	503102.8829009	1790778115966.1907
sub-10696	ses-1	run-01	0	205	14	10	12	20	26	14	26	14	left	right	2.0	351.1387000326067	True	False	loss	32	503.9350266456604	503004.7415528	1790778017824.2705	504.23984146118164	503005.0461487	1790778018129.0852	504.59098016121425	503005.39728740003	1790778018480.2239	503005.651039	505.35108733177185	503006.1572557	1790778019240.331	503006.1572557	502.3884492768834	300.0	0.0	502500.8099048	1790777513889.244	602.0769467353821	503102.8829009	1790778115966.1907
sub-10696	ses-1	run-01	0	206	14	10	13	20	26	14	14	26	right	left	2.0	492.77720000827685	True	True	win	31	506.3533284664154	503007.1594326	1790778020242.5723	506.6583454608917	503007.464635	1790778020547.5894	507.1511226609	503007.9574122	1790778021040.3665	503008.2134404	508.0043396949768	503008.8105373	1790778021893.5835	503008.8105373	592.9835305925975	300.0	0.0	502500.8099048	1790777513889.244	602.0769467353821	503102.8829009	1790778115966.1907
sub-10696	ses-1	run-01	0	207	14	10	14	20	26	14	14	26	right	left	2.0	417.00960003072396	True	True	win	31	509.0063464641571	503009.8124495	1790778022895.5903	509.30994844436646	503010.1162125	1790778023199.1924	509.7269580443972	503010.53322210006	1790778023616.202	503010.78684	510.5285167694092	503011.334615	1790778024417.7605	503011.334615	543.1982753269516	300.0	0.0	502500.8099048	1790777513889.244	602.0769467353821	503102.8829009	1790778115966.1907
sub-10696	ses-1	run-01	0	208	14	10	15	20	26	14	14	26	right	left	2.0	380.44110004557297	True	True	win	31	511.52981638908386	503012.3358993	1790778025419.0603	511.8347074985504	503012.6409416	1790778025723.9514	512.215148598596	503013.02138270007	1790778026104.3926	503013.274761	513.08389544487	503013.8900729	1790778026973.1394	503013.8900729	611.9372981537964	300.0	0.0	502500.8099048	1790777513889.244	602.0769467353821	503102.8829009	1790778115966.1907
sub-10696	ses-1	run-01	0	209	14	10	16	20	26	14	14	26	right	left	2.0	431.2546000001021	True	True	win	31	514.0868887901306	503014.8929176	1790778027976.1326	514.3919155597687	503015.1980062	1790778028281.1594	514.8231701597688	503015.6292608	1790778028712.414	503015.8819727	515.7186968326569	503016.525305	1790778029607.9407	503016.525305	639.3309152278727	300.0	0.0	502500.8099048	1790777513889.244	602.0769467353821	503102.8829009	1790778115966.1907
sub-10696	ses-1	run-01	0	210	14	10	17	20	26	14	14	26	right	left	2.0	390.5538000399247	True	True	win	31	516.7206311225891	503017.5269209	1790778030609.875	517.0241532325745	503017.8307001	1790778030913.397	517.4147070326144	503018.22125390003	1790778031303.9507	503018.4739755	518.3409559726715	503019.1471004	1790778032230.1997	503019.1471004	669.5304133862221	300.0	0.0	502500.8099048	1790777513889.244	602.0769467353821	503102.8829009	1790778115966.1907
sub-10696	ses-1	run-01	0	211	14	10	18	20	26	14	26	14	left	right	2.0	520.2845000312664	True	True	win	31	519.3428158760071	503020.1488823	1790778033232.0598	519.6468281745911	503020.4529067	1790778033536.072	520.1671126746223	503020.97319120006	1790778034056.3564	503021.2268211	520.9368307590485	503021.7436306	1790778034826.0747	503021.7436306	512.6493276644742	300.0	0.0	502500.8099048	1790777513889.244	602.0769467353821	503102.8829009	1790778115966.1907
sub-10696	ses-1	run-01	0	212	14	10	19	20	26	14	26	14	left	right	2.0	420.02370004775	True	False	loss	32	521.9383842945099	503022.7443167	1790778035827.6282	522.2431771755219	503023.0492876	1790778036132.421	522.6632008755696	503023.4693113	1790778036552.4446	503023.7229372	523.5800721645355	503024.3861768	1790778037469.316	503024.3861768	659.6496506096331	300.0	0.0	502500.8099048	1790777513889.244	602.0769467353821	503102.8829009	1790778115966.1907
sub-10696	ses-1	run-01	0	213	26	11	0	21	26	14	26	14	left	right	2.0	360.4878000332974	False	False	loss	32	524.5826361179352	503025.3886237	1790778038471.88	524.8866357803345	503025.6927543	1790778038775.8796	525.2471235803678	503026.05324210005	1790778039136.3674	503026.3055893	526.1876444816589	503026.9944884	1790778040076.8884	503026.9944884	685.605295892585	300.0	0.0	502500.8099048	1790777513889.244	602.0769467353821	503102.8829009	1790778115966.1907
sub-10696	ses-1	run-01	0	214	26	11	1	21	26	14	14	26	right	left	2.0	488.7834999826737	False	False	loss	32	527.1906552314758	503027.9966045	1790778041079.8992	527.4944858551025	503028.3004797	1790778041383.7297	527.9832693550852	503028.78926319996	1790778041872.5132	503029.0434564	528.7947301864624	503029.6014755	1790778042683.974	503029.6014755	554.227076425561	300.0	0.0	502500.8099048	1790777513889.244	602.0769467353821	503102.8829009	1790778115966.1907
sub-10696	ses-1	run-01	0	215	26	11	2	21	26	14	14	26	right	left	2.0	561.0358000267297	False	False	loss	32	529.797337770462	503030.6036551	1790778043686.5815	530.1022934913635	503030.9082789	1790778043991.5374	530.6633292913903	503031.46931470005	1790778044552.5732	503031.7221387	531.6132228374481	503032.4199986	1790778045502.4668	503032.4199986	693.1367790359194	300.0	0.0	502500.8099048	1790777513889.244	602.0769467353821	503102.8829009	1790778115966.1907
sub-10696	ses-1	run-01	0	216	26	11	3	21	26	14	26	14	left	right	1.0	495.41159998625517	True	True	win	31	532.61594414711	503033.4219665	1790778046505.188	532.919953584671	503033.725938	1790778046809.1975	533.4153651846573	503034.2213496	1790778047304.6091	503034.4741241	534.2711741924286	503035.0777884	1790778048160.418	503035.0777884	599.0086204595302	300.0	0.0	502500.8099048	1790777513889.244	602.0769467353821	503102.8829009	1790778115966.1907
sub-10696	ses-1	run-01	0	217	26	11	4	21	26	14	14	26	right	left	1.0	397.46210002340376	True	True	win	31	535.272869348526	503036.0787967	1790778049162.1133	535.5776462554932	503036.3837147	1790778049466.8901	535.9751083555166	503036.7811768	1790778049864.3523	503037.0365434	536.7823436260223	503037.5889833	1790778050671.5874	503037.5889833	548.248520549361	300.0	0.0	502500.8099048	1790777513889.244	602.0769467353821	503102.8829009	1790778115966.1907
sub-10696	ses-1	run-01	0	218	26	11	5	21	26	14	14	26	right	left	1.0	478.69899997022003	True	True	win	31	537.7835648059845	503038.5895344	1790778051672.8086	538.0885715484619	503038.8945302	1790778051977.8154	538.5672705484321	503039.37322919996	1790778052456.5144	503039.6275968	539.3626818656921	503040.1689744	1790778053251.9258	503040.1689744	537.2587885226188	300.0	0.0	502500.8099048	1790777513889.244	602.0769467353821	503102.8829009	1790778115966.1907
sub-10696	ses-1	run-01	0	219	26	11	6	21	26	14	26	14	left	right	1.0	402.94970001559705	True	True	win	31	540.3639891147614	503041.1698346	1790778054253.233	540.6682324409485	503041.4741961	1790778054557.4763	541.0711821409641	503041.87714580004	1790778054960.426	503042.1336547	541.8681404590607	503042.6741549	1790778055757.3843	503042.6741549	536.3385004073382	300.0	0.0	502500.8099048	1790777513889.244	602.0769467353821	503102.8829009	1790778115966.1907
sub-10696	ses-1	run-01	0	220	26	11	7	21	26	14	26	14	left	right	1.0	503.12200002372265	True	True	win	31	542.871034860611	503043.6768937	1790778056760.2788	543.1760401725769	503043.9821232	1790778057065.284	543.6791621726006	503044.48524520005	1790778057568.406	503044.741981	544.5730428695679	503045.3788791	1790778058462.2866	503045.3788791	633.6617740734147	300.0	0.0	502500.8099048	1790777513889.244	602.0769467353821	503102.8829009	1790778115966.1907
sub-10696	ses-1	run-01	0	221	26	11	8	21	26	14	14	26	right	left	1.0	672.3756999708712	True	True	win	31	545.5743968486786	503046.380322	1790778059463.6406	545.878790140152	503046.6847701	1790778059768.034	546.5511658401228	503047.35714579996	1790778060440.4097	503047.6099603	547.4535646438599	503048.2593955	1790778061342.8086	503048.2593955	645.4000566417703	300.0	0.0	502500.8099048	1790777513889.244	602.0769467353821	503102.8829009	1790778115966.1907
sub-10696	ses-1	run-01	0	222	26	11	9	21	26	14	26	14	left	right	1.0	382.36119999783114	True	True	win	31	548.4554531574249	503049.262163	1790778062344.697	548.7610995769501	503049.5669149	1790778062650.3435	549.1434607769479	503049.9492761	1790778063032.7046	503050.2050029	549.9606339931488	503050.7672481	1790778063849.878	503050.7672481	558.9930452972089	300.0	0.0	502500.8099048	1790777513889.244	602.0769467353821	503102.8829009	1790778115966.1907
sub-10696	ses-1	run-01	0	223	26	11	10	21	26	14	14	26	right	left	1.0	404.4117999728769	True	True	win	31	550.962858915329	503051.7689158	1790778064852.1028	551.2668623924255	503052.0727672	1790778065156.1062	551.6712741923984	503052.477179	1790778065560.518	503052.7316706	552.4711740016937	503053.2771051	1790778066360.4177	503053.2771051	541.985159064735	300.0	0.0	502500.8099048	1790777513889.244	602.0769467353821	503102.8829009	1790778115966.1907
sub-10696	ses-1	run-01	0	224	26	11	11	21	26	14	14	26	right	left	1.0	478.0657000374049	True	True	win	31	553.4723560810089	503054.2788693	1790778067361.5999	553.7772917747498	503054.5832162	1790778067666.5356	554.2553574747872	503055.06128190004	1790778068144.6013	503055.31758	555.1179089546204	503055.9244348	1790778069007.1528	503055.9244348	603.1343437084109	300.0	0.0	502500.8099048	1790777513889.244	602.0769467353821	503102.8829009	1790778115966.1907
sub-10696	ses-1	run-01	0	225	26	11	12	21	26	14	14	26	right	left	1.0	424.239200016018	True	True	win	31	556.1192297935486	503056.9249645	1790778070008.4736	556.4232273101807	503057.2290524	1790778070312.4712	556.8474665101967	503057.6532916	1790778070736.7104	503057.9069913	557.7034120559692	503058.50995	1790778071592.656	503058.50995	599.7487349360493	300.0	0.0	502500.8099048	1790777513889.244	602.0769467353821	503102.8829009	1790778115966.1907
sub-10696	ses-1	run-01	0	226	26	11	13	21	26	14	26	14	left	right	1.0	405.61620000516996	True	False	loss	32	558.7050235271454	503059.5109246	1790778072594.2673	559.0098233222961	503059.8155319	1790778072899.0671	559.4154395223013	503060.2211481	1790778073304.6833	503060.4739829	560.1842012405396	503060.9900158	1790778074073.445	503060.9900158	511.72163343906385	300.0	0.0	502500.8099048	1790777513889.244	602.0769467353821	503102.8829009	1790778115966.1907
sub-10696	ses-1	run-01	0	227	26	11	14	21	26	14	14	26	right	left	2.0	379.73530002636835	False	False	loss	32	561.1866867542267	503061.9925256	1790778075075.9307	561.4916019439697	503062.2975281	1790778075380.8457	561.8713372439961	503062.67726340005	1790778075760.581	503062.9314099	562.7576024532318	503063.5641036	1790778076646.8462	503063.5641036	629.0920909897352	300.0	0.0	502500.8099048	1790777513889.244	602.0769467353821	503102.8829009	1790778115966.1907
sub-10696	ses-1	run-01	0	228	26	11	15	21	26	14	26	14	left	right	1.0	280.19989997847006	True	True	win	31	563.7581672668457	503064.5646247	1790778077647.4111	564.0631308555603	503064.869	1790778077952.3748	564.3433307555388	503065.1491999	1790778078232.5747	503065.4024227	565.2939629554749	503066.1004382	1790778079183.2068	503066.1004382	694.531070371682	300.0	0.0	502500.8099048	1790777513889.244	602.0769467353821	503102.8829009	1790778115966.1907
sub-10696	ses-1	run-01	0	229	26	11	16	21	26	14	14	26	right	left	1.0	382.77329999255016	True	True	win	31	566.2956736087799	503067.1014581	1790778080184.9175	566.600682258606	503067.4065751	1790778080489.926	566.9834555585985	503067.78934839997	1790778080872.6992	503068.0456607	567.8534760475159	503068.6599787	1790778081742.72	503068.6599787	610.5777559202422	300.0	0.0	502500.8099048	1790777513889.244	602.0769467353821	503102.8829009	1790778115966.1907
sub-10696	ses-1	run-01	0	230	26	11	17	21	26	14	26	14	left	right	1.0	414.9242000421509	True	False	loss	32	568.8554892539978	503069.6612829	1790778082744.7332	569.1605796813965	503069.9662002	1790778083049.8235	569.5755038814386	503070.38112440007	1790778083464.7478	503070.6347188	570.4045634269714	503071.2103812	1790778084293.8074	503071.2103812	571.454562379278	300.0	0.0	502500.8099048	1790777513889.244	602.0769467353821	503102.8829009	1790778115966.1907
sub-10696	ses-1	run-01	0	231	26	11	18	21	26	14	26	14	left	right	1.0	305.3543000132777	True	False	loss	32	571.4062347412109	503072.2118596	1790778085295.4785	571.710282087326	503072.5160265	1790778085599.526	572.0156363873393	503072.8213808	1790778085904.8801	503073.0740751	572.8991725444794	503073.7049214	1790778086788.4165	503073.7049214	626.9572831241691	300.0	0.0	502500.8099048	1790777513889.244	602.0769467353821	503102.8829009	1790778115966.1907
sub-10696	ses-1	run-01	0	232	26	11	19	21	26	14	26	14	left	right	2.0	386.4700999693014	False	False	loss	32	573.9007086753845	503074.706417	1790778087789.9526	574.2047815322876	503075.010843	1790778088094.0254	574.5912516322569	503075.3973131	1790778088480.4956	503075.6494055	575.3820037841797	503076.1884347	1790778089271.2476	503076.1884347	535.8551539826464	300.0	0.0	502500.8099048	1790777513889.244	602.0769467353821	503102.8829009	1790778115966.1907
sub-10696	ses-1	run-01	0	233	26	11	20	21	26	14	14	26	right	left	1.0	366.25960003584623	True	False	loss	32	576.384970664978	503077.1907457	1790778090274.2146	576.6891801357269	503077.4948576	1790778090578.424	577.0554397357628	503077.86111720005	1790778090944.6836	503078.1133304	577.8246607780457	503078.6308328	1790778091713.9045	503078.6308328	513.7692858628619	300.0	0.0	502500.8099048	1790777513889.244	602.0769467353821	503102.8829009	1790778115966.1907
sub-10696	ses-1	run-01	0	234	14	12	0	24	26	14	14	26	right	left	1.0	371.52879999484867	False	False	loss	32	578.8269641399384	503079.6326977	1790778092716.208	579.1319789886475	503079.9377201	1790778093021.223	579.5035077886423	503080.3092489	1790778093392.7517	503080.5615741	580.3489766120911	503081.1545513	1790778094238.2205	503081.1545513	588.3534382457108	300.0	0.0	502500.8099048	1790777513889.244	602.0769467353821	503102.8829009	1790778115966.1907
sub-10696	ses-1	run-01	0	235	14	12	1	24	26	14	26	14	left	right	2.0	392.5591000006534	True	True	win	31	581.3509936332703	503082.1566926	1790778095240.2375	581.6549928188324	503082.4606813	1790778095544.2366	582.047551918833	503082.8532404	1790778095936.7957	503083.1095404	582.9878911972046	503083.7935989	1790778096877.135	503083.7935989	680.6972015519885	300.0	0.0	502500.8099048	1790777513889.244	602.0769467353821	503102.8829009	1790778115966.1907
sub-10696	ses-1	run-01	0	236	14	12	2	24	26	14	14	26	right	left	2.0	385.9927000012249	True	True	win	31	583.9892299175262	503084.7953059	1790778097878.4739	584.2934813499451	503085.0991816	1790778098182.725	584.6794740499463	503085.4851743	1790778098568.7178	503085.7381455	585.5261285305023	503086.3316495	1790778099415.3723	503086.3316495	589.5349625716681	300.0	0.0	502500.8099048	1790777513889.244	602.0769467353821	503102.8829009	1790778115966.1907
sub-10696	ses-1	run-01	0	237	14	12	3	24	26	14	14	26	right	left	2.0	446.6512000071816	True	False	loss	32	586.5280566215515	503087.3336139	1790778100417.3005	586.8331661224365	503087.6387347	1790778100722.41	587.2798173224437	503088.0853859	1790778101169.061	503088.3386006	588.1612257957458	503088.9673762	1790778102050.4697	503088.9673762	624.051508099061	300.0	0.0	502500.8099048	1790777513889.244	602.0769467353821	503102.8829009	1790778115966.1907
sub-10696	ses-1	run-01	0	238	14	12	4	24	26	14	14	26	right	left	2.0	379.7282000305131	True	True	win	31	589.1623840332031	503089.9686202	1790778103051.628	589.4677505493164	503090.2733776	1790778103356.9944	589.8474787493469	503090.65310580004	1790778103736.7227	503090.9062366	590.8027276992798	503091.6089197	1790778104691.9714	503091.6089197	697.8187245537406	300.0	0.0	502500.8099048	1790777513889.244	602.0769467353821	503102.8829009	1790778115966.1907
sub-10696	ses-1	run-01	0	239	14	12	5	24	26	14	26	14	left	right	2.0	314.6614999859594	True	True	win	31	591.8043081760406	503092.6098965	1790778105693.552	592.1088922023773	503092.9146705	1790778105998.136	592.4235537023633	503093.22933199996	1790778106312.7976	503093.4835302	593.3249125480652	503094.1306808	1790778107214.1565	503094.1306808	643.5547523834362	300.0	0.0	502500.8099048	1790777513889.244	602.0769467353821	503102.8829009	1790778115966.1907
sub-10696	ses-1	run-01	0	240	14	12	6	24	26	14	26	14	left	right	2.0	312.6376000000164	True	False	loss	32	594.326534986496	503095.1322739	1790778108215.7788	594.630845785141	503095.4364396	1790778108520.0896	594.943483385141	503095.7490772	1790778108832.7273	503096.0049063	595.7244653701782	503096.5302024	1790778109613.7092	503096.5302024	520.0562399367408	300.0	0.0	502500.8099048	1790777513889.244	602.0769467353821	503102.8829009	1790778115966.1907
sub-10696	ses-1	run-01	0	241	14	12	7	24	26	14	14	26	right	left	2.0	479.4341000379063	True	True	win	31	596.7269914150238	503097.5326122	1790778110616.2354	597.0319874286652	503097.837835	1790778110921.2312	597.5114215287031	503098.31726910005	1790778111400.6653	503098.5715707	598.3679971694946	503099.1742692	1790778112257.241	503099.1742692	599.608534443912	300.0	0.0	502500.8099048	1790777513889.244	602.0769467353821	503102.8829009	1790778115966.1907
sub-10696	ses-1	run-01	0	242	14	12	8	24	26	14	26	14	left	right	2.0	604.7437000088394	True	True	win	31	599.3700115680695	503100.1754935	1790778113259.2554	599.6750116348267	503100.4808275	1790778113564.2554	600.2797553348355	503101.0855712	1790778114168.999	503101.3404755	601.0757393836975	503101.8811851	1790778114964.9832	503101.8811851	536.3050460220177	300.0	0.0	502500.8099048	1790777513889.244	602.0769467353821	503102.8829009	1790778115966.1907
