subject_id	session_id	run	localizer	trial_num	current_good	contingency_id	trial_in_contingency	contingency_trials	flower1	flower2	left_stimulus	right_stimulus	slot1_position	slot2_position	choice	rt	correct	reward	outcome	feedback_marker	trial_start_task_time	trial_start_lsl_time	trial_start_unix_time	choice_window_onset_task_time	choice_window_onset_lsl_time	choice_window_onset_unix_time	choice_onset_task_time	choice_onset_lsl_time	choice_onset_unix_time	choice_marker_send_lsl_time	feedback_onset_task_time	feedback_onset_lsl_time	feedback_onset_unix_time	lsl_marker_send_time	wait_time	iti	run_start_task_time	run_start_lsl_time	run_start_unix_time	run_end_task_time	run_end_lsl_time	run_end_unix_time
sub-10037	ses-1	run-01	0	1	40	1	0	23	5	40	40	5	right	left	1	940.9468000003471	False	False	loss	32	0.0	2489.1588184	1789572059665.336	0.3445000648498535	2489.5026102	1789572060009.836	1.2854468648502007	2490.4435570000005	1789572060950.7827	2490.6985822	2.233442544937134	2491.3915483	1789572061898.7783	2491.3915483	688.8099669534685	300.0	0.0	2489.1587457	1789572059665.336	602.2570655345917	3091.4364771	1789572661922.4014
sub-10037	ses-1	run-01	0	2	40	1	1	23	5	40	5	40	left	right	2	593.4403000001112	True	False	loss	32	3.2351927757263184	2492.393357	1789572062900.5286	3.539804220199585	2492.6979946	1789572063205.1401	4.133244520199696	2493.2914349000002	1789572063798.5803	2493.5471549	5.042826414108276	2494.2010333	1789572064708.1624	2494.2010333	649.0424853612991	300.0	0.0	2489.1587457	1789572059665.336	602.2570655345917	3091.4364771	1789572661922.4014
sub-10037	ses-1	run-01	0	3	40	1	2	23	5	40	40	5	right	left	1	407.9682000001412	False	False	loss	32	6.04484748840332	2495.2031807	1789572065710.1833	6.3492560386657715	2495.5074731	1789572066014.592	6.757224238665913	2495.9154413	1789572066422.5603	2496.170978	7.657595872879028	2496.8158791	1789572067322.932	2496.8158791	640.6494734241834	300.0	0.0	2489.1587457	1789572059665.336	602.2570655345917	3091.4364771	1789572661922.4014
sub-10037	ses-1	run-01	0	4	40	1	3	23	5	40	5	40	left	right	2	488.5581000003185	True	False	loss	32	8.659372806549072	2497.8177208	1789572068324.7087	8.964661598205566	2498.1229761	1789572068629.9976	9.453219698205885	2498.6115342000003	1789572069118.5557	2498.8661438	10.3002290725708	2499.4586602	1789572069965.565	2499.4586602	588.6902340775191	300.0	0.0	2489.1587457	1789572059665.336	602.2570655345917	3091.4364771	1789572661922.4014
sub-10037	ses-1	run-01	0	5	40	1	4	23	5	40	40	5	right	left	2	469.8579000000791	True	False	loss	32	11.302380800247192	2500.4606944	1789572070967.7168	11.60718560218811	2500.765621	1789572071272.5215	12.07704350218819	2501.2354789	1789572071742.3794	2501.4893493	13.027301788330078	2502.1858137	1789572072692.6377	2502.1858137	692.8170076766844	300.0	0.0	2489.1587457	1789572059665.336	602.2570655345917	3091.4364771	1789572661922.4014
sub-10037	ses-1	run-01	0	6	40	1	5	23	5	40	40	5	right	left	1	447.09629999988465	False	False	loss	32	14.029392719268799	2503.1880459	1789572073694.7285	14.333871841430664	2503.492389	1789572073999.2078	14.780968141430549	2503.9394853	1789572074446.304	2504.1961847	15.736790418624878	2504.8960231	1789572075402.1262	2504.8960231	695.7513786965724	300.0	0.0	2489.1587457	1789572059665.336	602.2570655345917	3091.4364771	1789572661922.4014
sub-10037	ses-1	run-01	0	7	40	1	6	23	5	40	5	40	left	right	1	568.8233000000764	False	False	loss	32	16.739779949188232	2505.89834	1789572076405.1157	17.0440890789032	2506.2026912	1789572076709.425	17.612912378903275	2506.7715145	1789572077278.2483	2507.0266492	18.453031063079834	2507.6118497	1789572078118.367	2507.6118497	581.6126344693365	300.0	0.0	2489.1587457	1789572059665.336	602.2570655345917	3091.4364771	1789572661922.4014
sub-10037	ses-1	run-01	0	8	40	1	7	23	5	40	5	40	left	right	2	372.9730000000018	True	True	win	31	19.454431772232056	2508.613801	1789572079119.7676	19.75978922843933	2508.9185355	1789572079425.125	20.132762228439333	2509.2915085	1789572079798.098	2509.5467551	21.017358541488647	2510.1761196	1789572080682.6943	2510.1761196	625.1328542745276	300.0	0.0	2489.1587457	1789572059665.336	602.2570655345917	3091.4364771	1789572661922.4014
sub-10037	ses-1	run-01	0	9	40	1	8	23	5	40	40	5	right	left	2	375.9654999998929	True	True	win	31	22.019714832305908	2511.1789541	1789572081685.0508	22.324826955795288	2511.4836254	1789572081990.1628	22.70079245579518	2511.8595909	1789572082366.1284	2512.1119711	23.457329273223877	2512.6169357	1789572083122.6653	2512.6169357	501.83600180673005	300.0	0.0	2489.1587457	1789572059665.336	602.2570655345917	3091.4364771	1789572661922.4014
sub-10037	ses-1	run-01	0	10	40	1	9	23	5	40	40	5	right	left	2	383.2737000002453	True	True	win	31	24.46075749397278	2513.6195258	1789572084126.0935	24.76533341407776	2513.9242987	1789572084430.6692	25.148607114078004	2514.3075724	1789572084813.9429	2514.5629246	25.965410232543945	2515.1243546	1789572085630.746	2515.1243546	557.6823565818472	300.0	0.0	2489.1587457	1789572059665.336	602.2570655345917	3091.4364771	1789572661922.4014
sub-10037	ses-1	run-01	0	11	40	1	10	23	5	40	5	40	left	right	2	340.31270000014047	True	True	win	31	26.96723198890686	2516.1261447	1789572086632.5679	27.271459817886353	2516.4311755	1789572086936.7957	27.611772517886493	2516.7714882	1789572087277.1084	2517.0244654	28.455177783966064	2517.6142168	1789572088120.5137	2517.6142168	585.4296605462349	300.0	0.0	2489.1587457	1789572059665.336	602.2570655345917	3091.4364771	1789572661922.4014
sub-10037	ses-1	run-01	0	12	40	1	11	23	5	40	40	5	right	left	2	330.7890999999472	True	False	loss	32	29.45693612098694	2518.6159793	1789572089122.272	29.76158905029297	2518.9206808	1789572089426.925	30.092378150292916	2519.2514699	1789572089757.714	2519.5037228	30.991191148757935	2520.1503397	1789572090656.527	2520.1503397	642.8050733099456	300.0	0.0	2489.1587457	1789572059665.336	602.2570655345917	3091.4364771	1789572661922.4014
sub-10037	ses-1	run-01	0	13	40	1	12	23	5	40	5	40	left	right	2	378.7484999998014	True	True	win	31	31.992307424545288	2521.1522278	1789572091657.6433	32.297624826431274	2521.4567018	1789572091962.9607	32.676373326431076	2521.8354502999996	1789572092341.7092	2522.0900035	33.559138774871826	2522.7183576	1789572093224.4746	2522.7183576	624.5280474040094	300.0	0.0	2489.1587457	1789572059665.336	602.2570655345917	3091.4364771	1789572661922.4014
sub-10037	ses-1	run-01	0	14	40	1	13	23	5	40	5	40	left	right	2	314.80999999985215	True	True	win	31	34.561097621917725	2523.720277	1789572094226.4336	34.865490198135376	2524.0246177	1789572094530.8262	35.18030019813523	2524.3394276999998	1789572094845.6362	2524.5935503	35.97237682342529	2525.1316482	1789572095637.7126	2525.1316482	534.1197652173714	300.0	0.0	2489.1587457	1789572059665.336	602.2570655345917	3091.4364771	1789572661922.4014
sub-10037	ses-1	run-01	0	15	40	1	14	23	5	40	40	5	right	left	2	413.3953999998994	True	True	win	31	36.97330451011658	2526.1334071	1789572096638.6404	37.27886438369751	2526.4380576	1789572096944.2002	37.69225978369741	2526.8514529999998	1789572097357.5957	2527.1065853	38.575698137283325	2527.7349355	1789572098241.034	2527.7349355	624.9171938878364	300.0	0.0	2489.1587457	1789572059665.336	602.2570655345917	3091.4364771	1789572661922.4014
sub-10037	ses-1	run-01	0	16	40	1	15	23	5	40	40	5	right	left	2	514.029500000106	True	True	win	31	39.57687330245972	2528.7368465	1789572099242.2092	39.88223886489868	2529.041501	1789572099547.5747	40.39626836489879	2529.5555305000003	1789572100061.6042	2529.8106702	41.343149185180664	2530.5026466	1789572101008.485	2530.5026466	687.8881097139224	300.0	0.0	2489.1587457	1789572059665.336	602.2570655345917	3091.4364771	1789572661922.4014
sub-10037	ses-1	run-01	0	17	40	1	16	23	5	40	40	5	right	left	2	338.12970000008136	True	True	win	31	42.345417737960815	2531.5049786	1789572102010.7537	42.64991092681885	2531.8093907	1789572102315.2468	42.98804062681893	2532.1475204000003	1789572102653.3765	2532.4035468	43.804447650909424	2532.9640559	1789572103469.7834	2532.9640559	555.2513623165372	300.0	0.0	2489.1587457	1789572059665.336	602.2570655345917	3091.4364771	1789572661922.4014
sub-10037	ses-1	run-01	0	18	40	1	17	23	5	40	5	40	left	right	2	285.36050000002433	True	True	win	31	44.806042194366455	2533.9657701	1789572104471.3782	45.110332012176514	2534.2701375	1789572104775.668	45.39569251217654	2534.555498	1789572105061.0286	2534.8085915	46.17631649971008	2535.3360074	1789572105841.6523	2535.3360074	523.7864257498297	300.0	0.0	2489.1587457	1789572059665.336	602.2570655345917	3091.4364771	1789572661922.4014
sub-10037	ses-1	run-01	0	19	40	1	18	23	5	40	40	5	right	left	2	274.1682999999284	True	True	win	31	47.177411794662476	2536.3374053	1789572106842.7478	47.48113250732422	2536.6413234	1789572107146.4685	47.75530080732415	2536.9154917	1789572107420.6367	2537.1697391	48.55224967002869	2537.7119609	1789572108217.5854	2537.7119609	538.848360432722	300.0	0.0	2489.1587457	1789572059665.336	602.2570655345917	3091.4364771	1789572661922.4014
sub-10037	ses-1	run-01	0	20	40	1	19	23	5	40	40	5	right	left	2	424.770499999795	True	True	win	31	49.554330825805664	2538.7139152	1789572109219.6667	49.8589243888855	2539.0187355	1789572109524.2603	50.28369488888529	2539.4435059999996	1789572109949.0308	2539.6974379	51.19861721992493	2540.3584465	1789572110863.9531	2540.3584465	656.8780915358894	300.0	0.0	2489.1587457	1789572059665.336	602.2570655345917	3091.4364771	1789572661922.4014
sub-10037	ses-1	run-01	0	21	40	1	20	23	5	40	40	5	right	left	2	347.579499999938	True	True	win	31	52.199723958969116	2541.3602971	1789572111865.0598	52.50423455238342	2541.6639587	1789572112169.5706	52.85181405238336	2542.0115382	1789572112517.1501	2542.2674646	53.61142086982727	2542.7718492	1789572113276.7568	2542.7718492	500.2501527256523	300.0	0.0	2489.1587457	1789572059665.336	602.2570655345917	3091.4364771	1789572661922.4014
sub-10037	ses-1	run-01	0	22	40	1	21	23	5	40	5	40	left	right	2	316.5209000003415	True	True	win	31	54.614177942276	2543.7741162	1789572114279.514	54.91912794113159	2544.0789819	1789572114584.4639	55.23564884113193	2544.3955028000005	1789572114900.9849	2544.6523852	56.13206338882446	2545.2920812	1789572115797.3992	2545.2920812	636.8656572193396	300.0	0.0	2489.1587457	1789572059665.336	602.2570655345917	3091.4364771	1789572661922.4014
sub-10037	ses-1	run-01	0	23	40	1	22	23	5	40	5	40	left	right	2	420.36860000007437	True	False	loss	32	57.13459801673889	2546.2945155	1789572116799.9338	57.43912959098816	2546.5991624	1789572117104.4656	57.85949819098823	2547.019531	1789572117524.8342	2547.2724578	58.64073610305786	2547.8008446	1789572118306.072	2547.8008446	524.1174981755426	300.0	0.0	2489.1587457	1789572059665.336	602.2570655345917	3091.4364771	1789572661922.4014
sub-10037	ses-1	run-01	0	24	5	2	0	23	5	40	5	40	left	right	2	335.49519999996846	False	False	loss	32	59.64347791671753	2548.8035098	1789572119308.8137	59.94791293144226	2549.1079013	1789572119613.2488	60.28340813144223	2549.4433965	1789572119948.744	2549.6960586	61.22566103935242	2550.3858412	1789572120890.9968	2550.3858412	685.3082813279038	300.0	0.0	2489.1587457	1789572059665.336	602.2570655345917	3091.4364771	1789572661922.4014
sub-10037	ses-1	run-01	0	25	5	2	1	23	5	40	5	40	left	right	2	295.3261000002385	False	True	win	31	62.22745609283447	2551.3875216	1789572121892.792	62.53190016746521	2551.6920912	1789572122197.236	62.82722626746545	2551.9874173000003	1789572122492.5623	2552.2409255	63.63779592514038	2552.7980429	1789572123303.1318	2552.7980429	553.5457331403337	300.0	0.0	2489.1587457	1789572059665.336	602.2570655345917	3091.4364771	1789572661922.4014
sub-10037	ses-1	run-01	0	26	5	2	2	23	5	40	5	40	left	right	2	296.9903999996859	False	True	win	31	64.64072394371033	2553.8013418	1789572124306.0598	64.94609999656677	2554.1064165	1789572124611.4358	65.24309039656646	2554.4034068999995	1789572124908.4263	2554.6596737	66.0503499507904	2555.2106291	1789572125715.6858	2555.2106291	547.7636644380823	300.0	0.0	2489.1587457	1789572059665.336	602.2570655345917	3091.4364771	1789572661922.4014
sub-10037	ses-1	run-01	0	27	5	2	3	23	5	40	5	40	left	right	2	311.22759999971095	False	False	loss	32	67.05089783668518	2556.2119259	1789572126716.2336	67.35592770576477	2556.5161653	1789572127021.2637	67.66715530576448	2556.8273928999997	1789572127332.4912	2557.0843046	68.61224269866943	2557.7726631	1789572128277.5786	2557.7726631	684.1899117230206	300.0	0.0	2489.1587457	1789572059665.336	602.2570655345917	3091.4364771	1789572661922.4014
sub-10037	ses-1	run-01	0	28	5	2	4	23	5	40	5	40	left	right	2	316.5520000002289	False	False	loss	32	69.61309432983398	2558.7743067	1789572129278.4302	69.91819834709167	2559.0789305	1789572129583.5342	70.2347503470919	2559.3954825	1789572129900.0862	2559.6520029	71.02887797355652	2560.1893804	1789572130694.2139	2560.1893804	533.5438945530341	300.0	0.0	2489.1587457	1789572059665.336	602.2570655345917	3091.4364771	1789572661922.4014
sub-10037	ses-1	run-01	0	29	5	2	5	23	5	40	5	40	left	right	2	276.29750000005515	False	False	loss	32	72.03016185760498	2561.1910957	1789572131695.4978	72.33460545539856	2561.4951452	1789572131999.9414	72.61090295539861	2561.7714427	1789572132276.239	2562.0286039	73.42714190483093	2562.5877501	1789572133092.4778	2562.5877501	555.3208306893882	300.0	0.0	2489.1587457	1789572059665.336	602.2570655345917	3091.4364771	1789572661922.4014
sub-10037	ses-1	run-01	0	30	5	2	6	23	5	40	40	5	right	left	1	333.4735000003093	True	True	win	31	74.42858648300171	2563.5899625	1789572134093.9224	74.73250007629395	2563.8939245	1789572134397.836	75.06597357629425	2564.2273980000004	1789572134731.3093	2564.4820269	75.86752223968506	2565.028234	1789572135532.8582	2565.028234	542.593511135782	300.0	0.0	2489.1587457	1789572059665.336	602.2570655345917	3091.4364771	1789572661922.4014
sub-10037	ses-1	run-01	0	31	5	2	7	23	5	40	40	5	right	left	1	356.4803000003849	True	True	win	31	76.8700225353241	2566.0308355	1789572136535.3584	77.1741738319397	2566.3349058	1789572136839.5098	77.53065413194008	2566.6913861000003	1789572137195.99	2566.9482687	78.41339540481567	2567.5741694	1789572138078.7312	2567.5741694	622.5991896567434	300.0	0.0	2489.1587457	1789572059665.336	602.2570655345917	3091.4364771	1789572661922.4014
sub-10037	ses-1	run-01	0	32	5	2	8	23	5	40	40	5	right	left	1	355.1062000001366	True	True	win	31	79.41468143463135	2568.5760445	1789572139080.0173	79.71956062316895	2568.8803837	1789572139384.8965	80.07466682316908	2569.2354899	1789572139740.0027	2569.4893161	80.85302710533142	2570.0137473	1789572140518.363	2570.0137473	520.1027171849538	300.0	0.0	2489.1587457	1789572059665.336	602.2570655345917	3091.4364771	1789572661922.4014
sub-10037	ses-1	run-01	0	33	5	2	9	23	5	40	40	5	right	left	1	587.7402000000984	True	True	win	31	81.85410952568054	2571.0156051	1789572141519.4453	82.15859723091125	2571.3197571	1789572141823.933	82.74633743091135	2571.9074973	1789572142411.6733	2572.1636402	83.66644287109375	2572.8279917	1789572143331.7788	2572.8279917	660.4413393873823	300.0	0.0	2489.1587457	1789572059665.336	602.2570655345917	3091.4364771	1789572661922.4014
sub-10037	ses-1	run-01	0	34	5	2	10	23	5	40	5	40	left	right	1	460.7386000002407	True	True	win	31	84.66895842552185	2573.8298515	1789572144334.2944	84.97361350059509	2574.1346453	1789572144638.9495	85.43435210059533	2574.5953839000003	1789572145099.688	2574.848132	86.19322395324707	2575.3543172	1789572145858.5598	2575.3543172	502.4887416719702	300.0	0.0	2489.1587457	1789572059665.336	602.2570655345917	3091.4364771	1789572661922.4014
sub-10037	ses-1	run-01	0	35	5	2	11	23	5	40	40	5	right	left	1	350.83609999992404	True	False	loss	32	87.19457507133484	2576.3564035	1789572146859.911	87.49951815605164	2576.6606428	1789572147164.854	87.85035425605156	2577.0114789	1789572147515.6902	2577.2643268	88.62045383453369	2577.7815901	1789572148285.7898	2577.7815901	513.60442735722	300.0	0.0	2489.1587457	1789572059665.336	602.2570655345917	3091.4364771	1789572661922.4014
sub-10037	ses-1	run-01	0	36	5	2	12	23	5	40	5	40	left	right	1	660.0852999999915	True	True	win	31	89.6220965385437	2578.7832609	1789572149287.4324	89.92582368850708	2579.0873858	1789572149591.1597	90.58590898850707	2579.7474711	1789572150251.2449	2580.0020099	91.42947149276733	2580.5907427	1789572151094.8074	2580.5907427	584.2743732125437	300.0	0.0	2489.1587457	1789572059665.336	602.2570655345917	3091.4364771	1789572661922.4014
sub-10037	ses-1	run-01	0	37	5	2	13	23	5	40	5	40	left	right	1	402.64980000029027	True	True	win	31	92.43136429786682	2581.5925508	1789572152096.7002	92.73503589630127	2581.8967557	1789572152400.3718	93.13768569630156	2582.2994055000004	1789572152803.0217	2582.5554659	94.04169273376465	2583.2029738	1789572153707.0286	2583.2029738	643.3555540320406	300.0	0.0	2489.1587457	1789572059665.336	602.2570655345917	3091.4364771	1789572661922.4014
sub-10037	ses-1	run-01	0	38	5	2	14	23	5	40	5	40	left	right	1	317.6853999998457	True	False	loss	32	95.04415988922119	2584.2055835	1789572154709.4958	95.3482756614685	2584.5097205	1789572155013.6116	95.66596106146835	2584.8274059	1789572155331.2969	2585.0830121	96.60888671875	2585.7702781	1789572156274.2227	2585.7702781	683.4905412519856	300.0	0.0	2489.1587457	1789572059665.336	602.2570655345917	3091.4364771	1789572661922.4014
sub-10037	ses-1	run-01	0	39	5	2	15	23	5	40	40	5	right	left	2	430.3266000001713	False	False	loss	32	97.6111409664154	2586.7727254	1789572157276.4768	97.91564273834229	2587.0770512	1789572157580.9785	98.34596933834246	2587.5073778	1789572158011.3052	2587.7607331	99.10600686073303	2588.2673346	1789572158771.3428	2588.2673346	502.3622662370376	300.0	0.0	2489.1587457	1789572059665.336	602.2570655345917	3091.4364771	1789572661922.4014
sub-10037	ses-1	run-01	0	40	5	2	16	23	5	40	40	5	right	left	1	326.9633999998405	True	True	win	31	100.1074206829071	2589.2689358	1789572159772.7566	100.41061449050903	2589.5724278	1789572160075.9504	100.73757789050887	2589.8993911999996	1789572160402.9138	2590.1562627	101.61630463600159	2590.7778981	1789572161281.6406	2590.7778981	617.9007822988574	300.0	0.0	2489.1587457	1789572059665.336	602.2570655345917	3091.4364771	1789572661922.4014
sub-10037	ses-1	run-01	0	41	5	2	17	23	5	40	5	40	left	right	1	390.3722000000016	True	False	loss	32	102.61929392814636	2591.7808124	1789572162284.63	102.92347288131714	2592.0851039	1789572162588.8088	103.31384508131714	2592.4754761	1789572162979.1812	2592.7291932	104.1906099319458	2593.3523923	1789572163855.9458	2593.3523923	619.5128336174716	300.0	0.0	2489.1587457	1789572059665.336	602.2570655345917	3091.4364771	1789572661922.4014
sub-10037	ses-1	run-01	0	42	5	2	18	23	5	40	5	40	left	right	2	264.6386999999777	False	False	loss	32	105.1928071975708	2594.3544416	1789572164858.143	105.49710869789124	2594.6587708	1789572165162.4446	105.76174739789121	2594.9234095	1789572165427.0833	2595.1766245	106.63669085502625	2595.7992766	1789572166302.0269	2595.7992766	618.6605476988001	300.0	0.0	2489.1587457	1789572059665.336	602.2570655345917	3091.4364771	1789572661922.4014
sub-10037	ses-1	run-01	0	43	5	2	19	23	5	40	5	40	left	right	1	322.09340000008524	True	True	win	31	107.63927745819092	2596.8011516	1789572167304.6133	107.94353008270264	2597.1052859	1789572167608.866	108.26562348270272	2597.4273793	1789572167930.9595	2597.6848791	109.07740521430969	2598.2392865	1789572168742.7412	2598.2392865	550.8161998508019	300.0	0.0	2489.1587457	1789572059665.336	602.2570655345917	3091.4364771	1789572661922.4014
sub-10037	ses-1	run-01	0	44	5	2	20	23	5	40	40	5	right	left	1	400.64299999994546	True	False	loss	32	110.08071255683899	2599.2424577	1789572169746.0483	110.38494634628296	2599.5468582	1789572170050.2822	110.7855893462829	2599.9475012	1789572170450.9253	2600.2001171	111.5902841091156	2600.7522357	1789572171255.62	2600.7522357	548.2092187529545	300.0	0.0	2489.1587457	1789572059665.336	602.2570655345917	3091.4364771	1789572661922.4014
sub-10037	ses-1	run-01	0	45	5	2	21	23	5	40	40	5	right	left	2	369.7340999997323	False	False	loss	32	112.59067010879517	2601.7533973	1789572172256.006	112.8950183391571	2602.0577657	1789572172560.3542	113.26475243915684	2602.4274997999996	1789572172930.0884	2602.6813414	114.09549641609192	2603.2574776	1789572173760.8323	2603.2574776	572.1909032981838	300.0	0.0	2489.1587457	1789572059665.336	602.2570655345917	3091.4364771	1789572661922.4014
sub-10037	ses-1	run-01	0	46	5	2	22	23	5	40	5	40	left	right	1	335.0384000000304	True	True	win	31	115.09776496887207	2604.2598058	1789572174763.1008	115.4023289680481	2604.5643526	1789572175067.6648	115.73736736804813	2604.899391	1789572175402.7031	2605.1526861	116.52311635017395	2605.6856617	1789572176188.4521	2605.6856617	529.2422057889595	300.0	0.0	2489.1587457	1789572059665.336	602.2570655345917	3091.4364771	1789572661922.4014
sub-10037	ses-1	run-01	0	47	40	3	0	21	5	40	40	5	right	left	1	427.47640000015963	False	True	win	31	117.52523255348206	2606.6873037	1789572177190.5684	117.8297610282898	2606.9919279	1789572177495.097	118.25723742828995	2607.4194043	1789572177922.5732	2607.6756847	119.04320073127747	2608.2052398	1789572178708.5366	2608.2052398	525.1367599879643	300.0	0.0	2489.1587457	1789572059665.336	602.2570655345917	3091.4364771	1789572661922.4014
sub-10037	ses-1	run-01	0	48	40	3	1	21	5	40	40	5	right	left	1	347.4074999999175	False	False	loss	32	120.04537773132324	2609.2075999	1789572179710.7136	120.3495078086853	2609.5120168	1789572180014.8438	120.69691530868522	2609.8594243	1789572180362.2512	2610.1153691	121.50684380531311	2610.6691527	1789572181172.1797	2610.6691527	549.5906307208797	300.0	0.0	2489.1587457	1789572059665.336	602.2570655345917	3091.4364771	1789572661922.4014
sub-10037	ses-1	run-01	0	49	40	3	2	21	5	40	40	5	right	left	2	821.5249999998377	True	True	win	31	122.50838804244995	2611.6706342	1789572182173.7239	122.8117413520813	2611.9739794	1789572182477.0771	123.63326635208114	2612.7955044	1789572183298.602	2613.0488785	124.52770328521729	2613.690154	1789572184193.039	2613.690154	637.4213540197476	300.0	0.0	2489.1587457	1789572059665.336	602.2570655345917	3091.4364771	1789572661922.4014
sub-10037	ses-1	run-01	0	50	40	3	3	21	5	40	40	5	right	left	1	263.7926000002153	False	False	loss	32	125.52943015098572	2614.6917756	1789572185194.766	125.83340620994568	2614.9957037	1789572185498.7422	126.0971988099459	2615.2594963	1789572185762.5347	2615.5141765	126.86123394966125	2616.0237201	1789572186526.5698	2616.0237201	505.6078685176093	300.0	0.0	2489.1587457	1789572059665.336	602.2570655345917	3091.4364771	1789572661922.4014
sub-10037	ses-1	run-01	0	51	40	3	4	21	5	40	5	40	left	right	2	538.0817999998726	True	True	win	31	127.86252236366272	2617.0254022	1789572187527.8582	128.16674137115479	2617.3294112	1789572187832.0771	128.70482317115466	2617.8674929999997	1789572188370.159	2618.1234837	129.47325658798218	2618.6358671	1789572189138.5925	2618.6358671	508.64494385361814	300.0	0.0	2489.1587457	1789572059665.336	602.2570655345917	3091.4364771	1789572661922.4014
sub-10037	ses-1	run-01	0	52	40	3	5	21	5	40	40	5	right	left	2	333.28999999957887	True	True	win	31	130.47570371627808	2619.638288	1789572190141.0396	130.77960062026978	2619.9422198	1789572190444.9365	131.11289062026935	2620.2755098	1789572190778.2266	2620.5314763	131.91086435317993	2621.0735339	1789572191576.2002	2621.0735339	537.3369675601444	300.0	0.0	2489.1587457	1789572059665.336	602.2570655345917	3091.4364771	1789572661922.4014
sub-10037	ses-1	run-01	0	53	40	3	6	21	5	40	5	40	left	right	2	294.49909999993906	True	False	loss	32	132.9135000705719	2622.0767896	1789572192578.836	133.21844935417175	2622.3809992	1789572192883.7852	133.5129484541717	2622.6754983	1789572193178.2842	2622.9301299	134.4405677318573	2623.6033226	1789572194105.9036	2623.6033226	669.9285607797563	300.0	0.0	2489.1587457	1789572059665.336	602.2570655345917	3091.4364771	1789572661922.4014
sub-10037	ses-1	run-01	0	54	40	3	7	21	5	40	40	5	right	left	2	382.2178000000349	True	False	loss	32	135.44232535362244	2624.6050254	1789572195107.6611	135.74648690223694	2624.9092791	1789572195411.8228	136.12870470223697	2625.2914969	1789572195794.0405	2625.5483366	137.041832447052	2626.2046792	1789572196707.1685	2626.2046792	652.6960350201254	300.0	0.0	2489.1587457	1789572059665.336	602.2570655345917	3091.4364771	1789572661922.4014
sub-10037	ses-1	run-01	0	55	40	3	8	21	5	40	5	40	left	right	2	308.8180000004286	True	True	win	31	138.04353499412537	2627.2063819	1789572197708.8708	138.34799122810364	2627.5107433	1789572198013.3271	138.65680922810407	2627.8195613000003	1789572198322.1453	2628.0740865	139.42055678367615	2628.5835035	1789572199085.8926	2628.5835035	505.61507538158077	300.0	0.0	2489.1587457	1789572059665.336	602.2570655345917	3091.4364771	1789572661922.4014
sub-10037	ses-1	run-01	0	56	40	3	9	21	5	40	5	40	left	right	2	338.11930000001666	True	False	loss	32	140.4222972393036	2629.5852269	1789572200087.633	140.72648096084595	2629.8894466	1789572200391.817	141.06460026084596	2630.2275659	1789572200729.9363	2630.4828964	141.98264694213867	2631.1462711	1789572201647.983	2631.1462711	659.7569809723811	300.0	0.0	2489.1587457	1789572059665.336	602.2570655345917	3091.4364771	1789572661922.4014
sub-10037	ses-1	run-01	0	57	40	3	10	21	5	40	40	5	right	left	2	400.04389999967316	True	True	win	31	142.98425102233887	2632.147228	1789572202649.587	143.28848481178284	2632.451529	1789572202953.8208	143.6885287117825	2632.8515728999996	1789572203353.8647	2633.1050721	144.50892567634583	2633.6726666	1789572204174.2615	2633.6726666	563.2541008503255	300.0	0.0	2489.1587457	1789572059665.336	602.2570655345917	3091.4364771	1789572661922.4014
sub-10037	ses-1	run-01	0	58	40	3	11	21	5	40	5	40	left	right	2	344.67580000000453	True	True	win	31	145.51149153709412	2634.6747622	1789572205176.8274	145.81576085090637	2634.9788631	1789572205481.0967	146.16043665090638	2635.3235389	1789572205825.7725	2635.5770633	147.05173420906067	2636.2152446	1789572206717.07	2636.2152446	634.3914992589425	300.0	0.0	2489.1587457	1789572059665.336	602.2570655345917	3091.4364771	1789572661922.4014
sub-10037	ses-1	run-01	0	59	40	3	12	21	5	40	5	40	left	right	2	370.664300000044	True	True	win	31	148.0534553527832	2637.2165187	1789572207718.7913	148.3576261997223	2637.5208632	1789572208022.9622	148.72829049972233	2637.8915275	1789572208393.6265	2638.1457152	149.5426435470581	2638.7059376	1789572209207.9795	2638.7059376	555.8314368486161	300.0	0.0	2489.1587457	1789572059665.336	602.2570655345917	3091.4364771	1789572661922.4014
sub-10037	ses-1	run-01	0	60	40	3	13	21	5	40	5	40	left	right	2	358.97449999993114	True	True	win	31	150.54530119895935	2639.708589	1789572210210.6372	150.8483054637909	2640.0123793	1789572210513.6414	151.20727996379082	2640.3713537999997	1789572210872.616	2640.6262725	151.99621987342834	2641.1595806	1789572211661.5557	2641.1595806	529.2783917691988	300.0	0.0	2489.1587457	1789572059665.336	602.2570655345917	3091.4364771	1789572661922.4014
sub-10037	ses-1	run-01	0	61	40	3	14	21	5	40	40	5	right	left	2	400.4979999999705	True	True	win	31	152.99842762947083	2642.1623054	1789572212663.7634	153.3036506175995	2642.4670873	1789572212968.9866	153.70414861759946	2642.8675853	1789572213369.4846	2643.120666	154.52750706672668	2643.6909956	1789572214192.843	2643.6909956	566.2151275550768	300.0	0.0	2489.1587457	1789572059665.336	602.2570655345917	3091.4364771	1789572661922.4014
sub-10037	ses-1	run-01	0	62	40	3	15	21	5	40	5	40	left	right	2	382.6288999998724	True	True	win	31	155.52901220321655	2644.6923868	1789572215194.3481	155.83277654647827	2644.9966929	1789572215498.1125	156.21540544647814	2645.3793218	1789572215880.7415	2645.6349291	157.01554417610168	2646.1790901	1789572216680.8801	2646.1790901	540.5916575037766	300.0	0.0	2489.1587457	1789572059665.336	602.2570655345917	3091.4364771	1789572661922.4014
sub-10037	ses-1	run-01	0	63	40	3	16	21	5	40	5	40	left	right	2	373.7076000002162	True	False	loss	32	158.01729273796082	2647.1813911	1789572217682.6287	158.32235431671143	2647.4858259	1789572217987.6902	158.69606191671164	2647.8595335	1789572218361.3977	2648.1150305	159.56191563606262	2648.7255568	1789572219227.2515	2648.7255568	606.1410682798746	300.0	0.0	2489.1587457	1789572059665.336	602.2570655345917	3091.4364771	1789572661922.4014
sub-10037	ses-1	run-01	0	64	40	3	17	21	5	40	40	5	right	left	2	418.6363999997411	True	True	win	31	160.56529784202576	2649.72908	1789572220230.6338	160.8690869808197	2650.0327712	1789572220534.4229	161.28772338081944	2650.4514075999996	1789572220953.0593	2650.706335	162.17392110824585	2651.3376595	1789572221839.257	2651.3376595	627.6698606533577	300.0	0.0	2489.1587457	1789572059665.336	602.2570655345917	3091.4364771	1789572661922.4014
sub-10037	ses-1	run-01	0	65	40	3	18	21	5	40	5	40	left	right	2	319.32410000035816	True	False	loss	32	163.17529034614563	2652.3395593	1789572222840.6262	163.48031735420227	2652.6440162	1789572223145.6533	163.79964145420263	2652.9633403000003	1789572223464.9775	2653.2169792	164.63851046562195	2653.8023291	1789572224303.8464	2653.8023291	581.7718871062368	300.0	0.0	2489.1587457	1789572059665.336	602.2570655345917	3091.4364771	1789572661922.4014
sub-10037	ses-1	run-01	0	66	40	3	19	21	5	40	5	40	left	right	2	358.73350000019855	True	True	win	31	165.6401345729828	2654.8041842	1789572225305.4705	165.94474148750305	2655.1086131	1789572225610.0774	166.30347498750325	2655.4673466000004	1789572225968.8108	2655.7217777	167.206223487854	2656.370117	1789572226871.5593	2656.370117	644.6156516477969	300.0	0.0	2489.1587457	1789572059665.336	602.2570655345917	3091.4364771	1789572661922.4014
sub-10037	ses-1	run-01	0	67	40	3	20	21	5	40	40	5	right	left	2	326.81700000011915	True	True	win	31	168.20775246620178	2657.3724561	1789572227873.0884	168.51266050338745	2657.6766049	1789572228177.9963	168.83947750338757	2658.0034219	1789572228504.8132	2658.2599614	169.76233768463135	2658.9263929	1789572229427.6736	2658.9263929	662.0001196525862	300.0	0.0	2489.1587457	1789572059665.336	602.2570655345917	3091.4364771	1789572661922.4014
sub-10037	ses-1	run-01	0	68	5	4	0	24	5	40	5	40	left	right	2	306.20749999980035	False	False	loss	32	170.76463341712952	2659.9289235	1789572230429.9692	171.06908798217773	2660.2331369	1789572230734.4238	171.37529548217753	2660.5393443999997	1789572231040.6313	2660.7968598	172.20602369308472	2661.3703706	1789572231871.3596	2661.3703706	569.0708745404429	300.0	0.0	2489.1587457	1789572059665.336	602.2570655345917	3091.4364771	1789572661922.4014
sub-10037	ses-1	run-01	0	69	5	4	1	24	5	40	5	40	left	right	1	406.56200000012177	True	False	loss	32	173.20868349075317	2662.3726496	1789572232874.0193	173.51275992393494	2662.6768775	1789572233178.0957	173.91932192393506	2663.0834395	1789572233584.6577	2663.3368559	174.84268999099731	2664.0068643	1789572234508.026	2664.0068643	666.6246753099905	300.0	0.0	2489.1587457	1789572059665.336	602.2570655345917	3091.4364771	1789572661922.4014
sub-10037	ses-1	run-01	0	70	5	4	2	24	5	40	5	40	left	right	2	314.2222000001311	False	False	loss	32	175.8442575931549	2665.0084324	1789572235509.5935	176.14885711669922	2665.3130964	1789572235814.193	176.46307931669935	2665.6273186000003	1789572236128.4153	2665.8810786	177.34459781646729	2666.5087855	1789572237009.9336	2666.5087855	623.5242283310257	300.0	0.0	2489.1587457	1789572059665.336	602.2570655345917	3091.4364771	1789572661922.4014
sub-10037	ses-1	run-01	0	71	5	4	3	24	5	40	40	5	right	left	2	556.5427000001364	False	True	win	31	178.34650444984436	2667.5107549	1789572238011.8403	178.65046858787537	2667.8148059	1789572238315.8044	179.2070112878755	2668.3713486	1789572238872.3472	2668.6233984	180.1191062927246	2669.2834877	1789572239784.4421	2669.2834877	656.3514122738117	300.0	0.0	2489.1587457	1789572059665.336	602.2570655345917	3091.4364771	1789572661922.4014
sub-10037	ses-1	run-01	0	72	5	4	4	24	5	40	5	40	left	right	2	285.86029999996754	False	False	loss	32	181.12109422683716	2670.2855337	1789572240786.4302	181.42508006095886	2670.5894873	1789572241090.416	181.71094036095883	2670.8753476	1789572241376.2764	2671.1280862	182.52929091453552	2671.6937433	1789572242194.6267	2671.6937433	561.4000274977283	300.0	0.0	2489.1587457	1789572059665.336	602.2570655345917	3091.4364771	1789572661922.4014
sub-10037	ses-1	run-01	0	73	5	4	5	24	5	40	5	40	left	right	1	595.8153000001403	True	True	win	31	183.5309829711914	2672.695385	1789572243196.3188	183.83513402938843	2672.9995562	1789572243500.47	184.43094932938857	2673.5953715	1789572244096.2852	2673.8489651	185.19012308120728	2674.3546343	1789572244855.459	2674.3546343	501.5621666370495	300.0	0.0	2489.1587457	1789572059665.336	602.2570655345917	3091.4364771	1789572661922.4014
sub-10037	ses-1	run-01	0	74	5	4	6	24	5	40	40	5	right	left	1	318.8169000000016	True	True	win	31	186.19127321243286	2675.3565421	1789572245856.6091	186.49565172195435	2675.6605889	1789572246160.9875	186.81446862195435	2675.9794058	1789572246479.8044	2676.2347212	187.64341974258423	2676.8080777	1789572247308.7556	2676.8080777	569.8562096696222	300.0	0.0	2489.1587457	1789572059665.336	602.2570655345917	3091.4364771	1789572661922.4014
sub-10037	ses-1	run-01	0	75	5	4	7	24	5	40	40	5	right	left	1	377.25730000011026	True	True	win	31	188.64510703086853	2677.8097466	1789572248310.4429	188.94955277442932	2678.1140625	1789572248614.8887	189.32681007442943	2678.4913198	1789572248992.146	2678.7468072	190.237389087677	2679.4020906	1789572249902.725	2679.4020906	651.6083181715912	300.0	0.0	2489.1587457	1789572059665.336	602.2570655345917	3091.4364771	1789572661922.4014
sub-10037	ses-1	run-01	0	76	5	4	8	24	5	40	40	5	right	left	1	351.52900000002774	True	True	win	31	191.23831629753113	2680.4037122	1789572250903.652	191.54270362854004	2680.7078305	1789572251208.0396	191.89423262854007	2681.0593595	1789572251559.5686	2681.3163489	192.8155574798584	2681.9803207	1789572252480.8933	2681.9803207	659.0704716100028	300.0	0.0	2489.1587457	1789572059665.336	602.2570655345917	3091.4364771	1789572661922.4014
sub-10037	ses-1	run-01	0	77	5	4	9	24	5	40	5	40	left	right	1	445.8199999999124	True	True	win	31	193.81676697731018	2682.9816274	1789572253482.1028	194.1207194328308	2683.2855282	1789572253786.0554	194.56653943283072	2683.7313482	1789572254231.8755	2683.9838265	195.35161089897156	2684.5171663	1789572255016.9468	2684.5171663	529.5487349355266	300.0	0.0	2489.1587457	1789572059665.336	602.2570655345917	3091.4364771	1789572661922.4014
sub-10037	ses-1	run-01	0	78	5	4	10	24	5	40	5	40	left	right	1	397.0159999998941	True	True	win	31	196.35290956497192	2685.5184127	1789572256018.2454	196.6574604511261	2685.8223888	1789572256322.7964	197.054476451126	2686.2194048	1789572256719.8125	2686.4759985	197.96840143203735	2687.1333664	1789572257633.7373	2687.1333664	653.0322084671418	300.0	0.0	2489.1587457	1789572059665.336	602.2570655345917	3091.4364771	1789572661922.4014
sub-10037	ses-1	run-01	0	79	5	4	11	24	5	40	40	5	right	left	1	444.45109999969645	True	True	win	31	198.97003388404846	2688.1349567	1789572258635.3699	199.27391171455383	2688.438891	1789572258939.2476	199.71836281455353	2688.8833420999995	1789572259383.6987	2689.1372352	200.60685515403748	2689.7719341	1789572260272.1912	2689.7719341	630.8091918580631	300.0	0.0	2489.1587457	1789572059665.336	602.2570655345917	3091.4364771	1789572661922.4014
sub-10037	ses-1	run-01	0	80	5	4	12	24	5	40	5	40	left	right	1	341.9781000002331	True	True	win	31	201.6081886291504	2690.7731643	1789572261273.5244	201.9123170375824	2691.0774353	1789572261577.6528	202.25429513758263	2691.4194134000004	1789572261919.6309	2691.6757373	203.09379482269287	2692.2595161	1789572262759.1306	2692.2595161	580.8770398849942	300.0	0.0	2489.1587457	1789572059665.336	602.2570655345917	3091.4364771	1789572661922.4014
sub-10037	ses-1	run-01	0	81	5	4	13	24	5	40	40	5	right	left	1	325.92820000036227	True	True	win	31	204.09596371650696	2693.2611731	1789572263761.2996	204.40041494369507	2693.5654886	1789572264065.7507	204.72634314369543	2693.8914168000006	1789572264391.679	2694.1450185	205.67135190963745	2694.836568	1789572265336.6877	2694.836568	687.5573718303591	300.0	0.0	2489.1587457	1789572059665.336	602.2570655345917	3091.4364771	1789572661922.4014
sub-10037	ses-1	run-01	0	82	5	4	14	24	5	40	40	5	right	left	2	244.87939999971786	False	False	loss	32	206.67326712608337	2695.8384603	1789572266338.603	206.97712445259094	2696.1424643	1789572266642.4604	207.22200385259066	2696.3873436999997	1789572266887.3398	2696.6411062	208.00795769691467	2697.1733203	1789572267673.2937	2697.1733203	528.2761048644774	300.0	0.0	2489.1587457	1789572059665.336	602.2570655345917	3091.4364771	1789572661922.4014
sub-10037	ses-1	run-01	0	83	5	4	15	24	5	40	40	5	right	left	1	355.38290000022243	True	True	win	31	209.00953221321106	2698.175001	1789572268674.8682	209.3145568370819	2698.4799327	1789572268979.8928	209.66993973708213	2698.8353156000003	1789572269335.2756	2699.0888529	210.59191608428955	2699.7579915	1789572270257.252	2699.7579915	665.1943505023106	300.0	0.0	2489.1587457	1789572059665.336	602.2570655345917	3091.4364771	1789572661922.4014
sub-10037	ses-1	run-01	0	84	5	4	16	24	5	40	5	40	left	right	1	434.2544999999518	True	True	win	31	211.59514451026917	2700.7606362	1789572271260.4805	211.89935541152954	2701.065175	1789572271564.6914	212.3336099115295	2701.4994295	1789572271998.9458	2701.7539366	213.19119811058044	2702.3572211	1789572272856.534	2702.3572211	599.88616664723	300.0	0.0	2489.1587457	1789572059665.336	602.2570655345917	3091.4364771	1789572661922.4014
sub-10037	ses-1	run-01	0	85	5	4	17	24	5	40	5	40	left	right	1	452.1826999998666	True	True	win	31	214.19289779663086	2703.35828	1789572273858.2336	214.49766540527344	2703.663317	1789572274163.0012	214.9498481052733	2704.1154997	1789572274615.1838	2704.3719973	215.83372616767883	2704.999361	1789572275499.062	2704.999361	623.8854880358522	300.0	0.0	2489.1587457	1789572059665.336	602.2570655345917	3091.4364771	1789572661922.4014
sub-10037	ses-1	run-01	0	86	5	4	18	24	5	40	40	5	right	left	1	369.70530000007784	True	True	win	31	216.83563828468323	2706.0013328	1789572276500.974	217.14014291763306	2706.3056425	1789572276805.4788	217.50984821763313	2706.6753478	1789572277175.184	2706.9294736	218.2997088432312	2707.4653502	1789572277965.0447	2707.4653502	531.8476979152597	300.0	0.0	2489.1587457	1789572059665.336	602.2570655345917	3091.4364771	1789572661922.4014
sub-10037	ses-1	run-01	0	87	5	4	19	24	5	40	5	40	left	right	1	463.51999999978943	True	True	win	31	219.3013994693756	2708.4678379	1789572278966.7354	219.60605907440186	2708.7718085	1789572279271.395	220.06957907440164	2709.2353285	1789572279734.915	2709.490194	220.8315076828003	2709.9973137	1789572280496.8435	2709.9973137	502.715827471071	300.0	0.0	2489.1587457	1789572059665.336	602.2570655345917	3091.4364771	1789572661922.4014
sub-10037	ses-1	run-01	0	88	5	4	20	24	5	40	5	40	left	right	1	411.28459999981715	True	True	win	31	221.8331618309021	2710.999756	1789572281498.4978	222.13823819160461	2711.3040121	1789572281803.574	222.54952279160443	2711.7152966999997	1789572282214.8586	2711.9677003	223.41906714439392	2712.5849685	1789572283084.403	2712.5849685	612.5707744503154	300.0	0.0	2489.1587457	1789572059665.336	602.2570655345917	3091.4364771	1789572661922.4014
sub-10037	ses-1	run-01	0	89	5	4	21	24	5	40	5	40	left	right	1	375.8332000002156	True	True	win	31	224.42033076286316	2713.5868119	1789572284085.6667	224.725576877594	2713.8915398	1789572284390.9128	225.1014100775942	2714.267373	1789572284766.746	2714.5211882	226.0364019870758	2715.2023676	1789572285701.7378	2715.2023676	677.0958263212447	300.0	0.0	2489.1587457	1789572059665.336	602.2570655345917	3091.4364771	1789572661922.4014
sub-10037	ses-1	run-01	0	90	5	4	22	24	5	40	40	5	right	left	1	319.0521000001354	True	True	win	31	227.0372450351715	2716.2037506	1789572286702.5808	227.34231781959534	2716.5082773	1789572287007.6538	227.66136991959547	2716.8273294	1789572287326.7058	2717.0819861	228.50559401512146	2717.6715977	1789572288170.93	2717.6715977	585.6880475071423	300.0	0.0	2489.1587457	1789572059665.336	602.2570655345917	3091.4364771	1789572661922.4014
sub-10037	ses-1	run-01	0	91	5	4	23	24	5	40	5	40	left	right	1	313.40250000039305	True	False	loss	32	229.50717616081238	2718.6738218	1789572289172.512	229.81173872947693	2718.9778528	1789572289477.0747	230.12514122947732	2719.2912553000006	1789572289790.4773	2719.5462205	231.03907561302185	2720.2057965	1789572290704.4116	2720.2057965	655.1010194877532	300.0	0.0	2489.1587457	1789572059665.336	602.2570655345917	3091.4364771	1789572661922.4014
sub-10037	ses-1	run-01	0	92	40	5	0	23	5	40	5	40	left	right	1	292.30550000011135	False	False	loss	32	232.04079580307007	2721.2069441	1789572291706.1316	232.34479808807373	2721.5111894	1789572292010.134	232.63710358807384	2721.8034949000003	1789572292302.4395	2722.0598398	233.57961750030518	2722.7463607	1789572293244.9534	2722.7463607	682.0481228816868	300.0	0.0	2489.1587457	1789572059665.336	602.2570655345917	3091.4364771	1789572661922.4014
sub-10037	ses-1	run-01	0	93	40	5	1	23	5	40	5	40	left	right	2	327.295999999933	True	True	win	31	234.58167338371277	2723.7478979	1789572294247.0093	234.88587975502014	2724.0521284	1789572294551.2156	235.21317575502007	2724.3794244	1789572294878.5115	2724.6362954	236.10883402824402	2725.2756216	1789572295774.17	2725.2756216	635.6678570336778	300.0	0.0	2489.1587457	1789572059665.336	602.2570655345917	3091.4364771	1789572661922.4014
sub-10037	ses-1	run-01	0	94	40	5	2	23	5	40	40	5	right	left	2	413.71669999989535	True	True	win	31	237.11053347587585	2726.2769408	1789572296775.8694	237.41495323181152	2726.5817575	1789572297080.289	237.82866993181142	2726.9954742	1789572297494.0059	2727.2510622	238.6009178161621	2727.7673464	1789572298266.2537	2727.7673464	512.9190726421066	300.0	0.0	2489.1587457	1789572059665.336	602.2570655345917	3091.4364771	1789572661922.4014
sub-10037	ses-1	run-01	0	95	40	5	3	23	5	40	5	40	left	right	2	321.5126000000055	True	False	loss	32	239.60314512252808	2728.7695481	1789572299268.481	239.9075586795807	2729.0738377	1789572299572.8945	240.2290712795807	2729.3953503	1789572299894.4072	2729.6520094	241.08069133758545	2730.2472115	1789572300746.0273	2730.2472115	590.5196190200396	300.0	0.0	2489.1587457	1789572059665.336	602.2570655345917	3091.4364771	1789572661922.4014
sub-10037	ses-1	run-01	0	96	40	5	4	23	5	40	5	40	left	right	2	290.5182999998033	True	True	win	31	242.08199214935303	2731.2484186	1789572301747.3281	242.38632678985596	2731.5528711	1789572302051.6626	242.67684508985576	2731.8433894	1789572302342.181	2732.0961718	243.50186038017273	2732.6684074	1789572303167.1963	2732.6684074	568.0206193354982	300.0	0.0	2489.1587457	1789572059665.336	602.2570655345917	3091.4364771	1789572661922.4014
sub-10037	ses-1	run-01	0	97	40	5	5	23	5	40	5	40	left	right	2	324.51709999986633	True	False	loss	32	244.50373005867004	2733.6702393	1789572304169.066	244.80813431739807	2733.974868	1789572304473.4702	245.13265141739794	2734.2993850999997	1789572304797.9873	2734.5530307	245.9213125705719	2735.0879531	1789572305586.6484	2735.0879531	530.9911890070441	300.0	0.0	2489.1587457	1789572059665.336	602.2570655345917	3091.4364771	1789572661922.4014
sub-10037	ses-1	run-01	0	98	40	5	6	23	5	40	5	40	left	right	1	297.19740000018646	False	False	loss	32	246.9229691028595	2736.0896436	1789572306588.305	247.2274558544159	2736.3941904	1789572306892.7917	247.52465325441608	2736.6913878	1789572307189.9893	2736.947137	248.453759431839	2737.6205307	1789572308119.0952	2737.6205307	669.008144036206	300.0	0.0	2489.1587457	1789572059665.336	602.2570655345917	3091.4364771	1789572661922.4014
sub-10037	ses-1	run-01	0	99	40	5	7	23	5	40	40	5	right	left	1	460.83490000000893	False	True	win	31	249.45566654205322	2738.6223861	1789572309121.0024	249.759863615036	2738.9266142	1789572309425.1995	250.22069851503602	2739.3874491	1789572309886.0344	2739.6402099	251.105140209198	2740.2724304	1789572310770.476	2740.2724304	628.2205660911411	300.0	0.0	2489.1587457	1789572059665.336	602.2570655345917	3091.4364771	1789572661922.4014
sub-10037	ses-1	run-01	0	100	40	5	8	23	5	40	5	40	left	right	1	385.236900000109	False	True	win	31	252.10692286491394	2741.2736408	1789572311772.2588	252.41120076179504	2741.5780847	1789572312076.5366	252.79643766179515	2741.9633216	1789572312461.7734	2742.2169338	253.58501052856445	2742.75198	1789572313250.3464	2742.75198	530.9590360260154	300.0	0.0	2489.1587457	1789572059665.336	602.2570655345917	3091.4364771	1789572661922.4014
sub-10037	ses-1	run-01	0	101	40	5	9	23	5	40	5	40	left	right	1	465.85989999994126	False	False	loss	32	254.58651518821716	2743.7534749	1789572314251.851	254.8907332420349	2744.0577405	1789572314556.069	255.35659314203485	2744.5236004	1789572315021.929	2744.776398	256.1848268508911	2745.3524489	1789572315850.1628	2745.3524489	572.2082900419241	300.0	0.0	2489.1587457	1789572059665.336	602.2570655345917	3091.4364771	1789572661922.4014
sub-10037	ses-1	run-01	0	102	40	5	10	23	5	40	5	40	left	right	1	377.14550000009694	False	False	loss	32	257.1860795021057	2746.3535007	1789572316851.4153	257.49108266830444	2746.6581405	1789572317156.4185	257.86822816830454	2747.0352860000003	1789572317533.564	2747.2925037	258.76941204071045	2747.9365615	1789572318434.748	2747.9365615	639.8257129744527	300.0	0.0	2489.1587457	1789572059665.336	602.2570655345917	3091.4364771	1789572661922.4014
sub-10037	ses-1	run-01	0	103	40	5	11	23	5	40	40	5	right	left	2	376.59789999997884	True	True	win	31	259.77127718925476	2748.9383262	1789572319436.613	260.0754737854004	2749.2426926	1789572319740.8096	260.45207168540037	2749.6192905	1789572320117.4075	2749.8760411	261.33657670021057	2750.5037454	1789572321001.9126	2750.5037454	622.0252386479351	300.0	0.0	2489.1587457	1789572059665.336	602.2570655345917	3091.4364771	1789572661922.4014
sub-10037	ses-1	run-01	0	104	40	5	12	23	5	40	5	40	left	right	2	281.44399999973757	True	True	win	31	262.3381049633026	2751.5052159	1789572322003.441	262.64265537261963	2751.8098803	1789572322307.9912	262.92409937261937	2752.0913242999995	1789572322589.4353	2752.3484412	263.7094283103943	2752.8773777	1789572323374.7642	2752.8773777	525.4384168946194	300.0	0.0	2489.1587457	1789572059665.336	602.2570655345917	3091.4364771	1789572661922.4014
sub-10037	ses-1	run-01	0	105	40	5	13	23	5	40	5	40	left	right	2	515.9582000001137	True	True	win	31	264.7113425731659	2753.8785311	1789572324376.6785	265.0162308216095	2754.1834584	1789572324681.5667	265.5321890216096	2754.6994166	1789572325197.525	2754.9525648	266.33321356773376	2755.5006246	1789572325998.5496	2755.5006246	543.236712584683	300.0	0.0	2489.1587457	1789572059665.336	602.2570655345917	3091.4364771	1789572661922.4014
sub-10037	ses-1	run-01	0	106	40	5	14	23	5	40	5	40	left	right	2	348.94200000007913	True	True	win	31	267.33408641815186	2756.5022275	1789572326999.4224	267.6389744281769	2756.8064155	1789572327304.3103	267.98791642817696	2757.1553575000003	1789572327653.2522	2757.4096737	268.9142322540283	2758.0817024	1789572328579.568	2758.0817024	667.1023649154959	300.0	0.0	2489.1587457	1789572059665.336	602.2570655345917	3091.4364771	1789572661922.4014
sub-10037	ses-1	run-01	0	107	40	5	15	23	5	40	40	5	right	left	2	368.21680000002743	True	True	win	31	269.9157886505127	2759.0831846	1789572329581.1245	270.2196776866913	2759.3871664	1789572329885.0137	270.5878944866913	2759.7553832	1789572330253.2305	2760.0103129	271.46875166893005	2760.6362889	1789572331134.0876	2760.6362889	622.806858777933	300.0	0.0	2489.1587457	1789572059665.336	602.2570655345917	3091.4364771	1789572661922.4014
sub-10037	ses-1	run-01	0	108	40	5	16	23	5	40	5	40	left	right	2	317.1388000000661	True	False	loss	32	272.4704165458679	2761.6380141	1789572332135.7524	272.7745552062988	2761.9421562	1789572332439.891	273.0916940062989	2762.2592950000003	1789572332757.03	2762.5155106	274.03368186950684	2763.2017162	1789572333699.0178	2763.2017162	682.5337712911893	300.0	0.0	2489.1587457	1789572059665.336	602.2570655345917	3091.4364771	1789572661922.4014
sub-10037	ses-1	run-01	0	109	40	5	17	23	5	40	40	5	right	left	2	279.8587000002044	True	True	win	31	275.0345151424408	2764.2029729	1789572334699.851	275.33972334861755	2764.5074102	1789572335005.0593	275.61958204861776	2764.7872689	1789572335284.918	2765.0404135	276.44574642181396	2765.6134948	1789572336111.0823	2765.6134948	569.0136123393931	300.0	0.0	2489.1587457	1789572059665.336	602.2570655345917	3091.4364771	1789572661922.4014
sub-10037	ses-1	run-01	0	110	40	5	18	23	5	40	5	40	left	right	2	363.7901000001875	True	True	win	31	277.44764709472656	2766.6152761	1789572337112.983	277.7517545223236	2766.9195031	1789572337417.0903	278.1155446223238	2767.2832932	1789572337780.8804	2767.5383827	278.87491369247437	2768.042753	1789572338540.2495	2768.042753	500.2565958946966	300.0	0.0	2489.1587457	1789572059665.336	602.2570655345917	3091.4364771	1789572661922.4014
sub-10037	ses-1	run-01	0	111	40	5	19	23	5	40	5	40	left	right	2	397.79989999988175	True	True	win	31	279.8772277832031	2769.0455292	1789572339542.5637	280.1816930770874	2769.3495494	1789572339847.029	280.5794929770873	2769.7473492999998	1789572340244.8289	2770.003122	281.40047955513	2770.5683905	1789572341065.8154	2770.5683905	561.8961060147636	300.0	0.0	2489.1587457	1789572059665.336	602.2570655345917	3091.4364771	1789572661922.4014
sub-10037	ses-1	run-01	0	112	40	5	20	23	5	40	40	5	right	left	2	352.0312999999078	True	True	win	31	282.40320086479187	2771.571035	1789572342068.5369	282.70725655555725	2771.8752036	1789572342372.5925	283.05928785555716	2772.2272349	1789572342724.6238	2772.4833814	283.9324893951416	2773.1004824	1789572343597.8252	2773.1004824	613.6339628929932	300.0	0.0	2489.1587457	1789572059665.336	602.2570655345917	3091.4364771	1789572661922.4014
sub-10037	ses-1	run-01	0	113	40	5	21	23	5	40	40	5	right	left	2	348.73739999966347	True	False	loss	32	284.93386006355286	2774.1022992	1789572344599.196	285.2384853363037	2774.4065367	1789572344903.8213	285.5872227363034	2774.7552740999995	1789572345252.5586	2775.0092572	286.5148777961731	2775.6829852	1789572346180.2136	2775.6829852	669.7504482527474	300.0	0.0	2489.1587457	1789572059665.336	602.2570655345917	3091.4364771	1789572661922.4014
sub-10037	ses-1	run-01	0	114	40	5	22	23	5	40	5	40	left	right	1	390.3696000002128	False	False	loss	32	287.5164248943329	2776.6844454	1789572347181.7607	287.8208050727844	2776.9889225	1789572347486.1409	288.21117467278464	2777.3792921000004	1789572347876.5105	2777.6322723	289.07438254356384	2778.2425396	1789572348739.7185	2778.2425396	606.5968935601874	300.0	0.0	2489.1587457	1789572059665.336	602.2570655345917	3091.4364771	1789572661922.4014
sub-10037	ses-1	run-01	0	115	5	6	0	23	5	40	40	5	right	left	1	414.40860000011526	True	False	loss	32	290.07664608955383	2779.2446831	1789572349741.982	290.3806777000427	2779.5488662	1789572350046.0137	290.79508630004284	2779.9632748	1789572350460.4224	2780.2170799	291.6087920665741	2780.7775581	1789572351274.128	2780.7775581	556.8856050382639	300.0	0.0	2489.1587457	1789572059665.336	602.2570655345917	3091.4364771	1789572661922.4014
sub-10037	ses-1	run-01	0	116	5	6	1	23	5	40	40	5	right	left	2	368.4238999999252	False	False	loss	32	292.61004734039307	2781.7782104	1789572352275.3833	292.9147439002991	2782.082945	1789572352580.0798	293.283167800299	2782.4513689	1789572352948.5037	2782.7066752	294.09162306785583	2783.2605777	1789572353756.959	2783.2605777	550.1154870358388	300.0	0.0	2489.1587457	1789572059665.336	602.2570655345917	3091.4364771	1789572661922.4014
sub-10037	ses-1	run-01	0	117	5	6	2	23	5	40	40	5	right	left	1	477.37370000004375	True	True	win	31	295.0931541919708	2784.2615803	1789572354758.49	295.39754486083984	2784.5659003	1789572355062.8809	295.8749185608399	2785.043274	1789572355540.2546	2785.2998332	296.63917899131775	2785.8079965	1789572356304.515	2785.8079965	504.14880206937397	300.0	0.0	2489.1587457	1789572059665.336	602.2570655345917	3091.4364771	1789572661922.4014
sub-10037	ses-1	run-01	0	118	5	6	3	23	5	40	5	40	left	right	1	352.96199999993405	True	True	win	31	297.64122700691223	2786.8096605	1789572357306.563	297.9458267688751	2787.1143021	1789572357611.1626	298.29878876887506	2787.4672640999997	1789572357964.1245	2787.7222672	299.2459681034088	2788.4149038	1789572358911.304	2788.4149038	688.1485856900102	300.0	0.0	2489.1587457	1789572059665.336	602.2570655345917	3091.4364771	1789572661922.4014
sub-10037	ses-1	run-01	0	119	5	6	4	23	5	40	40	5	right	left	1	355.03160000007483	True	True	win	31	300.2476146221161	2789.4161452	1789572359912.9504	300.5516769886017	2789.7202414	1789572360217.013	300.90670858860176	2790.075273	1789572360572.0444	2790.3285414	301.69009256362915	2790.8595064	1789572361355.4285	2790.8595064	526.2175569759597	300.0	0.0	2489.1587457	1789572059665.336	602.2570655345917	3091.4364771	1789572661922.4014
sub-10037	ses-1	run-01	0	120	5	6	5	23	5	40	5	40	left	right	1	397.3782000002757	True	True	win	31	302.69302129745483	2791.8617136	1789572362358.3572	302.9969656467438	2792.1661014	1789572362662.3015	303.39434384674405	2792.5634796000004	1789572363059.6797	2792.8209303	304.21851444244385	2793.387305	1789572363883.8503	2793.387305	561.0842885084814	300.0	0.0	2489.1587457	1789572059665.336	602.2570655345917	3091.4364771	1789572661922.4014
sub-10037	ses-1	run-01	0	121	5	6	6	23	5	40	5	40	left	right	1	468.84640000007494	True	True	win	31	305.2216320037842	2794.390414	1789572364886.968	305.52564764022827	2794.6944089	1789572365190.9836	305.99449404022835	2795.1632553	1789572365659.83	2795.4177379	306.77620029449463	2795.9449865	1789572366441.5361	2795.9449865	523.3324667723399	300.0	0.0	2489.1587457	1789572059665.336	602.2570655345917	3091.4364771	1789572661922.4014
sub-10037	ses-1	run-01	0	122	5	6	7	23	5	40	40	5	right	left	1	376.59209999992527	True	True	win	31	307.77723693847656	2796.9467598	1789572367442.5728	308.0818552970886	2797.2506723	1789572367747.1912	308.45844739708855	2797.6272644	1789572368123.7832	2797.8838409	309.3251769542694	2798.4940368	1789572368990.513	2798.4940368	606.5744249978901	300.0	0.0	2489.1587457	1789572059665.336	602.2570655345917	3091.4364771	1789572661922.4014
sub-10037	ses-1	run-01	0	123	5	6	8	23	5	40	40	5	right	left	1	513.7979000000996	True	True	win	31	310.3278019428253	2799.4967589	1789572369993.138	310.63255190849304	2799.8014741	1789572370297.8877	311.14634980849314	2800.3152720000003	1789572370811.6855	2800.5706181	311.97491002082825	2801.1438387	1789572371640.2458	2801.1438387	569.4942028575636	300.0	0.0	2489.1587457	1789572059665.336	602.2570655345917	3091.4364771	1789572661922.4014
sub-10037	ses-1	run-01	0	124	5	6	9	23	5	40	5	40	left	right	1	360.61460000018997	True	True	win	31	312.97693824768066	2802.1462815	1789572372642.2742	313.2816550731659	2802.4506706	1789572372946.991	313.6422696731661	2802.8112852000004	1789572373307.6055	2803.0637465	314.4690067768097	2803.6381361	1789572374134.3428	2803.6381361	570.0704234093815	300.0	0.0	2489.1587457	1789572059665.336	602.2570655345917	3091.4364771	1789572661922.4014
sub-10037	ses-1	run-01	0	125	5	6	10	23	5	40	40	5	right	left	1	298.536900000272	True	True	win	31	315.47084307670593	2804.6397951	1789572375136.179	315.7755162715912	2804.9447145	1789572375440.852	316.07405317159146	2805.2432514	1789572375739.389	2805.4976859	316.9040701389313	2806.0732443	1789572376569.406	2806.0732443	571.1164769386787	300.0	0.0	2489.1587457	1789572059665.336	602.2570655345917	3091.4364771	1789572661922.4014
sub-10037	ses-1	run-01	0	126	5	6	11	23	5	40	5	40	left	right	1	303.3617000000959	True	False	loss	32	317.90650820732117	2807.0756456	1789572377571.844	318.2107548713684	2807.3799132	1789572377876.0908	318.5141165713685	2807.6832749	1789572378179.4526	2807.9381484	319.3801910877228	2808.5494153	1789572379045.527	2808.5494153	607.3457461875042	300.0	0.0	2489.1587457	1789572059665.336	602.2570655345917	3091.4364771	1789572661922.4014
sub-10037	ses-1	run-01	0	127	5	6	12	23	5	40	40	5	right	left	1	371.76599999975224	True	True	win	31	320.38189148902893	2809.5511119	1789572380047.2273	320.6864674091339	2809.8556888	1789572380351.8032	321.05823340913366	2810.2274547999996	1789572380723.5693	2810.4834249	321.8914089202881	2811.060768	1789572381556.7449	2811.060768	573.1042754639637	300.0	0.0	2489.1587457	1789572059665.336	602.2570655345917	3091.4364771	1789572661922.4014
sub-10037	ses-1	run-01	0	128	5	6	13	23	5	40	40	5	right	left	1	364.21699999982593	True	True	win	31	322.89338874816895	2812.0627155	1789572382558.7246	323.19742369651794	2812.3671009	1789572382862.7595	323.56164069651777	2812.7313179	1789572383226.9766	2812.9849996	324.4111969470978	2813.5812255	1789572384076.533	2813.5812255	592.7142627659234	300.0	0.0	2489.1587457	1789572059665.336	602.2570655345917	3091.4364771	1789572661922.4014
sub-10037	ses-1	run-01	0	129	5	6	14	23	5	40	5	40	left	right	1	388.1503999996312	True	False	loss	32	325.4121663570404	2814.582382	1789572385077.5022	325.71760296821594	2814.8870984	1789572385382.939	326.1057533682156	2815.2752487999996	1789572385771.0894	2815.5299574	326.8888885974884	2816.0583701	1789572386554.2246	2816.0583701	524.84940839953	300.0	0.0	2489.1587457	1789572059665.336	602.2570655345917	3091.4364771	1789572661922.4014
sub-10037	ses-1	run-01	0	130	5	6	15	23	5	40	40	5	right	left	1	309.3848999997135	True	True	win	31	327.8922960758209	2817.0618741	1789572387557.632	328.1959080696106	2817.3658754	1789572387861.244	328.5052929696103	2817.6752602999995	1789572388170.629	2817.9285197	329.35039162635803	2818.5199623	1789572389015.7275	2818.5199623	587.2808383515348	300.0	0.0	2489.1587457	1789572059665.336	602.2570655345917	3091.4364771	1789572661922.4014
sub-10037	ses-1	run-01	0	131	5	6	16	23	5	40	5	40	left	right	1	376.80249999993976	True	True	win	31	330.3521583080292	2819.5217592	1789572390017.4941	330.656902551651	2819.8265542	1789572390322.2385	331.03370505165094	2820.2033567	1789572390699.041	2820.4607543	331.8528108596802	2821.022936	1789572391518.1467	2821.022936	558.5460167012795	300.0	0.0	2489.1587457	1789572059665.336	602.2570655345917	3091.4364771	1789572661922.4014
sub-10037	ses-1	run-01	0	132	5	6	17	23	5	40	40	5	right	left	1	322.4142999997639	True	True	win	31	332.85471200942993	2822.0243341	1789572392520.0479	333.15899991989136	2822.3288101	1789572392824.3357	333.4814142198911	2822.6512243999996	1789572393146.75	2822.906783	334.4004716873169	2823.5702203	1789572394065.8076	2823.5702203	659.5094927876916	300.0	0.0	2489.1587457	1789572059665.336	602.2570655345917	3091.4364771	1789572661922.4014
sub-10037	ses-1	run-01	0	133	5	6	18	23	5	40	5	40	left	right	1	318.63290000001143	True	True	win	31	335.4022870063782	2824.5719843	1789572395067.6228	335.7069067955017	2824.8766868	1789572395372.2427	336.0255396955017	2825.1953197	1789572395690.8755	2825.4491745	336.916871547699	2826.0866846	1789572396582.2075	2826.0866846	632.5767234946994	300.0	0.0	2489.1587457	1789572059665.336	602.2570655345917	3091.4364771	1789572661922.4014
sub-10037	ses-1	run-01	0	134	5	6	19	23	5	40	5	40	left	right	2	290.29399999990346	False	False	loss	32	337.91870045661926	2827.0885406	1789572397584.0364	338.22312450408936	2827.3929733	1789572397888.4604	338.51341850408926	2827.6832673	1789572398178.7544	2827.9361016	339.3698785305023	2828.5396656	1789572399035.2144	2828.5396656	598.3544270624807	300.0	0.0	2489.1587457	1789572059665.336	602.2570655345917	3091.4364771	1789572661922.4014
sub-10037	ses-1	run-01	0	135	5	6	20	23	5	40	5	40	left	right	1	325.440399999934	True	True	win	31	340.3709213733673	2829.5415647	1789572400036.2573	340.67594265937805	2829.8458492	1789572400341.2786	341.001383059378	2830.1712896	1789572400666.719	2830.4243	341.8868086338043	2831.0568087	1789572401552.1445	2831.0568087	628.5125947751793	300.0	0.0	2489.1587457	1789572059665.336	602.2570655345917	3091.4364771	1789572661922.4014
sub-10037	ses-1	run-01	0	136	5	6	21	23	5	40	40	5	right	left	1	464.2804999998589	True	True	win	31	342.88833022117615	2832.0584609	1789572402553.666	343.1929132938385	2832.3629693	1789572402858.2493	343.65719379383836	2832.8272497999997	1789572403322.5298	2833.0813961	344.4467053413391	2833.6173016	1789572404112.0413	2833.6173016	531.4996640720956	300.0	0.0	2489.1587457	1789572059665.336	602.2570655345917	3091.4364771	1789572661922.4014
sub-10037	ses-1	run-01	0	137	5	6	22	23	5	40	5	40	left	right	1	345.24629999987155	True	True	win	31	345.44763112068176	2834.6184371	1789572405112.967	345.75188541412354	2834.9219764	1789572405417.2212	346.0971317141234	2835.2672227	1789572405762.4675	2835.5200272	346.9224467277527	2836.0925888	1789572406587.7827	2836.0925888	568.5184006463595	300.0	0.0	2489.1587457	1789572059665.336	602.2570655345917	3091.4364771	1789572661922.4014
sub-10037	ses-1	run-01	0	138	40	7	0	24	5	40	5	40	left	right	1	379.6244000000115	False	True	win	31	347.92527079582214	2837.0957626	1789572407590.6067	348.2294774055481	2837.3996811	1789572407894.8132	348.6091018055481	2837.7793055	1789572408274.4377	2838.0331575	349.38807678222656	2838.5583303	1789572409053.4126	2838.5583303	521.1636877962912	300.0	0.0	2489.1587457	1789572059665.336	602.2570655345917	3091.4364771	1789572661922.4014
sub-10037	ses-1	run-01	0	139	40	7	1	24	5	40	40	5	right	left	1	369.5746999997027	False	False	loss	32	350.39128398895264	2839.5616243	1789572410056.6199	350.69558334350586	2839.8658742	1789572410360.9192	351.06515804350556	2840.2354488999995	1789572410730.494	2840.4899051	351.94696283340454	2841.1172441	1789572411612.2988	2841.1172441	623.5991967888244	300.0	0.0	2489.1587457	1789572059665.336	602.2570655345917	3091.4364771	1789572661922.4014
sub-10037	ses-1	run-01	0	140	40	7	2	24	5	40	5	40	left	right	1	379.45440000021335	False	False	loss	32	352.9488708972931	2842.1191275	1789572412614.2068	353.2534816265106	2842.423799	1789572412918.8176	353.63293602651083	2842.8032534000004	1789572413298.272	2843.0567828	354.46937441825867	2843.6405666	1789572414134.7102	2843.6405666	579.3533605127593	300.0	0.0	2489.1587457	1789572059665.336	602.2570655345917	3091.4364771	1789572661922.4014
sub-10037	ses-1	run-01	0	141	40	7	3	24	5	40	40	5	right	left	1	417.68099999990227	False	False	loss	32	355.4704098701477	2844.6408072	1789572415135.7458	355.77508187294006	2844.9456368	1789572415440.4177	356.19276287293997	2845.3633178	1789572415858.0986	2845.6187339	357.03538489341736	2846.2065932	1789572416700.7207	2846.2065932	584.4806307338458	300.0	0.0	2489.1587457	1789572059665.336	602.2570655345917	3091.4364771	1789572661922.4014
sub-10037	ses-1	run-01	0	142	40	7	4	24	5	40	40	5	right	left	2	409.2339000003449	True	False	loss	32	358.03825283050537	2847.2087021	1789572417703.5886	358.34336042404175	2847.5139579	1789572418008.6963	358.7525943240421	2847.9231918000005	1789572418417.9302	2848.1781128	359.53686571121216	2848.7074725	1789572419202.2017	2848.7074725	525.8393436967826	300.0	0.0	2489.1587457	1789572059665.336	602.2570655345917	3091.4364771	1789572661922.4014
sub-10037	ses-1	run-01	0	143	40	7	5	24	5	40	5	40	left	right	2	612.8574999997909	True	True	win	31	360.53919982910156	2849.7097571	1789572420204.5356	360.84376668930054	2850.0144207	1789572420509.1025	361.4566241893003	2850.6272781999996	1789572421121.96	2850.8841249	362.26564025878906	2851.4363551	1789572421930.976	2851.4363551	548.9412038445873	300.0	0.0	2489.1587457	1789572059665.336	602.2570655345917	3091.4364771	1789572661922.4014
sub-10037	ses-1	run-01	0	144	40	7	6	24	5	40	5	40	left	right	2	540.083599999889	True	False	loss	32	363.26790952682495	2852.4386354	1789572422933.2454	363.5724341869354	2852.7432277	1789572423237.77	364.1125177869353	2853.2833112999997	1789572423777.8535	2853.5378662	364.9308371543884	2854.1015804	1789572424596.173	2854.1015804	559.2205056911707	300.0	0.0	2489.1587457	1789572059665.336	602.2570655345917	3091.4364771	1789572661922.4014
sub-10037	ses-1	run-01	0	145	40	7	7	24	5	40	40	5	right	left	2	515.3847999999925	True	True	win	31	365.9328534603119	2855.103636	1789572425598.1895	366.23706340789795	2855.4079224	1789572425902.3994	366.75244820789794	2855.9233072	1789572426417.7842	2856.1771686	367.70766949653625	2856.8789088	1789572427373.0054	2856.8789088	698.4098962812666	300.0	0.0	2489.1587457	1789572059665.336	602.2570655345917	3091.4364771	1789572661922.4014
sub-10037	ses-1	run-01	0	146	40	7	8	24	5	40	5	40	left	right	2	410.5030999999144	True	True	win	31	368.7097358703613	2857.8805895	1789572428375.0718	369.0139410495758	2858.1848798	1789572428679.2769	369.4244441495757	2858.5953829	1789572429089.78	2858.8487757	370.21646308898926	2859.3874519	1789572429881.799	2859.3874519	534.553754281569	300.0	0.0	2489.1587457	1789572059665.336	602.2570655345917	3091.4364771	1789572661922.4014
sub-10037	ses-1	run-01	0	147	40	7	9	24	5	40	40	5	right	left	2	452.8840000002674	True	True	win	31	371.2181146144867	2860.3890989	1789572430883.4504	371.5235230922699	2860.6944199	1789572431188.859	371.97640709227016	2861.1473039	1789572431641.743	2861.4030993	372.82348799705505	2861.9945539	1789572432488.824	2861.9945539	587.6907534877527	300.0	0.0	2489.1587457	1789572059665.336	602.2570655345917	3091.4364771	1789572661922.4014
sub-10037	ses-1	run-01	0	148	40	7	10	24	5	40	40	5	right	left	2	397.56450000004406	True	True	win	31	373.82605504989624	2862.9971082	1789572433491.3909	374.13055968284607	2863.3017111	1789572433795.8955	374.5281241828461	2863.6992756	1789572434193.46	2863.9552971	375.34409642219543	2864.5152392	1789572435009.4324	2864.5152392	556.9162715366163	300.0	0.0	2489.1587457	1789572059665.336	602.2570655345917	3091.4364771	1789572661922.4014
sub-10037	ses-1	run-01	0	149	40	7	11	24	5	40	40	5	right	left	2	349.7775000000729	True	True	win	31	376.34575486183167	2865.5168663	1789572436011.0908	376.6505308151245	2865.8216072	1789572436315.8667	377.0003083151246	2866.1713847	1789572436665.6443	2866.4249413	377.85355138778687	2867.0253395	1789572437518.8872	2867.0253395	596.9879445719066	300.0	0.0	2489.1587457	1789572059665.336	602.2570655345917	3091.4364771	1789572661922.4014
sub-10037	ses-1	run-01	0	150	40	7	12	24	5	40	40	5	right	left	2	351.26549999995405	True	True	win	31	378.8560526371002	2868.0273069	1789572438521.3884	379.16065740585327	2868.3319654	1789572438825.9934	379.5119229058532	2868.6832309	1789572439177.2588	2868.9358466	380.380877494812	2869.5521889	1789572440046.2134	2869.5521889	612.0487776587032	300.0	0.0	2489.1587457	1789572059665.336	602.2570655345917	3091.4364771	1789572661922.4014
sub-10037	ses-1	run-01	0	151	40	7	13	24	5	40	40	5	right	left	2	353.6054000001059	True	False	loss	32	381.3828001022339	2870.5541303	1789572441048.136	381.68609976768494	2870.8576079	1789572441351.4355	382.03970516768504	2871.2112133	1789572441705.041	2871.465902	382.83395504951477	2872.0060638	1789572442499.291	2872.0060638	535.9214415864298	300.0	0.0	2489.1587457	1789572059665.336	602.2570655345917	3091.4364771	1789572661922.4014
sub-10037	ses-1	run-01	0	152	40	7	14	24	5	40	5	40	left	right	2	578.685299999961	True	True	win	31	383.8362605571747	2873.0076274	1789572443501.5964	384.1412401199341	2873.3127194	1789572443806.576	384.71992541993404	2873.8914047	1789572444385.2612	2874.1477048	385.5286056995392	2874.7001555	1789572445193.9417	2874.7001555	548.319063722133	300.0	0.0	2489.1587457	1789572059665.336	602.2570655345917	3091.4364771	1789572661922.4014
sub-10037	ses-1	run-01	0	153	40	7	15	24	5	40	5	40	left	right	2	324.92369999999937	True	True	win	31	386.52986574172974	2875.7020914	1789572446195.2017	386.8348910808563	2876.0063772	1789572446500.227	387.1598147808563	2876.3313009	1789572446825.1506	2876.5853644	387.9969747066498	2877.1685852	1789572447662.3105	2877.1685852	579.6911860462446	300.0	0.0	2489.1587457	1789572059665.336	602.2570655345917	3091.4364771	1789572661922.4014
sub-10037	ses-1	run-01	0	154	40	7	16	24	5	40	40	5	right	left	2	400.2083999998831	True	True	win	31	388.99782848358154	2878.170228	1789572448663.1643	389.303573846817	2878.4750849	1789572448968.9097	389.7037822468169	2878.8752933	1789572449369.1182	2879.1294908	390.64292073249817	2879.814592	1789572450308.2566	2879.814592	680.5291213486573	300.0	0.0	2489.1587457	1789572059665.336	602.2570655345917	3091.4364771	1789572661922.4014
sub-10037	ses-1	run-01	0	155	40	7	17	24	5	40	5	40	left	right	2	306.63540000023204	True	True	win	31	391.644633769989	2880.8162833	1789572451309.9697	391.94886684417725	2881.1206453	1789572451614.2026	392.2555022441775	2881.4272807	1789572451920.8381	2881.6835508	393.2085270881653	2882.3803415	1789572452873.863	2882.3803415	692.2723132027977	300.0	0.0	2489.1587457	1789572059665.336	602.2570655345917	3091.4364771	1789572661922.4014
sub-10037	ses-1	run-01	0	156	40	7	18	24	5	40	40	5	right	left	2	356.38969999990877	True	True	win	31	394.2101664543152	2883.3819602	1789572453875.5024	394.51491951942444	2883.6867664	1789572454180.2554	394.87130921942435	2884.0431561	1789572454536.645	2884.2999094	395.76844024658203	2884.940304	1789572455433.7761	2884.940304	636.435350726841	300.0	0.0	2489.1587457	1789572059665.336	602.2570655345917	3091.4364771	1789572661922.4014
sub-10037	ses-1	run-01	0	157	40	7	19	24	5	40	5	40	left	right	2	364.2786000000342	True	False	loss	32	396.7697365283966	2885.9419858	1789572456435.0725	397.0752794742584	2886.2470871	1789572456740.6155	397.43955807425846	2886.6113657	1789572457104.894	2886.865332	398.26153349876404	2887.4335127	1789572457926.8694	2887.4335127	564.5588823494809	300.0	0.0	2489.1587457	1789572059665.336	602.2570655345917	3091.4364771	1789572661922.4014
sub-10037	ses-1	run-01	0	158	40	7	20	24	5	40	40	5	right	left	1	543.9292999999452	False	False	loss	32	399.262642621994	2888.4353056	1789572458927.9785	399.56718730926514	2888.7393077	1789572459232.5232	400.1111166092651	2889.283237	1789572459776.4524	2889.538466	400.91580986976624	2890.0877316	1789572460581.1458	2890.0877316	544.0651637498161	300.0	0.0	2489.1587457	1789572059665.336	602.2570655345917	3091.4364771	1789572661922.4014
sub-10037	ses-1	run-01	0	159	40	7	21	24	5	40	5	40	left	right	2	344.7929999997541	True	True	win	31	401.9168076515198	2891.0895536	1789572461582.1436	402.22230315208435	2891.3944506	1789572461887.6392	402.5670961520841	2891.7392435999996	1789572462232.4321	2891.9930956	403.4362049102783	2892.6083497	1789572463101.5408	2892.6083497	611.2005839073572	300.0	0.0	2489.1587457	1789572059665.336	602.2570655345917	3091.4364771	1789572661922.4014
sub-10037	ses-1	run-01	0	160	40	7	22	24	5	40	40	5	right	left	2	400.6257999999434	True	False	loss	32	404.43812251091003	2893.6102479	1789572464103.4585	404.74236273765564	2893.9145839	1789572464407.6987	405.1429885376556	2894.3152096999997	1789572464808.3245	2894.5678693	406.01547598838806	2895.1875687	1789572465680.8118	2895.1875687	615.7513970682791	300.0	0.0	2489.1587457	1789572059665.336	602.2570655345917	3091.4364771	1789572661922.4014
sub-10037	ses-1	run-01	0	161	40	7	23	24	5	40	40	5	right	left	1	373.71889999985797	False	False	loss	32	407.01629662513733	2896.1893642	1789572466681.6326	407.32074642181396	2896.4934788	1789572466986.0823	407.6944653218138	2896.8671977	1789572467359.8013	2897.1222761	408.5105149745941	2897.6828929	1789572468175.8508	2897.6828929	556.4595781406811	300.0	0.0	2489.1587457	1789572059665.336	602.2570655345917	3091.4364771	1789572661922.4014
sub-10037	ses-1	run-01	0	162	5	8	0	21	5	40	5	40	left	right	2	373.5364999997728	False	True	win	31	409.51177191734314	2898.6844536	1789572469177.108	409.8172450065613	2898.9896478	1789572469482.5808	410.19078150656105	2899.3631843	1789572469856.1174	2899.6182603	411.10073804855347	2900.2730815	1789572470766.074	2900.2730815	650.53758010997	300.0	0.0	2489.1587457	1789572059665.336	602.2570655345917	3091.4364771	1789572661922.4014
sub-10037	ses-1	run-01	0	163	5	8	1	21	5	40	5	40	left	right	2	319.3704999998772	False	False	loss	32	412.1029734611511	2901.2753157	1789572471768.3093	412.40731287002563	2901.5798838	1789572472072.6487	412.7266833700255	2901.8992543	1789572472392.0193	2902.1527686	413.6136450767517	2902.7865365	1789572473278.981	2902.7865365	630.7480851137734	300.0	0.0	2489.1587457	1789572059665.336	602.2570655345917	3091.4364771	1789572661922.4014
sub-10037	ses-1	run-01	0	164	5	8	2	21	5	40	5	40	left	right	2	309.8598999999922	False	True	win	31	414.61625480651855	2903.7886739	1789572474281.5908	414.920862197876	2904.0934312	1789572474586.198	415.23072209787597	2904.4032911	1789572474896.0579	2904.6566561	416.11466336250305	2905.2877747	1789572475779.9993	2905.2877747	626.1623178171661	300.0	0.0	2489.1587457	1789572059665.336	602.2570655345917	3091.4364771	1789572661922.4014
sub-10037	ses-1	run-01	0	165	5	8	3	21	5	40	40	5	right	left	1	425.5771999996796	True	False	loss	32	417.11698269844055	2906.2896636	1789572476782.3186	417.42114758491516	2906.5937395	1789572477086.4834	417.84672478491484	2907.0193166999998	1789572477512.0605	2907.2722798	418.61431980133057	2907.7870335	1789572478279.6558	2907.7870335	510.9497162903771	300.0	0.0	2489.1587457	1789572059665.336	602.2570655345917	3091.4364771	1789572661922.4014
sub-10037	ses-1	run-01	0	166	5	8	4	21	5	40	5	40	left	right	2	238.33319999994274	False	False	loss	32	419.6159303188324	2908.7886117	1789572479281.266	419.92015385627747	2909.0928854	1789572479585.4897	420.1584870562774	2909.3312186	1789572479823.823	2909.5861147	420.9895932674408	2910.1623151	1789572480654.9292	2910.1623151	572.5392983255183	300.0	0.0	2489.1587457	1789572059665.336	602.2570655345917	3091.4364771	1789572661922.4014
sub-10037	ses-1	run-01	0	167	5	8	5	21	5	40	40	5	right	left	2	270.14340000005177	False	True	win	31	421.99126744270325	2911.1648575	1789572481656.6033	422.29645109176636	2911.4692318	1789572481961.7869	422.5665944917664	2911.7393752000003	1789572482231.9302	2911.993155	423.3757424354553	2912.5486015	1789572483041.0784	2912.5486015	550.3353898970554	300.0	0.0	2489.1587457	1789572059665.336	602.2570655345917	3091.4364771	1789572661922.4014
sub-10037	ses-1	run-01	0	168	5	8	6	21	5	40	40	5	right	left	2	356.60930000040025	False	False	loss	32	424.37656688690186	2913.5502126	1789572484041.9028	424.68173336982727	2913.8546232	1789572484347.0693	425.03834266982767	2914.2112325000003	1789572484703.6787	2914.4679593	425.9656763076782	2915.1384587	1789572485631.0122	2915.1384587	666.2884164189252	300.0	0.0	2489.1587457	1789572059665.336	602.2570655345917	3091.4364771	1789572661922.4014
sub-10037	ses-1	run-01	0	169	5	8	7	21	5	40	5	40	left	right	1	998.1039000003875	True	True	win	31	426.96658301353455	2916.1402153	1789572486631.919	427.27209997177124	2916.4450574	1789572486937.4358	428.2702038717716	2917.4431613000006	1789572487935.5398	2917.6957628	429.101975440979	2918.2750249	1789572488767.3113	2918.2750249	575.8886004781127	300.0	0.0	2489.1587457	1789572059665.336	602.2570655345917	3091.4364771	1789572661922.4014
sub-10037	ses-1	run-01	0	170	5	8	8	21	5	40	40	5	right	left	1	366.12090000016906	True	False	loss	32	430.10381054878235	2919.2771895	1789572489769.1465	430.40808629989624	2919.5811806	1789572490073.422	430.7742071998964	2919.9473015000003	1789572490439.543	2920.1995725	431.64441561698914	2920.817573	1789572491309.7515	2920.817573	614.034353569601	300.0	0.0	2489.1587457	1789572059665.336	602.2570655345917	3091.4364771	1789572661922.4014
sub-10037	ses-1	run-01	0	171	5	8	9	21	5	40	5	40	left	right	1	655.4736000002777	True	True	win	31	432.6452944278717	2921.8190839	1789572492310.6304	432.9505064487457	2922.1237612	1789572492615.8423	433.605980048746	2922.7792348000003	1789572493271.316	2923.0335726	434.46072220802307	2923.6339522	1789572494126.058	2923.6339522	596.5591457138376	300.0	0.0	2489.1587457	1789572059665.336	602.2570655345917	3091.4364771	1789572661922.4014
sub-10037	ses-1	run-01	0	172	5	8	10	21	5	40	40	5	right	left	1	359.42230000000563	True	True	win	31	435.46179008483887	2924.6354918	1789572495127.126	435.76662278175354	2924.9397517	1789572495431.9587	436.12604508175355	2925.299174	1789572495791.381	2925.5532482	436.9842116832733	2926.1575219	1789572496649.5476	2926.1575219	600.6671310181954	300.0	0.0	2489.1587457	1789572059665.336	602.2570655345917	3091.4364771	1789572661922.4014
sub-10037	ses-1	run-01	0	173	5	8	11	21	5	40	5	40	left	right	1	443.3091000000786	True	False	loss	32	437.98532795906067	2927.1594847	1789572497650.6638	438.2905797958374	2927.4639327	1789572497955.9158	438.7338888958375	2927.9072418	1789572498399.2249	2928.1625125	439.66031646728516	2928.8336961	1789572499325.6523	2928.8336961	667.6735969573876	300.0	0.0	2489.1587457	1789572059665.336	602.2570655345917	3091.4364771	1789572661922.4014
sub-10037	ses-1	run-01	0	174	5	8	12	21	5	40	40	5	right	left	1	376.04129999999714	True	False	loss	32	440.66180658340454	2929.8353546	1789572500327.1426	440.96575379371643	2930.1392256	1789572500631.0896	441.3417950937164	2930.5152669	1789572501007.1309	2930.7677106	442.2173957824707	2931.3909248	1789572501882.7317	2931.3909248	619.498182299426	300.0	0.0	2489.1587457	1789572059665.336	602.2570655345917	3091.4364771	1789572661922.4014
sub-10037	ses-1	run-01	0	175	5	8	13	21	5	40	5	40	left	right	2	369.2351000004237	False	False	loss	32	443.21930742263794	2932.3927448	1789572502884.6433	443.5243637561798	2932.6979689	1789572503189.6997	443.89359885618023	2933.0672040000004	1789572503558.9348	2933.32203	444.78313755989075	2933.9567023	1789572504448.4734	2933.9567023	630.286419561325	300.0	0.0	2489.1587457	1789572059665.336	602.2570655345917	3091.4364771	1789572661922.4014
sub-10037	ses-1	run-01	0	176	5	8	14	21	5	40	5	40	left	right	1	324.4836000003488	True	True	win	31	445.7848675251007	2934.9584618	1789572505450.2034	446.08905363082886	2935.2627113	1789572505754.3894	446.4135372308292	2935.5871949	1789572506078.873	2935.8414395	447.25089263916016	2936.4245832	1789572506916.2285	2936.4245832	579.3826459602742	300.0	0.0	2489.1587457	1789572059665.336	602.2570655345917	3091.4364771	1789572661922.4014
sub-10037	ses-1	run-01	0	177	5	8	15	21	5	40	40	5	right	left	1	336.3395000001219	True	True	win	31	448.2519633769989	2937.4264266	1789572507917.2993	448.55709958076477	2937.7308215	1789572508222.4355	448.8934390807649	2938.067161	1789572508558.7751	2938.3197555	449.7436857223511	2938.9172998	1789572509409.0217	2938.9172998	593.740861714525	300.0	0.0	2489.1587457	1789572059665.336	602.2570655345917	3091.4364771	1789572661922.4014
sub-10037	ses-1	run-01	0	178	5	8	16	21	5	40	5	40	left	right	1	420.8146000000852	True	True	win	31	450.7444565296173	2939.9189419	1789572510409.7925	451.0486330986023	2940.2224296	1789572510713.969	451.4694476986024	2940.6432442	1789572511134.7837	2940.8972103	452.2625470161438	2941.4363958	1789572511927.8828	2941.4363958	535.3102640903268	300.0	0.0	2489.1587457	1789572059665.336	602.2570655345917	3091.4364771	1789572661922.4014
sub-10037	ses-1	run-01	0	179	5	8	17	21	5	40	40	5	right	left	1	324.50299999982235	True	False	loss	32	453.2646143436432	2942.4384761	1789572512929.9502	453.56892228126526	2942.7428466	1789572513234.258	453.8934252812651	2943.0673496	1789572513558.761	2943.3217397	454.82465982437134	2943.9985855	1789572514489.9956	2943.9985855	672.3652194365345	300.0	0.0	2489.1587457	1789572059665.336	602.2570655345917	3091.4364771	1789572661922.4014
sub-10037	ses-1	run-01	0	180	5	8	18	21	5	40	40	5	right	left	1	377.9494000000341	True	False	loss	32	455.8267605304718	2945.0006285	1789572515492.0964	456.13148760795593	2945.3053091	1789572515796.8235	456.50943700795597	2945.6832585	1789572516174.773	2945.9388422	457.30165576934814	2946.4761576	1789572516966.9917	2946.4761576	533.8395542301713	300.0	0.0	2489.1587457	1789572059665.336	602.2570655345917	3091.4364771	1789572661922.4014
sub-10037	ses-1	run-01	0	181	5	8	19	21	5	40	5	40	left	right	1	444.62780000003477	True	True	win	31	458.30450344085693	2947.4784361	1789572517969.8394	458.608598947525	2947.782485	1789572518273.9348	459.05322674752506	2948.2271128	1789572518718.5625	2948.4810885	459.84843587875366	2949.0225091	1789572519513.7717	2949.0225091	537.6428333098462	300.0	0.0	2489.1587457	1789572059665.336	602.2570655345917	3091.4364771	1789572661922.4014
sub-10037	ses-1	run-01	0	182	5	8	20	21	5	40	40	5	right	left	1	322.49030000002676	True	True	win	31	460.8503427505493	2950.0245542	1789572520515.6787	461.1545605659485	2950.3286975	1789572520819.8965	461.4770508659485	2950.6511878	1789572521142.3867	2950.9076176	462.309002161026	2951.4832436	1789572521974.3381	2951.4832436	571.6297537828266	300.0	0.0	2489.1587457	1789572059665.336	602.2570655345917	3091.4364771	1789572661922.4014
sub-10037	ses-1	run-01	0	183	40	9	0	24	5	40	5	40	left	right	1	310.41289999984656	False	True	win	31	463.3106231689453	2952.4848393	1789572522975.959	463.614515542984	2952.7888317	1789572523279.8513	463.92492844298386	2953.0992446	1789572523590.2642	2953.3518855	464.82075667381287	2953.9950941	1789572524486.0925	2953.9950941	639.617490240574	300.0	0.0	2489.1587457	1789572059665.336	602.2570655345917	3091.4364771	1789572661922.4014
sub-10037	ses-1	run-01	0	184	40	9	1	24	5	40	40	5	right	left	1	349.60720000026413	False	True	win	31	465.8225989341736	2954.9968276	1789572525487.9348	466.12734150886536	2955.301644	1789572525792.6775	466.4769487088656	2955.6512512000004	1789572526142.2847	2955.905119	467.40610909461975	2956.5804774	1789572527071.445	2956.5804774	671.3615023269795	300.0	0.0	2489.1587457	1789572059665.336	602.2570655345917	3091.4364771	1789572661922.4014
sub-10037	ses-1	run-01	0	185	40	9	2	24	5	40	40	5	right	left	1	396.0199999996803	False	True	win	31	468.40881991386414	2957.5832955	1789572528074.1558	468.71271228790283	2957.8871533	1789572528378.048	469.1087322879025	2958.2831733	1789572528774.068	2958.5358948	469.92230701446533	2959.0968193	1789572529587.6428	2959.0968193	556.1393278135264	300.0	0.0	2489.1587457	1789572059665.336	602.2570655345917	3091.4364771	1789572661922.4014
sub-10037	ses-1	run-01	0	186	40	9	3	24	5	40	5	40	left	right	1	352.51030000017636	False	False	loss	32	470.9240255355835	2960.0983686	1789572530589.3613	471.2281668186188	2960.4026996	1789572530893.5027	471.58067711861895	2960.7552099	1789572531246.013	2961.0110427	472.4619264602661	2961.6363934	1789572532127.2625	2961.6363934	621.197255714028	300.0	0.0	2489.1587457	1789572059665.336	602.2570655345917	3091.4364771	1789572661922.4014
sub-10037	ses-1	run-01	0	187	40	9	4	24	5	40	5	40	left	right	1	332.1146999996927	False	False	loss	32	473.464341878891	2962.6388325	1789572533129.6777	473.7686986923218	2962.9432391	1789572533434.0347	474.10081339232147	2963.2753537999997	1789572533766.1494	2963.5317163	475.00836396217346	2964.182977	1789572534673.7	2964.182977	647.4690210980536	300.0	0.0	2489.1587457	1789572059665.336	602.2570655345917	3091.4364771	1789572661922.4014
sub-10037	ses-1	run-01	0	188	40	9	5	24	5	40	40	5	right	left	2	481.88789999994697	True	True	win	31	476.01016187667847	2965.184754	1789572535675.4978	476.3145978450775	2965.4892448	1789572535979.9338	476.79648574507746	2965.9711327	1789572536461.8218	2966.2231691	477.6641025543213	2966.8388606	1789572537329.4385	2966.8388606	612.6585495119058	300.0	0.0	2489.1587457	1789572059665.336	602.2570655345917	3091.4364771	1789572661922.4014
sub-10037	ses-1	run-01	0	189	40	9	6	24	5	40	5	40	left	right	2	330.2918999997928	True	True	win	31	478.6658179759979	2967.8405666	1789572538331.1538	478.9701166152954	2968.1449244	1789572538635.4524	479.3004085152952	2968.4752163	1789572538965.7444	2968.7284839	480.10890769958496	2969.2837925	1789572539774.2437	2969.2837925	551.0868545854132	300.0	0.0	2489.1587457	1789572059665.336	602.2570655345917	3091.4364771	1789572661922.4014
sub-10037	ses-1	run-01	0	190	40	9	7	24	5	40	40	5	right	left	2	404.820600000221	True	True	win	31	481.1101167201996	2970.2855278	1789572540775.4526	481.41552805900574	2970.5904265	1789572541080.864	481.82034865900596	2970.9952471	1789572541485.6846	2971.24866	482.62975883483887	2971.8047048	1789572542295.0947	2971.8047048	552.2623818286788	300.0	0.0	2489.1587457	1789572059665.336	602.2570655345917	3091.4364771	1789572661922.4014
sub-10037	ses-1	run-01	0	191	40	9	8	24	5	40	40	5	right	left	2	404.53999999999724	True	True	win	31	483.631653547287	2972.8065211	1789572543296.9895	483.9352879524231	2973.1108061	1789572543600.6238	484.3398279524231	2973.5153461	1789572544005.1638	2973.7693355	485.160685300827	2974.3356916	1789572544826.0212	2974.3356916	562.2377343143928	300.0	0.0	2489.1587457	1789572059665.336	602.2570655345917	3091.4364771	1789572661922.4014
sub-10037	ses-1	run-01	0	192	40	9	9	24	5	40	40	5	right	left	2	345.86399999989226	True	True	win	31	486.16251373291016	2975.3374501	1789572545827.8496	486.4663791656494	2975.6414167	1789572546131.715	486.8122431656493	2975.9872806999997	1789572546477.579	2976.2406505	487.69725465774536	2976.8727276	1789572547362.5906	2976.8727276	628.6511736490456	300.0	0.0	2489.1587457	1789572059665.336	602.2570655345917	3091.4364771	1789572661922.4014
sub-10037	ses-1	run-01	0	193	40	9	10	24	5	40	40	5	right	left	2	384.4626000000062	True	False	loss	32	488.6994171142578	2977.8747773	1789572548364.753	489.0036795139313	2978.1788244	1789572548669.0154	489.3881421139313	2978.563287	1789572549053.478	2978.8171861	490.23596477508545	2979.4116425	1789572549901.3008	2979.4116425	590.9003833853344	300.0	0.0	2489.1587457	1789572059665.336	602.2570655345917	3091.4364771	1789572661922.4014
sub-10037	ses-1	run-01	0	194	40	9	11	24	5	40	5	40	left	right	2	517.5678000000516	True	True	win	31	491.2382118701935	2980.4134093	1789572550903.5479	491.54238510131836	2980.717647	1789572551207.721	492.0599529013184	2981.2352148	1789572551725.2888	2981.49121	493.0035409927368	2982.1788967	1789572552668.877	2982.1788967	683.4869492878756	300.0	0.0	2489.1587457	1789572059665.336	602.2570655345917	3091.4364771	1789572661922.4014
sub-10037	ses-1	run-01	0	195	40	9	12	24	5	40	40	5	right	left	2	374.8509000001832	True	True	win	31	494.0050768852234	2983.1803471	1789572553670.4128	494.30919337272644	2983.4844834	1789572553974.5293	494.6840442727266	2983.8593343000002	1789572554349.3801	2984.1127835	495.5483229160309	2984.7236288	1789572555213.6587	2984.7236288	606.7413807422625	300.0	0.0	2489.1587457	1789572059665.336	602.2570655345917	3091.4364771	1789572661922.4014
sub-10037	ses-1	run-01	0	196	40	9	13	24	5	40	5	40	left	right	2	373.4509999999318	True	True	win	31	496.55020213127136	2985.7254534	1789572556215.538	496.85444235801697	2986.0298684	1789572556519.7783	497.2278933580169	2986.4033194	1789572556893.2292	2986.6591841	498.0398962497711	2987.2153574	1789572557705.2322	2987.2153574	552.5584298040144	300.0	0.0	2489.1587457	1789572059665.336	602.2570655345917	3091.4364771	1789572661922.4014
sub-10037	ses-1	run-01	0	197	40	9	14	24	5	40	5	40	left	right	2	417.8295000001526	True	True	win	31	499.0417115688324	2988.2171709	1789572558707.0474	499.34589195251465	2988.5214072	1789572559011.2278	499.7637214525148	2988.9392367	1789572559429.0574	2989.1949659	500.55763030052185	2989.7332153	1789572560222.9663	2989.7332153	534.929254958809	300.0	0.0	2489.1587457	1789572059665.336	602.2570655345917	3091.4364771	1789572661922.4014
sub-10037	ses-1	run-01	0	198	40	9	15	24	5	40	40	5	right	left	2	348.05499999993117	True	False	loss	32	501.5593113899231	2990.734801	1789572561224.6472	501.86365604400635	2991.0392605	1789572561528.992	502.2117110440063	2991.3873155	1789572561877.0469	2991.6427493	503.15860390663147	2992.3340616	1789572562823.9397	2992.3340616	687.2600784507275	300.0	0.0	2489.1587457	1789572059665.336	602.2570655345917	3091.4364771	1789572661922.4014
sub-10037	ses-1	run-01	0	199	40	9	16	24	5	40	40	5	right	left	2	363.0518999998458	True	False	loss	32	504.1601481437683	2993.3356917	1789572563825.4841	504.4645805358887	2993.6401809	1789572564129.9165	504.8276324358885	2994.0032327999998	1789572564492.9685	2994.2586292	505.7492644786835	2994.9250061	1789572565414.6003	2994.9250061	662.8962655751255	300.0	0.0	2489.1587457	1789572059665.336	602.2570655345917	3091.4364771	1789572661922.4014
sub-10037	ses-1	run-01	0	200	40	9	17	24	5	40	40	5	right	left	1	380.03699999990204	False	True	win	31	506.7513372898102	2995.9270342	1789572566416.673	507.0554461479187	2996.2312079	1789572566720.782	507.4354831479186	2996.6112448999997	1789572567100.819	2996.8644328	508.3417377471924	2997.5175459	1789572568007.0737	2997.5175459	649.1029955715919	300.0	0.0	2489.1587457	1789572059665.336	602.2570655345917	3091.4364771	1789572661922.4014
sub-10037	ses-1	run-01	0	201	40	9	18	24	5	40	40	5	right	left	1	300.08120000002236	False	False	loss	32	509.34340810775757	2998.5191262	1789572569008.744	509.64747500419617	2998.8231808	1789572569312.8108	509.9475562041962	2999.123262	1789572569612.892	2999.3770933	510.7813551425934	2999.9572544	1789572570446.691	2999.9572544	576.0053753967846	300.0	0.0	2489.1587457	1789572059665.336	602.2570655345917	3091.4364771	1789572661922.4014
sub-10037	ses-1	run-01	0	202	40	9	19	24	5	40	40	5	right	left	1	347.5978999999825	False	False	loss	32	511.78210854530334	3000.9588236	1789572571447.4443	512.0875306129456	3001.2634871	1789572571752.8665	512.4351285129455	3001.611085	1789572572100.4644	3001.8664719	513.2507321834564	3002.4267238	1789572572916.068	3002.4267238	556.726155535636	300.0	0.0	2489.1587457	1789572059665.336	602.2570655345917	3091.4364771	1789572661922.4014
sub-10037	ses-1	run-01	0	203	40	9	20	24	5	40	5	40	left	right	2	462.7537999999731	True	True	win	31	514.2521600723267	3003.4280735	1789572573917.4958	514.5565509796143	3003.7324371	1789572574221.887	515.0193047796142	3004.1951909	1789572574684.6409	3004.4521854	515.9753766059875	3005.1514495	1789572575640.7124	3005.1514495	695.5709229470093	300.0	0.0	2489.1587457	1789572059665.336	602.2570655345917	3091.4364771	1789572661922.4014
sub-10037	ses-1	run-01	0	204	40	9	21	24	5	40	5	40	left	right	2	361.7721000000529	True	False	loss	32	516.9767868518829	3006.1528226	1789572576642.1228	517.281213760376	3006.4573364	1789572576946.5496	517.642985860376	3006.8191085	1789572577308.3218	3007.0760487	518.4372982978821	3007.6135121	1789572578102.6343	3007.6135121	533.8015005342844	300.0	0.0	2489.1587457	1789572059665.336	602.2570655345917	3091.4364771	1789572661922.4014
sub-10037	ses-1	run-01	0	205	40	9	22	24	5	40	40	5	right	left	2	947.6485999998658	True	True	win	31	519.4388513565063	3008.6150238	1789572579104.1873	519.743269443512	3008.9194681	1789572579408.6052	520.6909180435118	3009.8671166999998	1789572580356.254	3010.1197362	521.5009980201721	3010.677328	1789572581166.334	3010.677328	553.3711639805514	300.0	0.0	2489.1587457	1789572059665.336	602.2570655345917	3091.4364771	1789572661922.4014
sub-10037	ses-1	run-01	0	206	40	9	23	24	5	40	5	40	left	right	2	370.60850000034407	True	True	win	31	522.5039820671082	3011.6803453	1789572582169.3179	522.8081705570221	3011.9845077	1789572582473.5063	523.1787790570224	3012.3551162000003	1789572582844.1147	3012.6093058	524.1166722774506	3013.2934659	1789572583782.008	3013.2934659	680.9391160621906	300.0	0.0	2489.1587457	1789572059665.336	602.2570655345917	3091.4364771	1789572661922.4014
sub-10037	ses-1	run-01	0	207	5	10	0	20	5	40	5	40	left	right	2	323.68640000004234	False	False	loss	32	525.1181907653809	3014.2949339	1789572584783.5266	525.4230816364288	3014.5994847	1789572585088.4175	525.7467680364289	3014.9231711	1789572585412.1038	3015.1779455	526.6938052177429	3015.8702947	1789572586359.141	3015.8702947	688.4756217305043	300.0	0.0	2489.1587457	1789572059665.336	602.2570655345917	3091.4364771	1789572661922.4014
sub-10037	ses-1	run-01	0	208	5	10	1	20	5	40	5	40	left	right	1	578.4099000002243	True	True	win	31	527.6953122615814	3016.8716919	1789572587360.6482	528.0001680850983	3017.1766912	1789572587665.504	528.5785779850985	3017.7551011	1789572588243.9138	3018.0115772	529.4983420372009	3018.6749406	1789572589163.678	3018.6749406	659.4934707670824	300.0	0.0	2489.1587457	1789572059665.336	602.2570655345917	3091.4364771	1789572661922.4014
sub-10037	ses-1	run-01	0	209	5	10	2	20	5	40	40	5	right	left	1	446.2023000000954	True	False	loss	32	530.4998805522919	3019.6764437	1789572590165.2166	530.8042767047882	3019.9808743	1789572590469.6125	531.2504790047883	3020.4270766	1789572590915.815	3020.6800047	532.0826234817505	3021.2592762	1789572591747.9595	3021.2592762	575.8029122321673	300.0	0.0	2489.1587457	1789572059665.336	602.2570655345917	3091.4364771	1789572661922.4014
sub-10037	ses-1	run-01	0	210	5	10	3	20	5	40	5	40	left	right	1	573.3235999996396	True	True	win	31	533.0842342376709	3022.2608328	1789572592749.57	533.3891434669495	3022.5657735	1789572593054.4792	533.9624670669491	3023.1390970999996	1789572593627.8027	3023.3956509	534.872091293335	3024.0486889	1789572594537.4272	3024.0486889	649.1960994179433	300.0	0.0	2489.1587457	1789572059665.336	602.2570655345917	3091.4364771	1789572661922.4014
sub-10037	ses-1	run-01	0	211	5	10	4	20	5	40	5	40	left	right	1	351.98399999990215	True	True	win	31	535.873621225357	3025.0509361	1789572595538.957	536.1783108711243	3025.3551131	1789572595843.6467	536.5302948711242	3025.7070971	1789572596195.6306	3025.9634942	537.3628680706024	3026.5396945	1789572597028.2039	3026.5396945	572.3172098827024	300.0	0.0	2489.1587457	1789572059665.336	602.2570655345917	3091.4364771	1789572661922.4014
sub-10037	ses-1	run-01	0	212	5	10	5	20	5	40	40	5	right	left	2	316.1546000001181	False	False	loss	32	538.3652937412262	3027.5423554	1789572598030.6296	538.6699810028076	3027.8469179	1789572598335.317	538.9861356028077	3028.1630725	1789572598651.4714	3028.4197222	539.8986692428589	3029.0755926	1789572599564.0051	3029.0755926	652.0030628729415	300.0	0.0	2489.1587457	1789572059665.336	602.2570655345917	3091.4364771	1789572661922.4014
sub-10037	ses-1	run-01	0	213	5	10	6	20	5	40	40	5	right	left	1	716.1071000000447	True	True	win	31	540.9012310504913	3030.078336	1789572600566.567	541.2061569690704	3030.3830787	1789572600871.493	541.9222640690705	3031.0991858	1789572601587.6	3031.3533261	542.7899749279022	3031.9675893	1789572602455.3108	3031.9675893	610.6077005334313	300.0	0.0	2489.1587457	1789572059665.336	602.2570655345917	3091.4364771	1789572661922.4014
sub-10037	ses-1	run-01	0	214	5	10	7	20	5	40	5	40	left	right	1	394.2506999997022	True	True	win	31	543.7916181087494	3032.968642	1789572603456.954	544.0960457324982	3033.2729575	1789572603761.3816	544.4902964324979	3033.6672081999995	1789572604155.6323	3033.9216048	545.2655344009399	3034.4427338	1789572604930.8704	3034.4427338	516.8062203822847	300.0	0.0	2489.1587457	1789572059665.336	602.2570655345917	3091.4364771	1789572661922.4014
sub-10037	ses-1	run-01	0	215	5	10	8	20	5	40	40	5	right	left	1	367.23209999991013	True	True	win	31	546.2667329311371	3035.4437803	1789572605932.0688	546.570873260498	3035.7480288	1789572606236.2092	546.938105360498	3036.1152609	1789572606603.4414	3036.3723758	547.8508846759796	3037.0281052	1789572607516.2205	3037.0281052	651.7518208952487	300.0	0.0	2489.1587457	1789572059665.336	602.2570655345917	3091.4364771	1789572661922.4014
sub-10037	ses-1	run-01	0	216	5	10	9	20	5	40	40	5	right	left	1	443.9306000003853	True	True	win	31	548.8529751300812	3038.0302712	1789572608518.311	549.1579475402832	3038.3352035	1789572608823.2834	549.6018781402836	3038.7791341	1789572609267.214	3039.0342696	550.3662688732147	3039.5435982	1789572610031.6047	3039.5435982	505.17004952197385	300.0	0.0	2489.1587457	1789572059665.336	602.2570655345917	3091.4364771	1789572661922.4014
sub-10037	ses-1	run-01	0	217	5	10	10	20	5	40	5	40	left	right	1	377.6306999998269	True	False	loss	32	551.3680329322815	3040.545266	1789572611033.369	551.6721873283386	3040.8495242	1789572611337.5232	552.0498180283384	3041.2271548999997	1789572611715.1538	3041.4825459	552.8514130115509	3042.0288654	1789572612516.749	3042.0288654	542.0126644410242	300.0	0.0	2489.1587457	1789572059665.336	602.2570655345917	3091.4364771	1789572661922.4014
sub-10037	ses-1	run-01	0	218	5	10	11	20	5	40	5	40	left	right	1	323.3288999999786	True	False	loss	32	553.8534648418427	3043.0307932	1789572613518.8008	554.1583857536316	3043.3357692	1789572613823.7217	554.4817146536316	3043.6590981	1789572614147.0505	3043.9140626	555.3679010868073	3044.5453773	1789572615033.237	3044.5453773	627.4062035966427	300.0	0.0	2489.1587457	1789572059665.336	602.2570655345917	3091.4364771	1789572661922.4014
sub-10037	ses-1	run-01	0	219	5	10	12	20	5	40	5	40	left	right	2	367.0091999997567	False	True	win	31	556.37038397789	3045.5479427	1789572616035.72	556.6745848655701	3045.8520949	1789572616339.9207	557.0415940655698	3046.2191040999996	1789572616706.93	3046.4752371	557.82111120224	3046.99864	1789572617486.447	3046.99864	518.2676175632663	300.0	0.0	2489.1587457	1789572059665.336	602.2570655345917	3091.4364771	1789572661922.4014
sub-10037	ses-1	run-01	0	220	5	10	13	20	5	40	40	5	right	left	2	402.6457999998456	False	False	loss	32	558.8227746486664	3048.0002638	1789572618488.1106	559.1268949508667	3048.3044536	1789572618792.231	559.5295407508665	3048.7070994	1789572619194.8767	3048.9630694	560.3113031387329	3049.4888812	1789572619976.639	3049.4888812	521.3518086529494	300.0	0.0	2489.1587457	1789572059665.336	602.2570655345917	3091.4364771	1789572661922.4014
sub-10037	ses-1	run-01	0	221	5	10	14	20	5	40	40	5	right	left	1	256.48939999973663	True	True	win	31	561.3121581077576	3050.4906157	1789572620977.494	561.6169431209564	3050.7946234	1789572621282.279	561.8734325209562	3051.0511128	1789572621538.7686	3051.3079318	562.7953217029572	3051.9737721	1789572622460.6577	3051.9737721	662.4776681715807	300.0	0.0	2489.1587457	1789572059665.336	602.2570655345917	3091.4364771	1789572661922.4014
sub-10037	ses-1	run-01	0	222	5	10	15	20	5	40	5	40	left	right	1	372.02460000025894	True	True	win	31	563.7974584102631	3052.9752111	1789572623462.7942	564.1014878749847	3053.2790891	1789572623766.8237	564.473512474985	3053.6511137	1789572624138.8484	3053.9078055	565.3104004859924	3054.4881904	1789572624975.7363	3054.4881904	576.0891923743529	300.0	0.0	2489.1587457	1789572059665.336	602.2570655345917	3091.4364771	1789572661922.4014
sub-10037	ses-1	run-01	0	223	5	10	16	20	5	40	40	5	right	left	1	304.03000000023894	True	True	win	31	566.312344789505	3055.4901042	1789572625977.6807	566.6172125339508	3055.7950774	1789572626282.5483	566.921242533951	3056.0991074000003	1789572626586.5784	3056.3536576	567.8440656661987	3057.0219358	1789572627509.4016	3057.0219358	664.3202066211164	300.0	0.0	2489.1587457	1789572059665.336	602.2570655345917	3091.4364771	1789572661922.4014
sub-10037	ses-1	run-01	0	224	5	10	17	20	5	40	5	40	left	right	1	339.34380000027886	True	True	win	31	568.8457136154175	3058.0235668	1789572628511.0496	569.1497895717621	3058.3277439	1789572628815.1255	569.4891333717624	3058.6670877	1789572629154.4692	3058.9212962	570.4251530170441	3059.6031686	1789572630090.489	3059.6031686	677.2734040525398	300.0	0.0	2489.1587457	1789572059665.336	602.2570655345917	3091.4364771	1789572661922.4014
sub-10037	ses-1	run-01	0	225	5	10	18	20	5	40	5	40	left	right	2	277.48609999980545	False	True	win	31	571.4270358085632	3060.6049713	1789572631092.3716	571.7316012382507	3060.9096467	1789572631396.937	572.0090873382505	3061.1871327999997	1789572631674.423	3061.4429354	572.8855402469635	3062.0636422	1789572632550.8762	3062.0636422	615.8596092673993	300.0	0.0	2489.1587457	1789572059665.336	602.2570655345917	3091.4364771	1789572661922.4014
sub-10037	ses-1	run-01	0	226	5	10	19	20	5	40	5	40	left	right	2	680.7494999998198	False	False	loss	32	573.8862392902374	3063.065092	1789572633551.5752	574.192090511322	3063.3703104	1789572633857.4265	574.8728400113218	3064.0510599	1789572634538.176	3064.3050944	575.7684605121613	3064.9465664	1789572635433.7964	3064.9465664	637.3875733108375	300.0	0.0	2489.1587457	1789572059665.336	602.2570655345917	3091.4364771	1789572661922.4014
sub-10037	ses-1	run-01	0	227	40	11	0	20	5	40	5	40	left	right	1	342.6360999997087	False	False	loss	32	576.7700035572052	3065.9481372	1789572636435.3394	577.0742452144623	3066.2524236	1789572636739.581	577.416881314462	3066.5950596999996	1789572637082.217	3066.8506941	578.2715816497803	3067.4498107	1789572637936.9175	3067.4498107	594.7414260871017	300.0	0.0	2489.1587457	1789572059665.336	602.2570655345917	3091.4364771	1789572661922.4014
sub-10037	ses-1	run-01	0	228	40	11	1	20	5	40	5	40	left	right	2	287.1898000003057	True	True	win	31	579.2729206085205	3068.4513152	1789572638938.2566	579.5775718688965	3068.7558919	1789572639242.9077	579.8647616688968	3069.0430817	1789572639530.0974	3069.2985642	580.6945385932922	3069.8728554	1789572640359.8745	3069.8728554	570.0958650057199	300.0	0.0	2489.1587457	1789572059665.336	602.2570655345917	3091.4364771	1789572661922.4014
sub-10037	ses-1	run-01	0	229	40	11	2	20	5	40	40	5	right	left	2	576.4743000004273	True	True	win	31	581.695573091507	3070.8746765	1789572641360.909	582.0003199577332	3071.1786874	1789572641665.6558	582.5767942577336	3071.7551617000004	1789572642242.1301	3072.0077389	583.4136779308319	3072.5921679	1789572643079.014	3072.5921679	580.0988274803442	300.0	0.0	2489.1587457	1789572059665.336	602.2570655345917	3091.4364771	1789572661922.4014
sub-10037	ses-1	run-01	0	230	40	11	3	20	5	40	40	5	right	left	2	448.7315999999737	True	True	win	31	584.415548324585	3073.5943014	1789572644080.8843	584.7191243171692	3073.8983732	1789572644384.4602	585.1678559171692	3074.3471048	1789572644833.192	3074.601688	585.9461717605591	3075.1247478	1789572645611.5076	3075.1247478	519.7684708475047	300.0	0.0	2489.1587457	1789572059665.336	602.2570655345917	3091.4364771	1789572661922.4014
sub-10037	ses-1	run-01	0	231	40	11	4	20	5	40	5	40	left	right	2	428.1138999999712	True	True	win	31	586.9482049942017	3076.1267177	1789572646613.5408	587.2523968219757	3076.4310148	1789572646917.7327	587.6805107219757	3076.8591287	1789572647345.8467	3077.1144403	588.5781841278076	3077.7567901	1789572648243.52	3077.7567901	638.0766781850162	300.0	0.0	2489.1587457	1789572059665.336	602.2570655345917	3091.4364771	1789572661922.4014
sub-10037	ses-1	run-01	0	232	40	11	5	20	5	40	40	5	right	left	2	394.2990999998983	True	True	win	31	589.5811557769775	3078.7598704	1789572649246.4917	589.8860614299774	3079.0647789	1789572649551.3972	590.2803605299773	3079.459078	1789572649945.6963	3079.7135884	591.1259038448334	3080.3046253	1789572650791.2397	3080.3046253	586.3002561843072	300.0	0.0	2489.1587457	1789572059665.336	602.2570655345917	3091.4364771	1789572661922.4014
sub-10037	ses-1	run-01	0	233	40	11	6	20	5	40	40	5	right	left	2	368.57999999983804	True	True	win	31	592.1276657581329	3081.3063307	1789572651793.0017	592.4317495822906	3081.6105295	1789572652097.0854	592.8003295822905	3081.9791095	1789572652465.6655	3082.2341611	593.6607055664062	3082.8393922	1789572653326.0415	3082.8393922	601.4824257238133	300.0	0.0	2489.1587457	1789572059665.336	602.2570655345917	3091.4364771	1789572661922.4014
sub-10037	ses-1	run-01	0	234	40	11	7	20	5	40	5	40	left	right	2	399.3368000001283	True	True	win	31	594.6634433269501	3083.8421757	1789572654328.7793	594.968936920166	3084.1477574	1789572654634.2727	595.3682737201661	3084.5470942	1789572655033.6096	3084.8009429	596.1418256759644	3085.3212825	1789572655807.1616	3085.3212825	516.5278957317678	300.0	0.0	2489.1587457	1789572059665.336	602.2570655345917	3091.4364771	1789572661922.4014
sub-10037	ses-1	run-01	0	235	40	11	8	20	5	40	40	5	right	left	2	312.41480000016963	True	True	win	31	597.1428408622742	3086.3224008	1789572656808.1768	597.4478416442871	3086.6266425	1789572657113.1775	597.7602564442873	3086.9390573	1789572657425.5923	3087.195019	598.6665484905243	3087.845527	1789572658331.8843	3087.845527	646.851672376625	300.0	0.0	2489.1587457	1789572059665.336	602.2570655345917	3091.4364771	1789572661922.4014
sub-10037	ses-1	run-01	0	236	40	11	9	20	5	40	40	5	right	left	2	419.34230000015305	True	True	win	31	599.6680228710175	3088.8474011	1789572659333.359	599.9729015827179	3089.1518938	1789572659638.2375	600.392243882718	3089.5712361	1789572660057.5798	3089.8253002	601.2557663917542	3090.4347668	1789572660921.1023	3090.4347668	605.8248952073934	300.0	0.0	2489.1587457	1789572059665.336	602.2570655345917	3091.4364771	1789572661922.4014
