subject_id	session_id	run	localizer	trial_num	current_good	contingency_id	trial_in_contingency	contingency_trials	flower1	flower2	left_stimulus	right_stimulus	slot1_position	slot2_position	choice	rt	correct	reward	outcome	feedback_marker	trial_start_task_time	trial_start_lsl_time	trial_start_unix_time	choice_window_onset_task_time	choice_window_onset_lsl_time	choice_window_onset_unix_time	choice_onset_task_time	choice_onset_lsl_time	choice_onset_unix_time	choice_marker_send_lsl_time	feedback_onset_task_time	feedback_onset_lsl_time	feedback_onset_unix_time	lsl_marker_send_time	wait_time	iti	run_start_task_time	run_start_lsl_time	run_start_unix_time	run_end_task_time	run_end_lsl_time	run_end_unix_time
sub-10040	ses-1	run-01	0	1	22	1	0	24	38	22	22	38	right	left	2	1109.3488999977126	True	True	win	31	0.0	62239.0707755	1790951947425.6494	0.3423190116882324	62239.4134868	1790951947767.9685	1.451667911685945	62240.522835699994	1790951948877.3174	62240.7807938	2.3268349170684814	62241.3978479	1790951949752.4844	62241.3978479	612.1943091185296	300.0	0.0	62239.070572	1790951947425.6494	601.2603361606598	62840.3125103	1790952548685.9856
sub-10040	ses-1	run-01	0	2	22	1	1	24	38	22	22	38	right	left	2	442.5469999987399	True	True	win	31	3.3288321495056152	62242.3997234	1790951950754.4814	3.63368821144104	62242.7042705	1790951951059.3376	4.07623521143978	62243.1468175	1790951951501.8848	62243.4021953	4.932429075241089	62244.0032613	1790951952358.0784	62244.0032613	597.4472635951576	300.0	0.0	62239.070572	1790951947425.6494	601.2603361606598	62840.3125103	1790952548685.9856
sub-10040	ses-1	run-01	0	3	22	1	2	24	38	22	22	38	right	left	2	363.97939999733353	True	False	loss	32	5.934503078460693	62245.0056848	1790951953360.1526	6.2400360107421875	62245.3107382	1790951953665.6853	6.604015410739521	62245.6747176	1790951954029.6648	62245.9286905	7.459384441375732	62246.5306066	1790951954885.034	62246.5306066	597.9126115465824	300.0	0.0	62239.070572	1790951947425.6494	601.2603361606598	62840.3125103	1790952548685.9856
sub-10040	ses-1	run-01	0	4	22	1	3	24	38	22	22	38	right	left	2	428.60559999826364	True	True	win	31	8.46264362335205	62247.5334294	1790951955888.293	8.7674081325531	62247.8381174	1790951956193.0576	9.196013732551364	62248.266723	1790951956621.6633	62248.5216067	10.081028699874878	62249.1517935	1790951957506.6782	62249.1517935	626.2198696611316	300.0	0.0	62239.070572	1790951947425.6494	601.2603361606598	62840.3125103	1790952548685.9856
sub-10040	ses-1	run-01	0	5	22	1	4	24	38	22	22	38	right	left	2	425.2273000020068	True	True	win	31	11.08163833618164	62250.1528541	1790951958507.2878	11.386750221252441	62250.4574999	1790951958812.3997	11.811977521254448	62250.882727200005	1790951959237.627	62251.134678	12.577865362167358	62251.6485649	1790951960003.5146	62251.6485649	509.46046295531	300.0	0.0	62239.070572	1790951947425.6494	601.2603361606598	62840.3125103	1790952548685.9856
sub-10040	ses-1	run-01	0	6	22	1	5	24	38	22	38	22	left	right	2	736.0446000020602	True	True	win	31	13.57949948310852	62252.6503219	1790951961005.149	13.883330583572388	62252.9547387	1790951961308.98	14.619375183574448	62253.6907833	1790951962045.0247	62253.9442789	15.395536184310913	62254.4668322	1790951962821.1855	62254.4668322	518.610590993343	300.0	0.0	62239.070572	1790951947425.6494	601.2603361606598	62840.3125103	1790952548685.9856
sub-10040	ses-1	run-01	0	7	22	1	6	24	38	22	38	22	left	right	2	918.2419999997364	True	False	loss	32	16.397504091262817	62255.4681181	1790951963823.1536	16.701724529266357	62255.7724606	1790951964127.374	17.619966529266094	62256.6907026	1790951965045.616	62256.942964	18.420557022094727	62257.4912592	1790951965846.2065	62257.4912592	544.5783779026194	300.0	0.0	62239.070572	1790951947425.6494	601.2603361606598	62840.3125103	1790952548685.9856
sub-10040	ses-1	run-01	0	8	22	1	7	24	38	22	22	38	right	left	2	492.9301000011037	True	False	loss	32	19.42264437675476	62258.4937935	1790951966848.2937	19.72696328163147	62258.7978437	1790951967152.6128	20.219893381632573	62259.2907738	1790951967645.543	62259.5462927	21.045534133911133	62260.1162563	1790951968471.1836	62260.1162563	566.0706373974673	300.0	0.0	62239.070572	1790951947425.6494	601.2603361606598	62840.3125103	1790952548685.9856
sub-10040	ses-1	run-01	0	9	22	1	8	24	38	22	38	22	left	right	1	460.1406000001589	False	False	loss	32	22.047533750534058	62261.1182378	1790951969473.183	22.351813316345215	62261.4225747	1790951969777.4626	22.811953916345374	62261.8827153	1790951970237.6033	62262.135596	23.63671350479126	62262.7074263	1790951971062.3628	62262.7074263	567.9096577044639	300.0	0.0	62239.070572	1790951947425.6494	601.2603361606598	62840.3125103	1790952548685.9856
sub-10040	ses-1	run-01	0	10	22	1	9	24	38	22	38	22	left	right	2	396.85309999913443	True	True	win	31	24.637922525405884	62263.7092057	1790951972063.572	24.94253444671631	62264.0138925	1790951972368.1838	25.339387546715443	62264.4107456	1790951972765.0369	62264.6673522	26.131962060928345	62265.2027299	1790951973557.6116	62265.2027299	531.626820344129	300.0	0.0	62239.070572	1790951947425.6494	601.2603361606598	62840.3125103	1790952548685.9856
sub-10040	ses-1	run-01	0	11	22	1	10	24	38	22	22	38	right	left	2	461.72910000314005	True	True	win	31	27.133192777633667	62266.2044451	1790951974558.8423	27.43832492828369	62266.509052	1790951974863.9744	27.90005402828683	62266.970781100004	1790951975325.7034	62267.2239074	28.71462917327881	62267.7857323	1790951976140.2786	62267.7857323	557.3820073005622	300.0	0.0	62239.070572	1790951947425.6494	601.2603361606598	62840.3125103	1790952548685.9856
sub-10040	ses-1	run-01	0	12	22	1	11	24	38	22	22	38	right	left	2	671.3786999971489	True	True	win	31	29.716463804244995	62268.7870733	1790951977142.1133	30.02064561843872	62269.0913576	1790951977446.295	30.69202431843587	62269.7627363	1790951978117.6736	62270.0158277	31.4626886844635	62270.5334243	1790951978888.3381	62270.5334243	513.4412431736565	300.0	0.0	62239.070572	1790951947425.6494	601.2603361606598	62840.3125103	1790952548685.9856
sub-10040	ses-1	run-01	0	13	22	1	12	24	38	22	38	22	left	right	2	482.9286999956821	True	True	win	31	32.46420359611511	62271.5349222	1790951979889.853	32.76872158050537	62271.8397937	1790951980194.371	33.25165028050105	62272.32272239999	1790951980677.2998	62272.5792882	34.01447153091431	62273.0854871	1790951981440.1208	62273.0854871	502.66601783344964	300.0	0.0	62239.070572	1790951947425.6494	601.2603361606598	62840.3125103	1790952548685.9856
sub-10040	ses-1	run-01	0	14	22	1	13	24	38	22	38	22	left	right	1	844.2692999960855	False	True	win	31	35.016295194625854	62274.0873115	1790951982441.9446	35.31977415084839	62274.3905203	1790951982745.4236	36.164043450844474	62275.2347896	1790951983589.6929	62275.4913698	36.99527621269226	62276.0659713	1790951984420.9255	62276.0659713	570.463735101767	300.0	0.0	62239.070572	1790951947425.6494	601.2603361606598	62840.3125103	1790952548685.9856
sub-10040	ses-1	run-01	0	15	22	1	14	24	38	22	38	22	left	right	1	454.2299999957322	False	True	win	31	37.99735951423645	62277.0680464	1790951985423.009	38.301753759384155	62277.3724458	1790951985727.403	38.75598375937989	62277.826675799995	1790951986181.633	62278.0813858	39.63813066482544	62278.7088748	1790951987063.78	62278.7088748	623.6213147029247	300.0	0.0	62239.070572	1790951947425.6494	601.2603361606598	62840.3125103	1790952548685.9856
sub-10040	ses-1	run-01	0	16	22	1	15	24	38	22	22	38	right	left	1	476.6603000025498	False	True	win	31	40.639426708221436	62279.7104277	1790951988065.0762	40.94272708892822	62280.0142333	1790951988368.3765	41.41938738893077	62280.4908936	1790951988845.0369	62280.7432013	42.19768166542053	62281.2683987	1790951989623.331	62281.2683987	521.2024908010064	300.0	0.0	62239.070572	1790951947425.6494	601.2603361606598	62840.3125103	1790952548685.9856
sub-10040	ses-1	run-01	0	17	22	1	16	24	38	22	22	38	right	left	1	493.4533999985433	False	False	loss	32	43.19808387756348	62282.2694166	1790951990623.7334	43.50261425971985	62282.5733715	1790951990928.2637	43.99606765971839	62283.0668249	1790951991421.717	62283.3222982	44.795029163360596	62283.8657602	1790951992220.6785	62283.8657602	539.2451001519456	300.0	0.0	62239.070572	1790951947425.6494	601.2603361606598	62840.3125103	1790952548685.9856
sub-10040	ses-1	run-01	0	18	22	1	17	24	38	22	38	22	left	right	2	399.9476999961189	True	False	loss	32	45.7961311340332	62284.8667182	1790951993221.7805	46.099971532821655	62285.1709138	1790951993525.6208	46.499919232817774	62285.5708615	1790951993925.5686	62285.8241641	47.30322766304016	62286.3738675	1790951994728.877	62286.3738675	545.2028262708848	300.0	0.0	62239.070572	1790951947425.6494	601.2603361606598	62840.3125103	1790952548685.9856
sub-10040	ses-1	run-01	0	19	22	1	18	24	38	22	38	22	left	right	2	378.7354999949457	True	True	win	31	48.30440020561218	62287.3757944	1790951995730.0496	48.60919666290283	62287.6800208	1790951996034.846	48.98793216289778	62288.05875629999	1790951996413.5815	62288.3146659	49.798582553863525	62288.8693482	1790951997224.232	62288.8693482	550.6286519130695	300.0	0.0	62239.070572	1790951947425.6494	601.2603361606598	62840.3125103	1790952548685.9856
sub-10040	ses-1	run-01	0	20	22	1	19	24	38	22	22	38	right	left	2	507.3566999999457	True	True	win	31	50.80020475387573	62289.8710872	1790951998225.8542	51.10465049743652	62290.1753777	1790951998530.2998	51.61200719743647	62290.6827344	1790951999037.6565	62290.9394777	52.50789189338684	62291.5785732	1790951999933.5413	62291.5785732	635.3918367674194	300.0	0.0	62239.070572	1790951947425.6494	601.2603361606598	62840.3125103	1790952548685.9856
sub-10040	ses-1	run-01	0	21	22	1	20	24	38	22	38	22	left	right	2	390.9858999977587	True	True	win	31	53.50921010971069	62292.5798052	1790952000934.8596	53.81312131881714	62292.8837605	1790952001238.7708	54.2041072188149	62293.2747464	1790952001629.7566	62293.527747	55.03661322593689	62294.1073243	1790952002462.2627	62294.1073243	575.049186709021	300.0	0.0	62239.070572	1790951947425.6494	601.2603361606598	62840.3125103	1790952548685.9856
sub-10040	ses-1	run-01	0	22	22	1	21	24	38	22	22	38	right	left	2	373.86079999851063	True	True	win	31	56.037761211395264	62295.1084565	1790952003463.4106	56.34189510345459	62295.4130413	1790952003767.5444	56.7157559034531	62295.7869021	1790952004141.4053	62296.041511	57.63733434677124	62296.7080683	1790952005062.9836	62296.7080683	662.8623754834631	300.0	0.0	62239.070572	1790951947425.6494	601.2603361606598	62840.3125103	1790952548685.9856
sub-10040	ses-1	run-01	0	23	22	1	22	24	38	22	38	22	left	right	1	516.5590000033262	False	False	loss	32	58.63862133026123	62297.7101425	1790952006064.2708	58.943548917770386	62298.0142021	1790952006369.1982	59.46010791777371	62298.5307611	1790952006885.7573	62298.7828477	60.2938129901886	62299.3645931	1790952007719.4624	62299.3645931	578.8397225609054	300.0	0.0	62239.070572	1790951947425.6494	601.2603361606598	62840.3125103	1790952548685.9856
sub-10040	ses-1	run-01	0	24	22	1	23	24	38	22	38	22	left	right	1	508.0796999973245	False	False	loss	32	61.29612922668457	62300.3666857	1790952008721.7786	61.59971737861633	62300.6706294	1790952009025.3667	62.10779707861366	62301.1787091	1790952009533.4463	62301.4354289	62.92397928237915	62301.9947069	1790952010349.6287	62301.9947069	556.8681143654264	300.0	0.0	62239.070572	1790951947425.6494	601.2603361606598	62840.3125103	1790952548685.9856
sub-10040	ses-1	run-01	0	25	38	2	0	23	38	22	38	22	left	right	2	374.34570000186795	False	False	loss	32	63.925700187683105	62302.9964317	1790952011351.3496	64.22984671592712	62303.300478	1790952011655.496	64.60419241592899	62303.6748237	1790952012029.8418	62303.9294734	65.38694262504578	62304.4575119	1790952012812.592	62304.4575119	524.4329258493963	300.0	0.0	62239.070572	1790951947425.6494	601.2603361606598	62840.3125103	1790952548685.9856
sub-10040	ses-1	run-01	0	26	38	2	1	23	38	22	22	38	right	left	2	535.4970999978832	False	False	loss	32	66.38854789733887	62305.459205	1790952013814.1973	66.69250869750977	62305.7632277	1790952014118.1582	67.22800579750765	62306.2987248	1790952014653.6553	62306.5521018	68.00557088851929	62307.0763108	1790952015431.2202	62307.0763108	521.0813339966037	300.0	0.0	62239.070572	1790951947425.6494	601.2603361606598	62840.3125103	1790952548685.9856
sub-10040	ses-1	run-01	0	27	38	2	2	23	38	22	22	38	right	left	2	709.2130000019097	False	True	win	31	69.00655055046082	62308.0777334	1790952016432.2	69.31086564064026	62308.3814998	1790952016736.5151	70.02007864064217	62309.0907128	1790952017445.728	62309.3456213	70.82244205474854	62309.8931579	1790952018248.0916	62309.8931579	544.9436469282402	300.0	0.0	62239.070572	1790951947425.6494	601.2603361606598	62840.3125103	1790952548685.9856
sub-10040	ses-1	run-01	0	28	38	2	3	23	38	22	38	22	left	right	2	690.7938999938779	False	False	loss	32	71.82389307022095	62310.8953551	1790952019249.5425	72.12926626205444	62311.1999912	1790952019554.9158	72.82006016204832	62311.8907851	1790952020245.7097	62312.1441701	73.70918345451355	62312.7798752	1790952021134.8328	62312.7798752	632.1238610935751	300.0	0.0	62239.070572	1790951947425.6494	601.2603361606598	62840.3125103	1790952548685.9856
sub-10040	ses-1	run-01	0	29	38	2	4	23	38	22	38	22	left	right	1	468.55730000243057	True	False	loss	32	74.71093225479126	62313.781816	1790952022136.5815	75.01506090164185	62314.0862181	1790952022440.7102	75.48361820164428	62314.5547754	1790952022909.2676	62314.810066	76.37237215042114	62315.4431329	1790952023798.0215	62315.4431329	629.460392127156	300.0	0.0	62239.070572	1790951947425.6494	601.2603361606598	62840.3125103	1790952548685.9856
sub-10040	ses-1	run-01	0	30	38	2	5	23	38	22	22	38	right	left	2	454.268299996329	False	False	loss	32	77.37303900718689	62316.4444983	1790952024798.6885	77.67774415016174	62316.7484912	1790952025103.3936	78.13201245015807	62317.202759499996	1790952025557.6619	62317.4572774	78.92209649085999	62317.9928221	1790952026347.7458	62317.9928221	531.752653517297	300.0	0.0	62239.070572	1790951947425.6494	601.2603361606598	62840.3125103	1790952548685.9856
sub-10040	ses-1	run-01	0	31	38	2	6	23	38	22	22	38	right	left	2	560.5276000060258	False	True	win	31	79.92373490333557	62318.9947304	1790952027349.3843	80.22744297981262	62319.2985511	1790952027653.0923	80.78797057981865	62319.85907870001	1790952028213.6199	62320.11259	81.65478944778442	62320.7255277	1790952029080.439	62320.7255277	609.1551808313843	300.0	0.0	62239.070572	1790951947425.6494	601.2603361606598	62840.3125103	1790952548685.9856
sub-10040	ses-1	run-01	0	32	38	2	7	23	38	22	38	22	left	right	2	435.64209999749437	False	False	loss	32	82.65604591369629	62321.7271267	1790952030081.6953	82.96027970314026	62322.031128	1790952030385.9292	83.39592180313775	62322.4667701	1790952030821.5713	62322.7204696	84.29086351394653	62323.3614093	1790952031716.513	62323.3614093	637.1118254042864	300.0	0.0	62239.070572	1790951947425.6494	601.2603361606598	62840.3125103	1790952548685.9856
sub-10040	ses-1	run-01	0	33	38	2	8	23	38	22	22	38	right	left	1	471.07690000120783	True	True	win	31	85.29233598709106	62324.3635418	1790952032717.9854	85.59710216522217	62324.6677597	1790952033022.7515	86.06817906522338	62325.1388366	1790952033493.8284	62325.3913627	86.87563228607178	62325.947242	1790952034301.2817	62325.947242	552.0934963224636	300.0	0.0	62239.070572	1790951947425.6494	601.2603361606598	62840.3125103	1790952548685.9856
sub-10040	ses-1	run-01	0	34	38	2	9	23	38	22	38	22	left	right	1	454.0586000002804	True	False	loss	32	87.87722778320312	62326.9480318	1790952035302.8772	88.1816074848175	62327.2527765	1790952035607.2568	88.63566608481779	62327.7068351	1790952036061.3154	62327.961344	89.47274565696716	62328.5434818	1790952036898.395	62328.5434818	578.9370589522764	300.0	0.0	62239.070572	1790951947425.6494	601.2603361606598	62840.3125103	1790952548685.9856
sub-10040	ses-1	run-01	0	35	38	2	10	23	38	22	38	22	left	right	2	345.69010000268463	False	False	loss	32	90.47406888008118	62329.5451579	1790952037899.7183	90.7785074710846	62329.8491204	1790952038204.157	91.12419757108728	62330.194810500005	1790952038549.8472	62330.4478668	91.92805171012878	62330.9988122	1790952039353.7012	62330.9988122	547.2161775797092	300.0	0.0	62239.070572	1790951947425.6494	601.2603361606598	62840.3125103	1790952548685.9856
sub-10040	ses-1	run-01	0	36	38	2	11	23	38	22	38	22	left	right	2	368.9107999962289	False	False	loss	32	92.93068242073059	62332.001197	1790952040356.3318	93.23511362075806	62332.305842	1790952040660.763	93.60402442075429	62332.6747528	1790952041029.6738	62332.9294088	94.37726140022278	62333.4480262	1790952041802.911	62333.4480262	515.1120486673603	300.0	0.0	62239.070572	1790951947425.6494	601.2603361606598	62840.3125103	1790952548685.9856
sub-10040	ses-1	run-01	0	37	38	2	12	23	38	22	38	22	left	right	2	457.4598999970476	False	False	loss	32	95.37860488891602	62334.4494353	1790952042804.2544	95.68229484558105	62334.7534338	1790952043107.9443	96.1397547455781	62335.210893699994	1790952043565.4043	62335.4667787	96.93810772895813	62336.0088446	1790952044363.757	62336.0088446	538.9809001934584	300.0	0.0	62239.070572	1790951947425.6494	601.2603361606598	62840.3125103	1790952548685.9856
sub-10040	ses-1	run-01	0	38	38	2	13	23	38	22	38	22	left	right	1	431.6541000007419	True	True	win	31	97.94075965881348	62337.0112919	1790952045366.4092	98.24464821815491	62337.3152713	1790952045670.2976	98.67630231815565	62337.7469254	1790952046101.9517	62337.9994729	99.56736278533936	62338.6379128	1790952046993.0122	62338.6379128	634.3972772893494	300.0	0.0	62239.070572	1790951947425.6494	601.2603361606598	62840.3125103	1790952548685.9856
sub-10040	ses-1	run-01	0	39	38	2	14	23	38	22	22	38	right	left	1	419.09380000288365	True	True	win	31	100.56910610198975	62339.6404338	1790952047994.7556	100.87301397323608	62339.9436441	1790952048298.6633	101.29210777323897	62340.3627379	1790952048717.757	62340.6172678	102.18857979774475	62341.2593092	1790952049614.2292	62341.2593092	638.1764312505145	300.0	0.0	62239.070572	1790951947425.6494	601.2603361606598	62840.3125103	1790952548685.9856
sub-10040	ses-1	run-01	0	40	38	2	15	23	38	22	38	22	left	right	1	565.9263999987161	True	True	win	31	103.18980598449707	62342.2608394	1790952050615.4553	103.49410438537598	62342.5648186	1790952050919.754	104.06003078537469	62343.130745	1790952051485.6804	62343.3834404	104.89843654632568	62343.9695242	1790952052324.086	62343.9695242	582.646210693197	300.0	0.0	62239.070572	1790951947425.6494	601.2603361606598	62840.3125103	1790952548685.9856
sub-10040	ses-1	run-01	0	41	38	2	16	23	38	22	22	38	right	left	1	375.39269999979297	True	True	win	31	105.89975118637085	62344.970705	1790952053325.4006	106.20464420318604	62345.2753511	1790952053630.2937	106.58003690318583	62345.6507438	1790952054005.6863	62345.9035949	107.4093747138977	62346.4807969	1790952054835.0242	62346.4807969	574.6644164082297	300.0	0.0	62239.070572	1790951947425.6494	601.2603361606598	62840.3125103	1790952548685.9856
sub-10040	ses-1	run-01	0	42	38	2	17	23	38	22	22	38	right	left	1	456.34229999996023	True	True	win	31	108.41064667701721	62347.4818084	1790952055836.2961	108.71505188941956	62347.7863914	1790952056140.7012	109.17139418941952	62348.2427337	1790952056597.0435	62348.4952817	109.92998743057251	62349.0007317	1790952057355.6367	62349.0007317	501.4183730238012	300.0	0.0	62239.070572	1790951947425.6494	601.2603361606598	62840.3125103	1790952548685.9856
sub-10040	ses-1	run-01	0	43	38	2	18	23	38	22	22	38	right	left	1	871.7394999985117	True	True	win	31	110.9315402507782	62350.0025261	1790952058357.1897	111.23632788658142	62350.3069876	1790952058661.9773	112.10806738657993	62351.1787271	1790952059533.7168	62351.4325998	112.99814891815186	62352.0698438	1790952060423.7983	62352.0698438	633.0952960081954	300.0	0.0	62239.070572	1790951947425.6494	601.2603361606598	62840.3125103	1790952548685.9856
sub-10040	ses-1	run-01	0	44	38	2	19	23	38	22	22	38	right	left	1	404.8235000009299	True	True	win	31	113.9982578754425	62353.0700814	1790952061423.9072	114.30329823493958	62353.3739609	1790952061728.9478	114.7081217349405	62353.7787844	1790952062133.7712	62354.0330314	115.47176957130432	62354.5424976	1790952062897.419	62354.5424976	505.5254980630691	300.0	0.0	62239.070572	1790951947425.6494	601.2603361606598	62840.3125103	1790952548685.9856
sub-10040	ses-1	run-01	0	45	38	2	20	23	38	22	22	38	right	left	1	354.48989999713376	True	True	win	31	116.47275066375732	62355.5441917	1790952063898.4001	116.77753162384033	62355.8482235	1790952064203.181	117.13202152383747	62356.202713399995	1790952064557.671	62356.4571626	117.98307728767395	62357.0539518	1790952065408.7268	62357.0539518	592.6361495011195	300.0	0.0	62239.070572	1790951947425.6494	601.2603361606598	62840.3125103	1790952548685.9856
sub-10040	ses-1	run-01	0	46	38	2	21	23	38	22	38	22	left	right	1	571.9964000018081	True	True	win	31	118.98357367515564	62358.0549335	1790952066409.2231	119.28816175460815	62358.358821	1790952066713.8113	119.86015815460996	62358.9308174	1790952067285.8076	62359.1834433	120.65816259384155	62359.7288421	1790952068083.812	62359.7288421	541.6689327249844	300.0	0.0	62239.070572	1790951947425.6494	601.2603361606598	62840.3125103	1790952548685.9856
sub-10040	ses-1	run-01	0	47	38	2	22	23	38	22	38	22	left	right	1	431.1243000047398	True	False	loss	32	121.66019248962402	62360.7311972	1790952069085.8418	121.96494626998901	62361.035609	1790952069390.5957	122.39607056999375	62361.4667333	1790952069821.72	62361.7204674	123.3207151889801	62362.3914402	1790952070746.3645	62362.3914402	667.8136949598918	300.0	0.0	62239.070572	1790951947425.6494	601.2603361606598	62840.3125103	1790952548685.9856
sub-10040	ses-1	run-01	0	48	22	3	0	23	38	22	38	22	left	right	2	344.06399999716086	True	False	loss	32	124.3240122795105	62363.3947192	1790952071749.6616	124.62809324264526	62363.6987475	1790952072053.7427	124.97215724264242	62364.042811499996	1790952072397.8066	62364.296655	125.76486802101135	62364.8353809	1790952073190.5173	62364.8353809	534.7953366166743	300.0	0.0	62239.070572	1790951947425.6494	601.2603361606598	62840.3125103	1790952548685.9856
sub-10040	ses-1	run-01	0	49	22	3	1	23	38	22	22	38	right	left	1	252.15839999873424	False	False	loss	32	126.76771450042725	62365.8386034	1790952074193.364	127.07197523117065	62366.1426309	1790952074497.6248	127.32413363116939	62366.3947893	1790952074749.7832	62366.6506016	128.09151649475098	62367.1621491	1790952075517.166	62367.1621491	507.0392301480239	300.0	0.0	62239.070572	1790951947425.6494	601.2603361606598	62840.3125103	1790952548685.9856
sub-10040	ses-1	run-01	0	50	22	3	2	23	38	22	38	22	left	right	2	461.8661999993492	True	True	win	31	129.09376049041748	62368.1644023	1790952076519.41	129.39830708503723	62368.4689137	1790952076823.9565	129.86017328503658	62368.9307799	1790952077285.8228	62369.1882684	130.7516210079193	62369.8223168	1790952078177.2705	62369.8223168	629.3496282825236	300.0	0.0	62239.070572	1790951947425.6494	601.2603361606598	62840.3125103	1790952548685.9856
sub-10040	ses-1	run-01	0	51	22	3	3	23	38	22	22	38	right	left	2	386.48380000086036	True	True	win	31	131.7532377243042	62370.8245627	1790952079178.8872	132.05762648582458	62371.1283146	1790952079483.276	132.44411028582545	62371.5147984	1790952079869.7598	62371.767052	133.36816930770874	62372.4388537	1790952080793.8186	62372.4388537	667.7622839534246	300.0	0.0	62239.070572	1790951947425.6494	601.2603361606598	62840.3125103	1790952548685.9856
sub-10040	ses-1	run-01	0	52	22	3	4	23	38	22	22	38	right	left	2	658.173199997691	True	True	win	31	134.37004113197327	62373.4408198	1790952081795.6904	134.67396664619446	62373.7446375	1790952082099.616	135.33213984619215	62374.4028107	1790952082757.789	62374.6593038	136.19206476211548	62375.2638165	1790952083617.714	62375.2638165	600.4929963110308	300.0	0.0	62239.070572	1790951947425.6494	601.2603361606598	62840.3125103	1790952548685.9856
sub-10040	ses-1	run-01	0	53	22	3	5	23	38	22	38	22	left	right	1	513.2637999995495	False	False	loss	32	137.19419407844543	62376.2651087	1790952084619.8435	137.498304605484	62376.5695315	1790952084923.954	138.01156840548356	62377.0827953	1790952085437.218	62377.3389224	138.87593913078308	62377.947051	1790952086301.5886	62377.947051	604.6950414678729	300.0	0.0	62239.070572	1790951947425.6494	601.2603361606598	62840.3125103	1790952548685.9856
sub-10040	ses-1	run-01	0	54	22	3	6	23	38	22	22	38	right	left	2	613.4901999976137	True	True	win	31	139.8782720565796	62378.9494764	1790952087303.9214	140.18265008926392	62379.2533083	1790952087608.2996	140.79614028926153	62379.8667985	1790952088221.7898	62380.1229596	141.72578811645508	62380.7977623	1790952089151.4375	62380.7977623	670.76264247612	300.0	0.0	62239.070572	1790951947425.6494	601.2603361606598	62840.3125103	1790952548685.9856
sub-10040	ses-1	run-01	0	55	22	3	7	23	38	22	22	38	right	left	2	490.82669999916106	True	False	loss	32	142.72864508628845	62381.7993185	1790952090154.2944	143.03332567214966	62382.1040129	1790952090458.975	143.52415237214882	62382.5948396	1790952090949.8018	62382.8476556	144.36410570144653	62383.4348354	1790952091789.7551	62383.4348354	583.5000020023168	300.0	0.0	62239.070572	1790951947425.6494	601.2603361606598	62840.3125103	1790952548685.9856
sub-10040	ses-1	run-01	0	56	22	3	8	23	38	22	38	22	left	right	2	598.3384999999544	True	True	win	31	145.36496496200562	62384.4360995	1790952092790.6143	145.66980242729187	62384.7405258	1790952093095.452	146.26814092729182	62385.3388643	1790952093693.7903	62385.5953852	147.07227730751038	62386.1429187	1790952094497.9268	62386.1429187	543.4144231358192	300.0	0.0	62239.070572	1790951947425.6494	601.2603361606598	62840.3125103	1790952548685.9856
sub-10040	ses-1	run-01	0	57	22	3	9	23	38	22	22	38	right	left	2	474.1848999983631	True	False	loss	32	148.0739505290985	62387.1446462	1790952095499.5999	148.37791275978088	62387.4486176	1790952095803.5623	148.85209765977925	62387.9228025	1790952096277.747	62388.1770399	149.68169736862183	62388.7523812	1790952097107.3467	62388.7523812	571.8189933841345	300.0	0.0	62239.070572	1790951947425.6494	601.2603361606598	62840.3125103	1790952548685.9856
sub-10040	ses-1	run-01	0	58	22	3	10	23	38	22	22	38	right	left	1	449.0070000028936	False	False	loss	32	150.68325352668762	62389.754564	1790952098108.9028	150.9871587753296	62390.0578403	1790952098412.808	151.43616577533248	62390.50684730001	1790952098861.8152	62390.762385	152.31635403633118	62391.387021	1790952099742.0034	62391.387021	621.4961822050279	300.0	0.0	62239.070572	1790951947425.6494	601.2603361606598	62840.3125103	1790952548685.9856
sub-10040	ses-1	run-01	0	59	22	3	11	23	38	22	38	22	left	right	2	413.37339999881806	True	True	win	31	153.31767439842224	62392.3891575	1790952100743.3237	153.62241172790527	62392.6935271	1790952101048.061	154.0357851279041	62393.106900499995	1790952101461.4343	62393.3629062	154.80162644386292	62393.8723632	1790952102227.276	62393.8723632	504.4594477667432	300.0	0.0	62239.070572	1790951947425.6494	601.2603361606598	62840.3125103	1790952548685.9856
sub-10040	ses-1	run-01	0	60	22	3	12	23	38	22	22	38	right	left	2	576.1025000028894	True	True	win	31	155.80326223373413	62394.8746448	1790952103228.9116	156.10814142227173	62395.1787601	1790952103533.7908	156.68424392227462	62395.754862600006	1790952104109.8933	62396.0073131	157.63690066337585	62396.7075889	1790952105062.55	62396.7075889	696.4233372051214	300.0	0.0	62239.070572	1790951947425.6494	601.2603361606598	62840.3125103	1790952548685.9856
sub-10040	ses-1	run-01	0	61	22	3	13	23	38	22	38	22	left	right	2	445.76360000064597	True	True	win	31	158.63761019706726	62397.7089237	1790952106063.2595	158.94236731529236	62398.0130327	1790952106368.0166	159.388130915293	62398.4587963	1790952106813.7803	62398.7119173	160.25911617279053	62399.3302422	1790952107684.7656	62399.3302422	614.6422792134424	300.0	0.0	62239.070572	1790951947425.6494	601.2603361606598	62840.3125103	1790952548685.9856
sub-10040	ses-1	run-01	0	62	22	3	14	23	38	22	22	38	right	left	2	598.7889000025461	True	False	loss	32	161.2601182460785	62400.3309587	1790952108685.7676	161.5649356842041	62400.6359945	1790952108990.5852	162.16372458420665	62401.2347834	1790952109589.374	62401.4902254	162.98116540908813	62402.0520104	1790952110406.8147	62402.0520104	557.8644786576928	300.0	0.0	62239.070572	1790951947425.6494	601.2603361606598	62840.3125103	1790952548685.9856
sub-10040	ses-1	run-01	0	63	22	3	15	23	38	22	38	22	left	right	1	740.9559000006993	False	False	loss	32	163.98310041427612	62403.0538415	1790952111408.7498	164.28710842132568	62403.3577899	1790952111712.7578	165.02806432132638	62404.0987458	1790952112453.7136	62404.3516617	165.92827105522156	62404.9989593	1790952113353.9204	62404.9989593	644.7314325724517	300.0	0.0	62239.070572	1790951947425.6494	601.2603361606598	62840.3125103	1790952548685.9856
sub-10040	ses-1	run-01	0	64	22	3	16	23	38	22	38	22	left	right	1	681.2838000041666	False	False	loss	32	166.93047857284546	62406.0010989	1790952114356.128	167.23482298851013	62406.3055143	1790952114660.4724	167.9161067885143	62406.986798100006	1790952115341.756	62407.2398116	168.69269442558289	62407.7633783	1790952116118.3438	62407.7633783	519.9828143127196	300.0	0.0	62239.070572	1790951947425.6494	601.2603361606598	62840.3125103	1790952548685.9856
sub-10040	ses-1	run-01	0	65	22	3	17	23	38	22	38	22	left	right	2	333.1515000027139	True	True	win	31	169.6951823234558	62408.7659849	1790952117120.8318	169.99793791770935	62409.0695501	1790952117423.5874	170.33108941771206	62409.402701600004	1790952117756.739	62409.657576	171.1370632648468	62410.208188	1790952118562.7126	62410.208188	546.2353879416106	300.0	0.0	62239.070572	1790951947425.6494	601.2603361606598	62840.3125103	1790952548685.9856
sub-10040	ses-1	run-01	0	66	22	3	18	23	38	22	38	22	left	right	2	410.1141999999527	True	True	win	31	172.13772058486938	62411.2090611	1790952119563.3699	172.44194293022156	62411.512631	1790952119867.5923	172.8520571302215	62411.9227452	1790952120277.7065	62412.1765187	173.66997861862183	62412.7406759	1790952121095.628	62412.7406759	559.7190371580397	300.0	0.0	62239.070572	1790951947425.6494	601.2603361606598	62840.3125103	1790952548685.9856
sub-10040	ses-1	run-01	0	67	22	3	19	23	38	22	22	38	right	left	2	572.2336999970139	True	True	win	31	174.67177391052246	62413.7423385	1790952122097.4233	174.97575640678406	62414.04646	1790952122401.4058	175.54799010678107	62414.618693699995	1790952122973.6394	62414.8751793	176.33052468299866	62415.4012135	1790952123756.174	62415.4012135	521.902641021236	300.0	0.0	62239.070572	1790951947425.6494	601.2603361606598	62840.3125103	1790952548685.9856
sub-10040	ses-1	run-01	0	68	22	3	20	23	38	22	38	22	left	right	2	830.1138999959221	True	True	win	31	177.33284759521484	62416.4035889	1790952124758.497	177.63793921470642	62416.708623	1790952125063.5886	178.46805311470234	62417.538736899995	1790952125893.7026	62417.7941847	179.2887237071991	62418.3594359	1790952126714.373	62418.3594359	561.4065869363625	300.0	0.0	62239.070572	1790951947425.6494	601.2603361606598	62840.3125103	1790952548685.9856
sub-10040	ses-1	run-01	0	69	22	3	21	23	38	22	38	22	left	right	2	513.9274000030127	True	True	win	31	180.28940391540527	62419.3607788	1790952127715.0532	180.59378099441528	62419.6647951	1790952128019.4304	181.1077083944183	62420.1787225	1790952128533.358	62420.432886	181.96797609329224	62421.0386778	1790952129393.6255	62421.0386778	601.2210999662694	300.0	0.0	62239.070572	1790951947425.6494	601.2603361606598	62840.3125103	1790952548685.9856
sub-10040	ses-1	run-01	0	70	22	3	22	23	38	22	38	22	left	right	2	329.5655000038096	True	False	loss	32	182.96990180015564	62422.0408397	1790952130395.5513	183.27446722984314	62422.3451731	1790952130700.1167	183.60403272984695	62422.674738600006	1790952131029.6821	62422.9293596	184.39665126800537	62423.4673901	1790952131822.3008	62423.4673901	535.9713705711144	300.0	0.0	62239.070572	1790951947425.6494	601.2603361606598	62840.3125103	1790952548685.9856
sub-10040	ses-1	run-01	0	71	38	4	0	23	38	22	38	22	left	right	2	373.14980000519427	False	True	win	31	185.3983302116394	62424.4695028	1790952132823.9797	185.70301127433777	62424.7736801	1790952133128.6606	186.07616107434296	62425.146829900004	1790952133501.8105	62425.4024012	186.93045902252197	62426.0011238	1790952134356.1084	62426.0011238	594.2142488168402	300.0	0.0	62239.070572	1790951947425.6494	601.2603361606598	62840.3125103	1790952548685.9856
sub-10040	ses-1	run-01	0	72	38	4	1	23	38	22	38	22	left	right	2	390.1229999974021	False	True	win	31	187.93380761146545	62427.0046684	1790952135359.457	188.23818922042847	62427.3088621	1790952135663.8386	188.62831222042587	62427.698985099996	1790952136053.9617	62427.9523326	189.55044960975647	62428.6211358	1790952136976.099	62428.6211358	664.4169794964388	300.0	0.0	62239.070572	1790951947425.6494	601.2603361606598	62840.3125103	1790952548685.9856
sub-10040	ses-1	run-01	0	73	38	4	2	23	38	22	38	22	left	right	2	490.57019999600016	False	False	loss	32	190.55315160751343	62429.6236617	1790952137978.801	190.8574573993683	62429.9281433	1790952138283.1067	191.3480275993643	62430.418713499996	1790952138773.677	62430.6726197	192.29572939872742	62431.3669959	1790952139721.379	62431.3669959	690.1315405579951	300.0	0.0	62239.070572	1790951947425.6494	601.2603361606598	62840.3125103	1790952548685.9856
sub-10040	ses-1	run-01	0	74	38	4	3	23	38	22	22	38	right	left	2	931.4511999982642	False	False	loss	32	193.29743576049805	62432.3682063	1790952140723.0852	193.59996151924133	62432.671309	1790952141025.6108	194.5314127192396	62433.602760199996	1790952141957.062	62433.8573231	195.40860152244568	62434.4796148	1790952142834.251	62434.4796148	618.0638864833887	300.0	0.0	62239.070572	1790951947425.6494	601.2603361606598	62840.3125103	1790952548685.9856
sub-10040	ses-1	run-01	0	75	38	4	4	23	38	22	22	38	right	left	1	384.83670000277925	True	True	win	31	196.41049003601074	62435.481252	1790952143836.1394	196.71461939811707	62435.7858675	1790952144140.2688	197.09945609811984	62436.170704200005	1790952144525.1055	62436.4239128	197.9938931465149	62437.0645243	1790952145419.5425	62437.0645243	636.8836056317889	300.0	0.0	62239.070572	1790951947425.6494	601.2603361606598	62840.3125103	1790952548685.9856
sub-10040	ses-1	run-01	0	76	38	4	5	23	38	22	22	38	right	left	1	447.55280000390485	True	False	loss	32	198.99597191810608	62438.0665878	1790952146421.6213	199.30046844482422	62438.3711592	1790952146726.118	199.74802124482812	62438.81871200001	1790952147173.6707	62439.0749442	200.5807340145111	62439.6517907	1790952148006.3833	62439.6517907	572.5579278667645	300.0	0.0	62239.070572	1790951947425.6494	601.2603361606598	62840.3125103	1790952548685.9856
sub-10040	ses-1	run-01	0	77	38	4	6	23	38	22	22	38	right	left	2	485.35890000493964	False	False	loss	32	201.5815715789795	62440.6528625	1790952149007.221	201.88664555549622	62440.9573565	1790952149312.295	202.37200445550116	62441.44271540001	1790952149797.6538	62441.6954595	203.29781579971313	62442.3686283	1790952150723.465	62442.3686283	669.9038246777527	300.0	0.0	62239.070572	1790951947425.6494	601.2603361606598	62840.3125103	1790952548685.9856
sub-10040	ses-1	run-01	0	78	38	4	7	23	38	22	22	38	right	left	2	487.1895000032964	False	True	win	31	204.30025339126587	62443.3710429	1790952151725.9028	204.60437560081482	62443.6757044	1790952152030.025	205.09156510081812	62444.1628939	1790952152517.2144	62444.4187125	206.03164529800415	62445.1028418	1790952153457.2947	62445.1028418	680.2737473538003	300.0	0.0	62239.070572	1790951947425.6494	601.2603361606598	62840.3125103	1790952548685.9856
sub-10040	ses-1	run-01	0	79	38	4	8	23	38	22	22	38	right	left	2	442.82180000300286	False	False	loss	32	207.03336811065674	62446.1039643	1790952154459.0176	207.33729696273804	62446.4079246	1790952154762.9463	207.78011876274104	62446.8507464	1790952155205.768	62447.1069825	208.63927602767944	62447.7099349	1790952156064.9255	62447.7099349	598.4499460485805	300.0	0.0	62239.070572	1790951947425.6494	601.2603361606598	62840.3125103	1790952548685.9856
sub-10040	ses-1	run-01	0	80	38	4	9	23	38	22	38	22	left	right	2	659.3229999998584	False	False	loss	32	209.64137411117554	62448.711953	1790952157067.0234	209.94445371627808	62449.0154176	1790952157370.103	210.60377671627793	62449.6747406	1790952158029.426	62449.9296746	211.5426425933838	62450.6137279	1790952158968.292	62450.6137279	680.7998841633787	300.0	0.0	62239.070572	1790951947425.6494	601.2603361606598	62840.3125103	1790952548685.9856
sub-10040	ses-1	run-01	0	81	38	4	10	23	38	22	22	38	right	left	1	355.19579999527195	True	True	win	31	212.54509258270264	62451.6157376	1790952159970.742	212.848384141922	62451.919533	1790952160274.0334	213.20357994191727	62452.274728799996	1790952160629.2292	62452.5285259	214.0663833618164	62453.1369643	1790952161492.0327	62453.1369643	604.5679449103312	300.0	0.0	62239.070572	1790951947425.6494	601.2603361606598	62840.3125103	1790952548685.9856
sub-10040	ses-1	run-01	0	82	38	4	11	23	38	22	22	38	right	left	1	447.61599999765167	True	True	win	31	215.0676600933075	62454.1383315	1790952162493.3096	215.3724808692932	62454.4431124	1790952162798.1304	215.82009686929086	62454.890728399994	1790952163245.7463	62455.1462798	216.58506751060486	62455.6557816	1790952164010.7168	62455.6557816	505.11605440610816	300.0	0.0	62239.070572	1790951947425.6494	601.2603361606598	62840.3125103	1790952548685.9856
sub-10040	ses-1	run-01	0	83	38	4	12	23	38	22	38	22	left	right	1	433.1095999950776	True	True	win	31	217.58677458763123	62456.6579462	1790952165012.424	217.89092636108398	62456.9616035	1790952165316.5757	218.32403596107906	62457.394713099995	1790952165749.6853	62457.6499137	219.19040513038635	62458.2610627	1790952166616.0544	62458.2610627	607.2201949949539	300.0	0.0	62239.070572	1790951947425.6494	601.2603361606598	62840.3125103	1790952548685.9856
sub-10040	ses-1	run-01	0	84	38	4	13	23	38	22	38	22	left	right	1	586.9013000046834	True	True	win	31	220.19226813316345	62459.2635315	1790952167617.9175	220.49733304977417	62459.5679503	1790952167922.9824	221.08423434977885	62460.154851600004	1790952168509.8838	62460.4080087	221.9300196170807	62461.0007255	1790952169355.669	62461.0007255	588.3193460382375	300.0	0.0	62239.070572	1790951947425.6494	601.2603361606598	62840.3125103	1790952548685.9856
sub-10040	ses-1	run-01	0	85	38	4	14	23	38	22	38	22	left	right	1	416.9038999971235	True	False	loss	32	222.9303274154663	62462.0017822	1790952170355.9768	223.23522520065308	62462.3058462	1790952170660.8745	223.6521291006502	62462.722750099994	1790952171077.7783	62462.9808121	224.54036617279053	62463.6110694	1790952171966.0156	62463.6110694	626.5098489479909	300.0	0.0	62239.070572	1790951947425.6494	601.2603361606598	62840.3125103	1790952548685.9856
sub-10040	ses-1	run-01	0	86	38	4	15	23	38	22	22	38	right	left	2	508.4354000064195	False	False	loss	32	225.54280400276184	62464.6141279	1790952172968.4534	225.84760212898254	62464.9183057	1790952173273.2515	226.35603752898896	62465.426741100004	1790952173781.6868	62465.6823086	227.2057535648346	62466.2764928	1790952174631.403	62466.2764928	590.6323492758647	300.0	0.0	62239.070572	1790951947425.6494	601.2603361606598	62840.3125103	1790952548685.9856
sub-10040	ses-1	run-01	0	87	38	4	16	23	38	22	22	38	right	left	2	443.5984000010649	False	False	loss	32	228.207111120224	62467.2780587	1790952175632.7605	228.51250839233398	62467.583159	1790952175938.1577	228.95610679233505	62468.0267574	1790952176381.756	62468.2823481	229.76292729377747	62468.8336659	1790952177188.5767	62468.8336659	547.1100429376422	300.0	0.0	62239.070572	1790951947425.6494	601.2603361606598	62840.3125103	1790952548685.9856
sub-10040	ses-1	run-01	0	88	38	4	17	23	38	22	38	22	left	right	1	398.48219999839785	True	False	loss	32	230.76480913162231	62469.8360193	1790952178190.4585	231.06916403770447	62470.1402432	1790952178494.8135	231.46764623770287	62470.5387254	1790952178893.2957	62470.7944046	232.28621363639832	62471.3569141	1790952179711.863	62471.3569141	558.509012161059	300.0	0.0	62239.070572	1790951947425.6494	601.2603361606598	62840.3125103	1790952548685.9856
sub-10040	ses-1	run-01	0	89	38	4	18	23	38	22	22	38	right	left	2	339.6629000053508	False	True	win	31	233.28689789772034	62472.3580445	1790952180712.5474	233.59234309196472	62472.6630526	1790952181017.9924	233.93200599197007	62473.002715500006	1790952181357.6553	62473.2571713	234.84617519378662	62473.916858	1790952182271.8247	62473.916858	655.6399994165783	300.0	0.0	62239.070572	1790951947425.6494	601.2603361606598	62840.3125103	1790952548685.9856
sub-10040	ses-1	run-01	0	90	38	4	19	23	38	22	22	38	right	left	2	499.90450000041164	False	False	loss	32	235.84729099273682	62474.9185132	1790952183272.9404	236.15227365493774	62475.2229069	1790952183577.923	236.65217815493816	62475.7228114	1790952184077.8276	62475.9768521	237.60077619552612	62476.6714391	1790952185026.4255	62476.6714391	690.879157332857	300.0	0.0	62239.070572	1790951947425.6494	601.2603361606598	62840.3125103	1790952548685.9856
sub-10040	ses-1	run-01	0	91	38	4	20	23	38	22	22	38	right	left	1	330.114099997445	True	True	win	31	238.60219979286194	62477.6727989	1790952186027.849	238.90591144561768	62477.9766017	1790952186331.5608	239.23602554561512	62478.3067158	1790952186661.6748	62478.5597964	240.04391145706177	62479.1147831	1790952187469.5608	62479.1147831	550.3836139647814	300.0	0.0	62239.070572	1790951947425.6494	601.2603361606598	62840.3125103	1790952548685.9856
sub-10040	ses-1	run-01	0	92	38	4	21	23	38	22	38	22	left	right	1	445.9943999972893	True	False	loss	32	241.0453703403473	62480.116726	1790952188471.0198	241.35015511512756	62480.4207057	1790952188775.8044	241.79614951512485	62480.8667001	1790952189221.7988	62481.1192254	242.56257557868958	62481.6332828	1790952189988.225	62481.6332828	509.6547532509491	300.0	0.0	62239.070572	1790951947425.6494	601.2603361606598	62840.3125103	1790952548685.9856
sub-10040	ses-1	run-01	0	93	38	4	22	23	38	22	22	38	right	left	2	750.9657999980845	False	False	loss	32	243.56482338905334	62482.6354773	1790952190990.473	243.86923503875732	62482.9397978	1790952191294.8845	244.6202008387554	62483.690763599996	1790952192045.8503	62483.9444308	245.55331993103027	62484.6239923	1790952192978.9692	62484.6239923	675.547557644441	300.0	0.0	62239.070572	1790951947425.6494	601.2603361606598	62840.3125103	1790952548685.9856
sub-10040	ses-1	run-01	0	94	22	5	0	24	38	22	22	38	right	left	2	328.3761999991839	True	True	win	31	246.55454993247986	62485.6256368	1790952193980.1992	246.85931658744812	62485.9303761	1790952194284.966	247.1876927874473	62486.2587523	1790952194613.3423	62486.5140444	247.98777318000793	62487.0585051	1790952195413.4226	62487.0585051	540.3118043576181	300.0	0.0	62239.070572	1790951947425.6494	601.2603361606598	62840.3125103	1790952548685.9856
sub-10040	ses-1	run-01	0	95	22	5	1	24	38	22	22	38	right	left	2	454.3030000058934	True	True	win	31	248.98937726020813	62488.0599164	1790952196415.0266	249.29368567466736	62488.3644013	1790952196719.335	249.74798867467325	62488.81870430001	1790952197173.638	62489.0727051	250.54038381576538	62489.6109984	1790952197966.0332	62489.6109984	534.8715558524199	300.0	0.0	62239.070572	1790951947425.6494	601.2603361606598	62840.3125103	1790952548685.9856
sub-10040	ses-1	run-01	0	96	22	5	2	24	38	22	22	38	right	left	2	398.3328000031179	True	True	win	31	251.54188680648804	62490.6126799	1790952198967.5361	251.8459277153015	62490.9164894	1790952199271.5771	252.24426051530463	62491.3148222	1790952199669.91	62491.570221	253.0195667743683	62492.0900891	1790952200445.216	62492.0900891	515.3597765001754	300.0	0.0	62239.070572	1790951947425.6494	601.2603361606598	62840.3125103	1790952548685.9856
sub-10040	ses-1	run-01	0	97	22	5	3	24	38	22	38	22	left	right	2	583.3627999963937	True	True	win	31	254.02108693122864	62493.0917673	1790952201446.7363	254.32505822181702	62493.3954865	1790952201750.7075	254.9084210218134	62493.978849299994	1790952202334.0703	62494.2343494	255.81270742416382	62494.88287	1790952203238.357	62494.88287	644.7295783671958	300.0	0.0	62239.070572	1790951947425.6494	601.2603361606598	62840.3125103	1790952548685.9856
sub-10040	ses-1	run-01	0	98	22	5	4	24	38	22	38	22	left	right	2	516.9794999965234	True	True	win	31	256.8150861263275	62495.8856489	1790952204240.7356	257.119261264801	62496.1898447	1790952204544.9106	257.63624076479755	62496.706824199995	1790952205061.8901	62496.9629767	258.49282574653625	62497.564285	1790952205918.475	62497.564285	596.8179369325823	300.0	0.0	62239.070572	1790951947425.6494	601.2603361606598	62840.3125103	1790952548685.9856
sub-10040	ses-1	run-01	0	99	22	5	5	24	38	22	38	22	left	right	2	667.6373000009335	True	False	loss	32	259.49686098098755	62498.5672688	1790952206922.5105	259.80115032196045	62498.8711289	1790952207226.7998	260.4687876219614	62499.5387662	1790952207894.437	62499.7954675	261.2746510505676	62500.3446523	1790952208700.3005	62500.3446523	545.7240058797524	300.0	0.0	62239.070572	1790951947425.6494	601.2603361606598	62840.3125103	1790952548685.9856
sub-10040	ses-1	run-01	0	100	22	5	6	24	38	22	22	38	right	left	2	448.20070000423584	True	True	win	31	262.27572536468506	62501.3462702	1790952209701.3748	262.58085346221924	62501.6506483	1790952210006.503	263.0290541622235	62502.098849	1790952210454.7036	62502.3542755	263.9087131023407	62502.9785321	1790952211334.3625	62502.9785321	620.6490451787927	300.0	0.0	62239.070572	1790951947425.6494	601.2603361606598	62840.3125103	1790952548685.9856
sub-10040	ses-1	run-01	0	101	22	5	7	24	38	22	38	22	left	right	2	349.1693999967538	True	False	loss	32	264.9113037586212	62503.9810678	1790952212336.9531	265.2159447669983	62504.2856805	1790952212641.5942	265.56511416699504	62504.634849899994	1790952212990.7637	62504.8887325	266.3301646709442	62505.4001586	1790952213755.814	62505.4001586	507.20323309586047	300.0	0.0	62239.070572	1790951947425.6494	601.2603361606598	62840.3125103	1790952548685.9856
sub-10040	ses-1	run-01	0	102	22	5	8	24	38	22	38	22	left	right	1	626.3761000009254	False	False	loss	32	267.3315677642822	62506.4010646	1790952214757.2173	267.6346516609192	62506.7044428	1790952215060.301	268.2610277609201	62507.3308189	1790952215686.6772	62507.5841566	269.04578852653503	62508.1152034	1790952216471.438	62508.1152034	526.6349647119836	300.0	0.0	62239.070572	1790951947425.6494	601.2603361606598	62840.3125103	1790952548685.9856
sub-10040	ses-1	run-01	0	103	22	5	9	24	38	22	22	38	right	left	2	406.4150999984122	True	True	win	31	270.0466778278351	62509.1168222	1790952217472.3271	270.350905418396	62509.4204177	1790952217776.555	270.7573205183944	62509.8268328	1790952218182.97	62510.0798278	271.5258355140686	62510.595201	1790952218951.4849	62510.595201	511.3508968556819	300.0	0.0	62239.070572	1790951947425.6494	601.2603361606598	62840.3125103	1790952548685.9856
sub-10040	ses-1	run-01	0	104	22	5	10	24	38	22	38	22	left	right	2	382.3172999982489	True	False	loss	32	272.5272173881531	62511.5968138	1790952219952.8667	272.83094453811646	62511.9006453	1790952220256.594	273.2132618381147	62512.282962599995	1790952220638.9114	62512.5393246	274.0452880859375	62513.1145825	1790952221470.9375	62513.1145825	571.7943473205808	300.0	0.0	62239.070572	1790951947425.6494	601.2603361606598	62840.3125103	1790952548685.9856
sub-10040	ses-1	run-01	0	105	22	5	11	24	38	22	38	22	left	right	2	405.7142000019667	True	True	win	31	275.04767179489136	62514.1166559	1790952222473.3213	275.3522891998291	62514.4212522	1790952222777.9387	275.75800339983107	62514.8269664	1790952223183.6528	62515.0798337	276.6394536495209	62515.7085096	1790952224065.103	62515.7085096	624.428982727287	300.0	0.0	62239.070572	1790951947425.6494	601.2603361606598	62840.3125103	1790952548685.9856
sub-10040	ses-1	run-01	0	106	22	5	12	24	38	22	38	22	left	right	2	404.2785999990883	True	True	win	31	277.64023756980896	62516.7099428	1790952225065.887	277.9455111026764	62517.0145263	1790952225371.1604	278.3497897026755	62517.4188049	1790952225775.439	62517.6732367	279.193966627121	62518.2633261	1790952226619.616	62518.2633261	585.1983622815524	300.0	0.0	62239.070572	1790951947425.6494	601.2603361606598	62840.3125103	1790952548685.9856
sub-10040	ses-1	run-01	0	107	22	5	13	24	38	22	22	38	right	left	2	529.6847999998135	True	True	win	31	280.1959140300751	62519.2645631	1790952227621.5635	280.50012493133545	62519.569154	1790952227925.7744	281.02980973133526	62520.0988388	1790952228455.4592	62520.3529118	281.97159576416016	62521.0402647	1790952229397.245	62521.0402647	683.603002334658	300.0	0.0	62239.070572	1790951947425.6494	601.2603361606598	62840.3125103	1790952548685.9856
sub-10040	ses-1	run-01	0	108	22	5	14	24	38	22	38	22	left	right	2	456.5400999999838	True	False	loss	32	282.97266030311584	62522.0420047	1790952230398.3098	283.277548789978	62522.3461607	1790952230703.1982	283.734088889978	62522.8027008	1790952231159.7383	62523.0550897	284.53884649276733	62523.6073677	1790952231964.4958	62523.6073677	548.1756254590222	300.0	0.0	62239.070572	1790951947425.6494	601.2603361606598	62840.3125103	1790952548685.9856
sub-10040	ses-1	run-01	0	109	22	5	15	24	38	22	22	38	right	left	1	753.6454000000958	False	True	win	31	285.5397527217865	62524.6084155	1790952232965.402	285.84464716911316	62524.913135	1790952233270.2966	286.59829256911326	62525.6667804	1790952234023.9421	62525.9223855	287.42328786849976	62526.4916434	1790952234848.9373	62526.4916434	564.4881351575774	300.0	0.0	62239.070572	1790951947425.6494	601.2603361606598	62840.3125103	1790952548685.9856
sub-10040	ses-1	run-01	0	110	22	5	16	24	38	22	38	22	left	right	1	740.2911000026506	False	False	loss	32	288.42536067962646	62527.4937739	1790952235851.01	288.7298243045807	62527.7984124	1790952236155.4736	289.47011540458334	62528.5387035	1790952236895.7646	62528.7936663	290.41492438316345	62529.4831231	1790952237840.5737	62529.4831231	685.2622096235664	300.0	0.0	62239.070572	1790951947425.6494	601.2603361606598	62840.3125103	1790952548685.9856
sub-10040	ses-1	run-01	0	111	22	5	17	24	38	22	38	22	left	right	2	429.69019999873126	True	True	win	31	291.4172537326813	62530.4853234	1790952238842.903	291.7209689617157	62530.7890622	1790952239146.6184	292.15065916171443	62531.2187524	1790952239576.3086	62531.4732193	293.09717559814453	62532.1651567	1790952240522.825	62532.1651567	687.3838216168465	300.0	0.0	62239.070572	1790951947425.6494	601.2603361606598	62840.3125103	1790952548685.9856
sub-10040	ses-1	run-01	0	112	22	5	18	24	38	22	38	22	left	right	2	411.6492000030121	True	False	loss	32	294.0979130268097	62533.1665125	1790952241523.5625	294.4033453464508	62533.4711691	1790952241828.9946	294.8149945464538	62533.8828183	1790952242240.6438	62534.1398443	295.62804913520813	62534.6959153	1790952243053.6985	62534.6959153	552.268826732185	300.0	0.0	62239.070572	1790951947425.6494	601.2603361606598	62840.3125103	1790952548685.9856
sub-10040	ses-1	run-01	0	113	22	5	19	24	38	22	22	38	right	left	1	504.8155999975279	False	True	win	31	296.6300411224365	62535.6978769	1790952244055.6904	296.9341313838959	62536.0018997	1790952244359.7808	297.4389469838934	62536.5067153	1790952244864.5964	62536.7616304	298.21768379211426	62537.2865305	1790952245643.3333	62537.2865305	520.5623133046137	300.0	0.0	62239.070572	1790951947425.6494	601.2603361606598	62840.3125103	1790952548685.9856
sub-10040	ses-1	run-01	0	114	22	5	20	24	38	22	38	22	left	right	1	410.8717999988585	False	False	loss	32	299.2193081378937	62538.2869024	1790952246644.9575	299.52435851097107	62538.5919074	1790952246950.0078	299.9352303109699	62539.0027792	1790952247360.8796	62539.2552301	300.80382776260376	62539.8712802	1790952248229.477	62539.8712802	611.3641195424285	300.0	0.0	62239.070572	1790951947425.6494	601.2603361606598	62840.3125103	1790952548685.9856
sub-10040	ses-1	run-01	0	115	22	5	21	24	38	22	38	22	left	right	2	378.3728999987943	True	False	loss	32	301.8051846027374	62540.8725463	1790952249230.834	302.1089732646942	62541.176363	1790952249534.6226	302.487346164693	62541.5547359	1790952249912.9954	62541.809786	303.29062938690186	62542.3580019	1790952250716.2788	62542.3580019	544.6238501512003	300.0	0.0	62239.070572	1790951947425.6494	601.2603361606598	62840.3125103	1790952548685.9856
sub-10040	ses-1	run-01	0	116	22	5	22	24	38	22	22	38	right	left	2	419.3952999994508	True	True	win	31	304.2921471595764	62543.3597386	1790952251717.7966	304.5957098007202	62543.6633514	1790952252021.3591	305.01510510071967	62544.0827467	1790952252440.7544	62544.3362945	305.8930971622467	62544.9603247	1790952253318.7466	62544.9603247	620.3905658077717	300.0	0.0	62239.070572	1790951947425.6494	601.2603361606598	62840.3125103	1790952548685.9856
sub-10040	ses-1	run-01	0	117	22	5	23	24	38	22	22	38	right	left	2	336.01939999789465	True	True	win	31	306.8953218460083	62545.962481	1790952254320.9712	307.19956398010254	62546.2667146	1790952254625.2134	307.53558338010043	62546.602734	1790952254961.2327	62546.8550549	308.31226682662964	62547.3793296	1790952255737.9163	62547.3793296	520.863307653196	300.0	0.0	62239.070572	1790951947425.6494	601.2603361606598	62840.3125103	1790952548685.9856
sub-10040	ses-1	run-01	0	118	38	6	0	24	38	22	22	38	right	left	2	380.6840000033844	False	True	win	31	309.31377816200256	62548.3815882	1790952256739.4275	309.6189172267914	62548.6861411	1790952257044.5667	309.99960122679477	62549.0668251	1790952257425.2507	62549.3191784	310.77336144447327	62549.8402714	1790952258199.0107	62549.8402714	517.818722154527	300.0	0.0	62239.070572	1790951947425.6494	601.2603361606598	62840.3125103	1790952548685.9856
sub-10040	ses-1	run-01	0	119	38	6	1	24	38	22	38	22	left	right	2	488.4018000011565	False	False	loss	32	311.77461218833923	62550.8419307	1790952259200.2615	312.07912397384644	62551.1463354	1790952259504.7734	312.5675257738476	62551.6347372	1790952259993.1753	62551.8895799	313.4349482059479	62552.5018092	1790952260860.5977	62552.5018092	607.4781724826313	300.0	0.0	62239.070572	1790951947425.6494	601.2603361606598	62840.3125103	1790952548685.9856
sub-10040	ses-1	run-01	0	120	38	6	2	24	38	22	38	22	left	right	2	530.7458999959636	False	False	loss	32	314.4353904724121	62553.5031987	1790952261861.0398	314.7412624359131	62553.8080097	1790952262166.9119	315.27200833590905	62554.338755599994	1790952262697.6577	62554.5917963	316.05212354660034	62555.1192618	1790952263477.773	62555.1192618	523.418587545469	300.0	0.0	62239.070572	1790951947425.6494	601.2603361606598	62840.3125103	1790952548685.9856
sub-10040	ses-1	run-01	0	121	38	6	3	24	38	22	38	22	left	right	2	576.9920000020647	False	False	loss	32	317.05521535873413	62556.1217097	1790952264480.8647	317.3592233657837	62556.4257333	1790952264784.8728	317.93621536578576	62557.0027253	1790952265361.8647	62557.2549758	318.85216665267944	62557.9188389	1790952266277.8162	62557.9188389	659.2909192998773	300.0	0.0	62239.070572	1790951947425.6494	601.2603361606598	62840.3125103	1790952548685.9856
sub-10040	ses-1	run-01	0	122	38	6	4	24	38	22	22	38	right	left	1	425.7537000012235	True	True	win	31	319.85407996177673	62558.920711	1790952267279.7292	320.1586854457855	62559.2250742	1790952267584.335	320.58443914578675	62559.650827900005	1790952268010.0886	62559.9043083	321.35048604011536	62560.4167911	1790952268776.1355	62560.4167911	508.1375777415197	300.0	0.0	62239.070572	1790951947425.6494	601.2603361606598	62840.3125103	1790952548685.9856
sub-10040	ses-1	run-01	0	123	38	6	5	24	38	22	22	38	right	left	1	560.548800000106	True	True	win	31	322.35171914100647	62561.4182737	1790952269777.3687	322.6559000015259	62561.7221976	1790952270081.5493	323.216448801526	62562.2827464	1790952270642.0981	62562.5368908	324.0758535861969	62563.1419738	1790952271501.503	62563.1419738	601.2090570109498	300.0	0.0	62239.070572	1790951947425.6494	601.2603361606598	62840.3125103	1790952548685.9856
sub-10040	ses-1	run-01	0	124	38	6	6	24	38	22	38	22	left	right	1	618.2728000057978	True	False	loss	32	325.0785791873932	62564.1446574	1790952272504.2285	325.3824758529663	62564.4484859	1790952272808.1252	326.0007486529721	62565.066758700006	1790952273426.398	62565.3228331	326.8553116321564	62565.9211798	1790952274280.961	62565.9211798	594.5507422211671	300.0	0.0	62239.070572	1790951947425.6494	601.2603361606598	62840.3125103	1790952548685.9856
sub-10040	ses-1	run-01	0	125	38	6	7	24	38	22	38	22	left	right	2	862.4358000015491	False	True	win	31	327.8571968078613	62566.9237057	1790952275282.8462	328.162437915802	62567.2283059	1790952275588.0874	329.02487371580355	62568.0907417	1790952276450.5232	62568.3438014	329.93576550483704	62569.0015935	1790952277361.4148	62569.0015935	653.9776946277675	300.0	0.0	62239.070572	1790951947425.6494	601.2603361606598	62840.3125103	1790952548685.9856
sub-10040	ses-1	run-01	0	126	38	6	8	24	38	22	22	38	right	left	2	390.8287000012933	False	True	win	31	330.9365384578705	62570.003327	1790952278362.1877	331.2422139644623	62570.3079263	1790952278667.8633	331.6330426644636	62570.698755000005	1790952279058.692	62570.9519439	332.4005558490753	62571.4661086	1790952279826.2053	62571.4661086	510.99702336468647	300.0	0.0	62239.070572	1790951947425.6494	601.2603361606598	62840.3125103	1790952548685.9856
sub-10040	ses-1	run-01	0	127	38	6	9	24	38	22	22	38	right	left	2	692.9039999959059	False	False	loss	32	333.403502702713	62572.4689197	1790952280829.152	333.70823884010315	62572.7738296	1790952281133.8882	334.40114284009906	62573.4667336	1790952281826.7922	62573.7238447	335.1739499568939	62574.2396485	1790952282599.5994	62574.2396485	511.4943330722982	300.0	0.0	62239.070572	1790951947425.6494	601.2603361606598	62840.3125103	1790952548685.9856
sub-10040	ses-1	run-01	0	128	38	6	10	24	38	22	38	22	left	right	1	577.4364999961108	True	True	win	31	336.17615365982056	62575.2415131	1790952283601.803	336.48001050949097	62575.5453626	1790952283905.66	337.0574470094871	62576.1227991	1790952284483.0964	62576.3798224	337.94253373146057	62577.0078803	1790952285368.183	62577.0078803	623.8954500867814	300.0	0.0	62239.070572	1790951947425.6494	601.2603361606598	62840.3125103	1790952548685.9856
sub-10040	ses-1	run-01	0	129	38	6	11	24	38	22	38	22	left	right	1	417.8892000054475	True	True	win	31	338.94403433799744	62578.0095	1790952286369.6838	339.2477457523346	62578.3128946	1790952286673.3953	339.66563495234004	62578.730783800005	1790952287091.2844	62578.985414	340.58746242523193	62579.6529847	1790952288013.1118	62579.6529847	663.3510316866656	300.0	0.0	62239.070572	1790951947425.6494	601.2603361606598	62840.3125103	1790952548685.9856
sub-10040	ses-1	run-01	0	130	38	6	12	24	38	22	38	22	left	right	1	411.67919999861624	True	True	win	31	341.5891373157501	62580.6545016	1790952289014.7866	341.89402294158936	62580.9590215	1790952289319.6724	342.305702141588	62581.3707007	1790952289731.3516	62581.6230426	343.14329719543457	62582.2081628	1790952290568.9465	62582.2081628	581.0461187203571	300.0	0.0	62239.070572	1790951947425.6494	601.2603361606598	62840.3125103	1790952548685.9856
sub-10040	ses-1	run-01	0	131	38	6	13	24	38	22	38	22	left	right	1	415.9996999951545	True	True	win	31	344.14508080482483	62583.2102296	1790952291570.7302	344.44959020614624	62583.5147995	1790952291875.2395	344.8655899061414	62583.930799199996	1790952292291.2393	62584.1837765	345.8099915981293	62584.8751379	1790952293235.641	62584.8751379	687.4597300767126	300.0	0.0	62239.070572	1790951947425.6494	601.2603361606598	62840.3125103	1790952548685.9856
sub-10040	ses-1	run-01	0	132	38	6	14	24	38	22	38	22	left	right	1	373.6560000033933	True	True	win	31	346.8111803531647	62585.8764542	1790952294236.8298	347.1166341304779	62586.1811753	1790952294542.2834	347.4902901304813	62586.5548313	1790952294915.9395	62586.8095915	348.33033180236816	62587.3949004	1790952295755.9812	62587.3949004	581.7560207934316	300.0	0.0	62239.070572	1790951947425.6494	601.2603361606598	62840.3125103	1790952548685.9856
sub-10040	ses-1	run-01	0	133	38	6	15	24	38	22	38	22	left	right	1	365.26579999917885	True	True	win	31	349.33170890808105	62588.3964216	1790952296757.3584	349.6371557712555	62588.7015362	1790952297062.8052	350.0024215712547	62589.066802	1790952297428.071	62589.320446	350.90036249160767	62589.9647076	1790952298326.012	62589.9647076	640.6510797413473	300.0	0.0	62239.070572	1790951947425.6494	601.2603361606598	62840.3125103	1790952548685.9856
sub-10040	ses-1	run-01	0	134	38	6	16	24	38	22	38	22	left	right	1	420.04630000155885	True	True	win	31	351.9024443626404	62590.9667486	1790952299328.0938	352.20660305023193	62591.2709147	1790952299632.2524	352.6266493502335	62591.690961	1790952300052.2988	62591.9445311	353.4938442707062	62592.5588196	1790952300919.4937	62592.5588196	610.47698771468	300.0	0.0	62239.070572	1790951947425.6494	601.2603361606598	62840.3125103	1790952548685.9856
sub-10040	ses-1	run-01	0	135	38	6	17	24	38	22	38	22	left	right	1	346.3581999967573	True	True	win	31	354.4959409236908	62593.560239	1790952301921.5903	354.8002030849457	62593.8644362	1790952302225.8525	355.14656128494244	62594.210794399994	1790952302572.2107	62594.4675589	355.969603061676	62595.0336954	1790952303395.2524	62595.0336954	562.9178415531679	300.0	0.0	62239.070572	1790951947425.6494	601.2603361606598	62840.3125103	1790952548685.9856
sub-10040	ses-1	run-01	0	136	38	6	18	24	38	22	22	38	right	left	1	590.0406000000658	True	True	win	31	356.9717662334442	62596.0359904	1790952304397.4155	357.27672028541565	62596.3407227	1790952304702.3696	357.8667608854157	62596.9307633	1790952305292.4102	62597.1854207	358.8186354637146	62597.8825581	1790952306244.285	62597.8825581	692.301590048493	300.0	0.0	62239.070572	1790951947425.6494	601.2603361606598	62840.3125103	1790952548685.9856
sub-10040	ses-1	run-01	0	137	38	6	19	24	38	22	22	38	right	left	1	452.8041999947163	True	False	loss	32	359.82080125808716	62598.8849613	1790952307246.4507	360.1262171268463	62599.1900475	1790952307551.8665	360.57902132684103	62599.642851699995	1790952308004.6707	62599.8985186	361.3427336215973	62600.406476	1790952308768.383	62600.406476	503.0004554785661	300.0	0.0	62239.070572	1790951947425.6494	601.2603361606598	62840.3125103	1790952548685.9856
sub-10040	ses-1	run-01	0	138	38	6	20	24	38	22	22	38	right	left	1	666.1242999980459	True	True	win	31	362.34445881843567	62601.4085099	1790952309770.1082	362.64898562431335	62601.7127034	1790952310074.635	363.3151099243114	62602.3788277	1790952310740.7593	62602.6322779	364.24089193344116	62603.3046078	1790952311666.5413	62603.3046078	668.7728552013547	300.0	0.0	62239.070572	1790951947425.6494	601.2603361606598	62840.3125103	1790952548685.9856
sub-10040	ses-1	run-01	0	139	38	6	21	24	38	22	22	38	right	left	1	423.7225999968359	True	False	loss	32	365.2427644729614	62604.3068676	1790952312668.4138	365.54771661758423	62604.6112384	1790952312973.366	365.97143921758106	62605.034961	1790952313397.0886	62605.2902318	366.74304246902466	62605.8064925	1790952314168.692	62605.8064925	512.3968778069355	300.0	0.0	62239.070572	1790951947425.6494	601.2603361606598	62840.3125103	1790952548685.9856
sub-10040	ses-1	run-01	0	140	38	6	22	24	38	22	22	38	right	left	2	738.3054000019911	False	True	win	31	367.74394178390503	62606.8078666	1790952315169.5913	368.04909491539	62607.1124295	1790952315474.7444	368.787400315392	62607.8507349	1790952316213.0498	62608.1068555	369.6810269355774	62608.7443174	1790952317106.6763	62608.7443174	633.8690372848462	300.0	0.0	62239.070572	1790951947425.6494	601.2603361606598	62840.3125103	1790952548685.9856
sub-10040	ses-1	run-01	0	141	38	6	23	24	38	22	38	22	left	right	2	542.8634999989299	False	False	loss	32	370.68297147750854	62609.7465878	1790952318108.6208	370.9886574745178	62610.0519325	1790952318414.307	371.53152097451675	62610.594796	1790952318957.1704	62610.8510901	372.48487854003906	62611.5479652	1790952319910.5278	62611.5479652	693.6530830422638	300.0	0.0	62239.070572	1790951947425.6494	601.2603361606598	62840.3125103	1790952548685.9856
sub-10040	ses-1	run-01	0	142	22	7	0	23	38	22	38	22	left	right	1	708.4575999979279	False	False	loss	32	373.48618721961975	62612.5498952	1790952320911.8367	373.7909142971039	62612.8543351	1790952321216.5637	374.4993718971018	62613.562792699995	1790952321925.0212	62613.8182253	375.3725483417511	62614.4366028	1790952322798.1978	62614.4366028	614.572249498905	300.0	0.0	62239.070572	1790951947425.6494	601.2603361606598	62840.3125103	1790952548685.9856
sub-10040	ses-1	run-01	0	143	22	7	1	23	38	22	22	38	right	left	2	405.4164000044693	True	True	win	31	376.3739881515503	62615.4368877	1790952323799.6375	376.67850375175476	62615.7413137	1790952324104.153	377.08392015175923	62616.1467301	1790952324509.5696	62616.3995	377.9993507862091	62617.0625484	1790952325425.0002	62617.0625484	658.1830258940632	300.0	0.0	62239.070572	1790951947425.6494	601.2603361606598	62840.3125103	1790952548685.9856
sub-10040	ses-1	run-01	0	144	22	7	2	23	38	22	22	38	right	left	2	634.3333999975584	True	True	win	31	379.0002930164337	62618.0634497	1790952326425.9424	379.30571722984314	62618.3683569	1790952326731.3667	379.9400506298407	62619.002690299996	1790952327365.7002	62619.2572922	380.76143741607666	62619.8240259	1790952328187.087	62619.8240259	562.8989758345865	300.0	0.0	62239.070572	1790951947425.6494	601.2603361606598	62840.3125103	1790952548685.9856
sub-10040	ses-1	run-01	0	145	22	7	3	23	38	22	22	38	right	left	2	424.68319999898085	True	True	win	31	381.7631652355194	62620.8262064	1790952329188.8147	382.06758546829224	62621.1300786	1790952329493.2349	382.4922686682912	62621.5547618	1790952329917.918	62621.8082863	383.354288816452	62622.4167054	1790952330779.9382	62622.4167054	604.0785108916862	300.0	0.0	62239.070572	1790951947425.6494	601.2603361606598	62840.3125103	1790952548685.9856
sub-10040	ses-1	run-01	0	146	22	7	4	23	38	22	38	22	left	right	2	742.8820999994059	True	True	win	31	384.356347322464	62623.4191387	1790952331781.9968	384.66156911849976	62623.7238728	1790952332087.2185	385.40445121849916	62624.4667549	1790952332830.1006	62624.7239475	386.19305086135864	62625.2553019	1790952333618.7002	62625.2553019	526.2919359300927	300.0	0.0	62239.070572	1790951947425.6494	601.2603361606598	62840.3125103	1790952548685.9856
sub-10040	ses-1	run-01	0	147	22	7	5	23	38	22	38	22	left	right	2	425.259300005564	True	False	loss	32	387.194034576416	62626.2565747	1790952334619.684	387.4993665218353	62626.5614932	1790952334925.0159	387.9246258218409	62626.98675250001	1790952335350.2751	62627.2396943	388.8504228591919	62627.9124752	1790952336276.0723	62627.9124752	669.6609213549116	300.0	0.0	62239.070572	1790951947425.6494	601.2603361606598	62840.3125103	1790952548685.9856
sub-10040	ses-1	run-01	0	148	22	7	6	23	38	22	22	38	right	left	2	743.654099998821	True	True	win	31	389.85273694992065	62628.9149723	1790952337278.3865	390.15680837631226	62629.2192111	1790952337582.4578	390.9004624763111	62629.962865199996	1790952338326.1118	62630.2196439	391.6858994960785	62630.7480851	1790952339111.5488	62630.7480851	524.3946171863612	300.0	0.0	62239.070572	1790951947425.6494	601.2603361606598	62840.3125103	1790952548685.9856
sub-10040	ses-1	run-01	0	149	22	7	7	23	38	22	38	22	left	right	2	588.4365000019898	True	True	win	31	392.68829917907715	62631.7500368	1790952340113.9485	392.99267411231995	62632.0544587	1790952340418.3235	393.58111061232194	62632.6428952	1790952341006.76	62632.8990551	394.5304276943207	62633.5921383	1790952341956.0771	62633.5921383	689.5218457357155	300.0	0.0	62239.070572	1790951947425.6494	601.2603361606598	62840.3125103	1790952548685.9856
sub-10040	ses-1	run-01	0	150	22	7	8	23	38	22	22	38	right	left	2	447.8947000025073	True	True	win	31	395.53291726112366	62634.5947509	1790952342958.5667	395.83691334724426	62634.8988912	1790952343262.5627	396.28480804724677	62635.3467859	1790952343710.4575	62635.6037574	397.1513731479645	62636.2129592	1790952344577.0225	62636.2129592	605.1054009410634	300.0	0.0	62239.070572	1790951947425.6494	601.2603361606598	62840.3125103	1790952548685.9856
sub-10040	ses-1	run-01	0	151	22	7	9	23	38	22	22	38	right	left	2	571.1459000012837	True	True	win	31	398.1533143520355	62637.2151357	1790952345578.9639	398.45751118659973	62637.519617	1790952345883.1606	399.028657086601	62638.0907629	1790952346454.3066	62638.3435835	399.9306764602661	62638.9920494	1790952347356.326	62638.9920494	644.3826754667247	300.0	0.0	62239.070572	1790951947425.6494	601.2603361606598	62840.3125103	1790952548685.9856
sub-10040	ses-1	run-01	0	152	22	7	10	23	38	22	22	38	right	left	2	442.0228999952087	True	True	win	31	400.9310028553009	62639.9926518	1790952348356.6523	401.2353456020355	62640.2966756	1790952348660.995	401.67736850203073	62640.7386985	1790952349103.018	62640.9951938	402.4566926956177	62641.5179354	1790952349882.342	62641.5179354	518.0517967003465	300.0	0.0	62239.070572	1790951947425.6494	601.2603361606598	62840.3125103	1790952548685.9856
sub-10040	ses-1	run-01	0	153	22	7	11	23	38	22	22	38	right	left	2	428.0575000011595	True	True	win	31	403.45746994018555	62642.5195497	1790952350883.1194	403.7615988254547	62642.8227763	1790952351187.2483	404.18965632545587	62643.250833800004	1790952351615.306	62643.5068154	405.0110831260681	62644.0720894	1790952352436.7324	62644.0720894	561.6010351744334	300.0	0.0	62239.070572	1790951947425.6494	601.2603361606598	62840.3125103	1790952548685.9856
sub-10040	ses-1	run-01	0	154	22	7	12	23	38	22	22	38	right	left	2	360.92400000052294	True	False	loss	32	406.01275515556335	62645.0736897	1790952353438.4045	406.31681752204895	62645.3777996	1790952353742.467	406.6777415220495	62645.7387236	1790952354103.391	62645.9914746	407.43575286865234	62646.4966886	1790952354861.4023	62646.4966886	501.2200443344671	300.0	0.0	62239.070572	1790951947425.6494	601.2603361606598	62840.3125103	1790952548685.9856
sub-10040	ses-1	run-01	0	155	22	7	13	23	38	22	38	22	left	right	1	510.68719999602763	False	False	loss	32	408.43819975852966	62647.4991701	1790952355863.849	408.7433087825775	62647.8040669	1790952356168.9583	409.25399598257354	62648.31475409999	1790952356679.6455	62648.567995	410.09905910491943	62649.1598573	1790952357524.7085	62649.1598573	588.564815457912	300.0	0.0	62239.070572	1790951947425.6494	601.2603361606598	62840.3125103	1790952548685.9856
sub-10040	ses-1	run-01	0	156	22	7	14	23	38	22	22	38	right	left	2	361.7101999989245	True	True	win	31	411.1003029346466	62650.1615219	1790952358525.9524	411.4044897556305	62650.4650875	1790952358830.1392	411.7661999556294	62650.8267977	1790952359191.8494	62651.0831827	412.5465407371521	62651.6071705	1790952359972.1902	62651.6071705	519.5987701910421	300.0	0.0	62239.070572	1790951947425.6494	601.2603361606598	62840.3125103	1790952548685.9856
sub-10040	ses-1	run-01	0	157	22	7	15	23	38	22	22	38	right	left	2	369.9741000018548	True	True	win	31	413.5476381778717	62652.6088109	1790952360973.2876	413.8522319793701	62652.912798	1790952361277.8813	414.222206079372	62653.2827721	1790952361647.8555	62653.5354713	415.1522226333618	62654.2130637	1790952362577.872	62654.2130637	673.9526778665048	300.0	0.0	62239.070572	1790951947425.6494	601.2603361606598	62840.3125103	1790952548685.9856
sub-10040	ses-1	run-01	0	158	22	7	16	23	38	22	22	38	right	left	2	364.39299999619834	True	True	win	31	416.1537265777588	62655.2142248	1790952363579.376	416.4575219154358	62655.5184094	1790952363883.1714	416.821914915432	62655.882802399996	1790952364247.5645	62656.1369322	417.6749532222748	62656.7353801	1790952365100.6025	62656.7353801	594.7199278065673	300.0	0.0	62239.070572	1790951947425.6494	601.2603361606598	62840.3125103	1790952548685.9856
sub-10040	ses-1	run-01	0	159	22	7	17	23	38	22	38	22	left	right	2	449.9264999976731	True	True	win	31	418.6753988265991	62657.7368739	1790952366101.0483	418.980628490448	62658.0408642	1790952366406.2778	419.43055499044567	62658.490790699994	1790952366856.2043	62658.7444701	420.2078392505646	62659.2680087	1790952367633.4888	62659.2680087	519.373673459157	300.0	0.0	62239.070572	1790951947425.6494	601.2603361606598	62840.3125103	1790952548685.9856
sub-10040	ses-1	run-01	0	160	22	7	18	23	38	22	38	22	left	right	2	476.48750000371365	True	True	win	31	421.20920634269714	62660.2695179	1790952368634.8557	421.51418566703796	62660.5742687	1790952368939.835	421.9906731670417	62661.050756200006	1790952369416.3225	62661.3029848	422.76972579956055	62661.8309179	1790952370195.3752	62661.8309179	523.2988222410363	300.0	0.0	62239.070572	1790951947425.6494	601.2603361606598	62840.3125103	1790952548685.9856
sub-10040	ses-1	run-01	0	161	22	7	19	23	38	22	38	22	left	right	2	514.2984999984037	True	False	loss	32	423.7724530696869	62662.8324505	1790952371198.1025	424.07612442970276	62663.1364619	1790952371501.774	424.59042292970116	62663.6507604	1790952372016.0725	62663.9056163	425.4229907989502	62664.4828288	1790952372848.6401	62664.4828288	573.0193030461006	300.0	0.0	62239.070572	1790951947425.6494	601.2603361606598	62840.3125103	1790952548685.9856
sub-10040	ses-1	run-01	0	162	22	7	20	23	38	22	38	22	left	right	2	421.9230000016978	True	True	win	31	426.4247176647186	62665.4848631	1790952373850.3672	426.7292799949646	62665.7889875	1790952374154.9294	427.1512029949663	62666.2109105	1790952374576.8525	62666.4676845	428.0898060798645	62667.1494284	1790952375515.4556	62667.1494284	678.3158117731424	300.0	0.0	62239.070572	1790951947425.6494	601.2603361606598	62840.3125103	1790952548685.9856
sub-10040	ses-1	run-01	0	163	22	7	21	23	38	22	22	38	right	left	2	355.29370000585914	True	True	win	31	429.0918884277344	62668.1514821	1790952376517.5378	429.3959927558899	62668.4555117	1790952376821.642	429.75128645589575	62668.810805400004	1790952377176.9358	62669.0634271	430.6522145271301	62669.7117066	1790952378077.864	62669.7117066	644.5023137893118	300.0	0.0	62239.070572	1790951947425.6494	601.2603361606598	62840.3125103	1790952548685.9856
sub-10040	ses-1	run-01	0	164	22	7	22	23	38	22	38	22	left	right	2	368.26489999657497	True	True	win	31	431.6547930240631	62670.7144348	1790952379080.4424	431.9590165615082	62671.0185497	1790952379384.666	432.32728146150475	62671.386814599995	1790952379752.931	62671.6415816	433.0970129966736	62672.1562047	1790952380522.6624	62672.1562047	510.4159759302195	300.0	0.0	62239.070572	1790951947425.6494	601.2603361606598	62840.3125103	1790952548685.9856
sub-10040	ses-1	run-01	0	165	38	8	0	20	38	22	38	22	left	right	2	387.7483000032953	False	False	loss	32	434.0987117290497	62673.1584051	1790952381524.361	434.40377402305603	62673.4630318	1790952381829.4233	434.7915223230593	62673.8507801	1790952382217.1716	62674.10675	435.59781527519226	62674.6568942	1790952383023.4646	62674.6568942	546.134879650038	300.0	0.0	62239.070572	1790951947425.6494	601.2603361606598	62840.3125103	1790952548685.9856
sub-10040	ses-1	run-01	0	166	38	8	1	20	38	22	22	38	right	left	2	440.07269999565324	False	False	loss	32	436.5991973876953	62675.6587671	1790952384024.8467	436.9036009311676	62675.9627475	1790952384329.2502	437.34367363116326	62676.4028202	1790952384769.323	62676.6565818	438.2765109539032	62677.3357866	1790952385702.1604	62677.3357866	675.5735681622313	300.0	0.0	62239.070572	1790951947425.6494	601.2603361606598	62840.3125103	1790952548685.9856
sub-10040	ses-1	run-01	0	167	38	8	2	20	38	22	38	22	left	right	1	631.8696999951499	True	True	win	31	439.2795286178589	62678.3390103	1790952386705.178	439.5839741230011	62678.6429157	1790952387009.6235	440.21584382299625	62679.2747854	1790952387641.4932	62679.5272726	441.0633623600006	62680.1221375	1790952388489.0117	62680.1221375	591.6573552205331	300.0	0.0	62239.070572	1790951947425.6494	601.2603361606598	62840.3125103	1790952548685.9856
sub-10040	ses-1	run-01	0	168	38	8	3	20	38	22	22	38	right	left	1	463.8496999978088	True	True	win	31	442.06434535980225	62681.1238513	1790952389489.9949	442.3682596683502	62681.4269733	1790952389793.9092	442.83210936834803	62681.890822999994	1790952390257.7588	62682.1455836	443.64997124671936	62682.7085979	1790952391075.6206	62682.7085979	559.5880289626142	300.0	0.0	62239.070572	1790951947425.6494	601.2603361606598	62840.3125103	1790952548685.9856
sub-10040	ses-1	run-01	0	169	38	8	4	20	38	22	38	22	left	right	1	332.1436999976868	True	True	win	31	444.65182518959045	62683.7109393	1790952392077.4746	444.95596385002136	62684.0147723	1790952392381.6133	445.28810755001905	62684.346915999995	1790952392713.757	62684.6024843	446.10215282440186	62685.1607715	1790952393527.8022	62685.1607715	554.1208254782015	300.0	0.0	62239.070572	1790951947425.6494	601.2603361606598	62840.3125103	1790952548685.9856
sub-10040	ses-1	run-01	0	170	38	8	5	20	38	22	38	22	left	right	1	400.52250000007916	True	True	win	31	447.10380005836487	62686.162263	1790952394529.4495	447.407310962677	62686.4663292	1790952394832.9604	447.8078334626771	62686.8668517	1790952395233.483	62687.1203139	448.6748216152191	62687.7332439	1790952396100.471	62687.7332439	608.008157631965	300.0	0.0	62239.070572	1790951947425.6494	601.2603361606598	62840.3125103	1790952548685.9856
sub-10040	ses-1	run-01	0	171	38	8	6	20	38	22	38	22	left	right	1	371.7434999998659	True	True	win	31	449.6764781475067	62688.7349621	1790952397102.1274	449.980831861496	62689.0391402	1790952397406.4812	450.35257536149584	62689.4108837	1790952397778.2246	62689.6673359	451.134330034256	62690.1925863	1790952398559.9795	62690.1925863	521.210842075741	300.0	0.0	62239.070572	1790951947425.6494	601.2603361606598	62840.3125103	1790952548685.9856
sub-10040	ses-1	run-01	0	172	38	8	7	20	38	22	22	38	right	left	1	496.26749999879394	True	True	win	31	452.1362211704254	62691.1942173	1790952399561.8706	452.4403672218323	62691.4985622	1790952399866.0166	452.93663472183107	62691.9948297	1790952400362.2842	62692.2479391	453.89199209213257	62692.9503923	1790952401317.6416	62692.9503923	698.4703117873155	300.0	0.0	62239.070572	1790951947425.6494	601.2603361606598	62840.3125103	1790952548685.9856
sub-10040	ses-1	run-01	0	173	38	8	8	20	38	22	22	38	right	left	1	491.1515999992844	True	False	loss	32	454.8930606842041	62693.9517459	1790952402318.7102	455.19768619537354	62694.2555843	1790952402623.3357	455.6888377953728	62694.7467359	1790952403114.4873	62695.0001032	456.45499086380005	62695.5133633	1790952403880.6404	62695.5133633	509.48901935288217	300.0	0.0	62239.070572	1790951947425.6494	601.2603361606598	62840.3125103	1790952548685.9856
sub-10040	ses-1	run-01	0	174	38	8	9	20	38	22	38	22	left	right	2	438.24360000144225	False	True	win	31	457.4584105014801	62696.5162028	1790952404884.0598	457.76271200180054	62696.8207104	1790952405188.3613	458.200955601802	62697.258954000004	1790952405626.605	62697.5145359	459.0310091972351	62698.088831	1790952406456.6587	62698.088831	569.0871785224872	300.0	0.0	62239.070572	1790951947425.6494	601.2603361606598	62840.3125103	1790952548685.9856
sub-10040	ses-1	run-01	0	175	38	8	10	20	38	22	38	22	left	right	2	600.749099998211	False	True	win	31	460.03202986717224	62699.0900681	1790952407457.6792	460.33650159835815	62699.3941526	1790952407762.1511	460.93725069835637	62699.994901699996	1790952408362.9001	62700.2481401	461.8271498680115	62700.8847433	1790952409252.7993	62700.8847433	631.5382423151608	300.0	0.0	62239.070572	1790951947425.6494	601.2603361606598	62840.3125103	1790952548685.9856
sub-10040	ses-1	run-01	0	176	38	8	11	20	38	22	22	38	right	left	2	434.59969999821624	False	True	win	31	462.82948756217957	62701.8872666	1790952410255.137	463.13475370407104	62702.1921963	1790952410560.403	463.56935340406926	62702.626796	1790952410995.0027	62702.8818683	464.3351802825928	62703.3925016	1790952411760.8296	62703.3925016	506.4911973252597	300.0	0.0	62239.070572	1790951947425.6494	601.2603361606598	62840.3125103	1790952548685.9856
sub-10040	ses-1	run-01	0	177	38	8	12	20	38	22	22	38	right	left	1	616.4949000012712	True	False	loss	32	465.33703899383545	62704.394374	1790952412762.6885	465.6410312652588	62704.6982699	1790952413066.6807	466.25752616526006	62705.3147648	1790952413683.1755	62705.5671188	467.1535768508911	62706.2107859	1790952414579.2263	62706.2107859	639.9469254447674	300.0	0.0	62239.070572	1790951947425.6494	601.2603361606598	62840.3125103	1790952548685.9856
sub-10040	ses-1	run-01	0	178	38	8	13	20	38	22	38	22	left	right	2	661.8146999971941	False	False	loss	32	468.155907869339	62707.2133468	1790952415581.5574	468.45977449417114	62707.5170371	1790952415885.4238	469.12158919416834	62708.178851799996	1790952416547.2385	62708.4319433	469.9147663116455	62708.9719059	1790952417340.4158	62708.9719059	535.6913984774676	300.0	0.0	62239.070572	1790951947425.6494	601.2603361606598	62840.3125103	1790952548685.9856
sub-10040	ses-1	run-01	0	179	38	8	14	20	38	22	38	22	left	right	2	404.38710000307765	False	False	loss	32	470.91586923599243	62709.9736335	1790952418341.5186	471.22145652770996	62710.2784386	1790952418647.106	471.62584362771304	62710.6828257	1790952419051.4932	62710.9371768	472.48363995552063	62711.5405199	1790952419909.2893	62711.5405199	599.6469660850188	300.0	0.0	62239.070572	1790951947425.6494	601.2603361606598	62840.3125103	1790952548685.9856
sub-10040	ses-1	run-01	0	180	38	8	15	20	38	22	38	22	left	right	1	443.9233000011882	True	False	loss	32	473.4854600429535	62712.5422909	1790952420911.1094	473.7894070148468	62712.8468609	1790952421215.0564	474.233330314848	62713.2907842	1790952421658.9797	62713.5463467	475.1175022125244	62714.1742721	1790952422543.1516	62714.1742721	623.1982727617573	300.0	0.0	62239.070572	1790951947425.6494	601.2603361606598	62840.3125103	1790952548685.9856
sub-10040	ses-1	run-01	0	181	38	8	16	20	38	22	22	38	right	left	2	442.79719999758527	False	True	win	31	476.11903071403503	62715.1756882	1790952423544.6802	476.423406124115	62715.4800855	1790952423849.0554	476.8662033241126	62715.9228827	1790952424291.8525	62716.1796939	477.69990038871765	62716.7565409	1790952425125.5498	62716.7565409	573.7928816266485	300.0	0.0	62239.070572	1790951947425.6494	601.2603361606598	62840.3125103	1790952548685.9856
sub-10040	ses-1	run-01	0	182	38	8	17	20	38	22	22	38	right	left	2	595.4520999948727	False	False	loss	32	478.7018506526947	62717.7586041	1790952426127.5	479.0064435005188	62718.0633838	1790952426432.093	479.60189560051367	62718.658835899994	1790952427027.5452	62718.9143047	480.5455710887909	62719.6029994	1790952427971.2205	62719.6029994	684.5381643860225	300.0	0.0	62239.070572	1790951947425.6494	601.2603361606598	62840.3125103	1790952548685.9856
sub-10040	ses-1	run-01	0	183	38	8	18	20	38	22	38	22	left	right	2	438.8232999990578	False	False	loss	32	481.5473334789276	62720.6039874	1790952428972.983	481.8517036437988	62720.9079696	1790952429277.353	482.2905269437979	62721.346792899996	1790952429716.1763	62721.601372	483.2347238063812	62722.2909413	1790952430660.3733	62722.2909413	686.8928313288392	300.0	0.0	62239.070572	1790951947425.6494	601.2603361606598	62840.3125103	1790952548685.9856
sub-10040	ses-1	run-01	0	184	38	8	19	20	38	22	38	22	left	right	2	413.92610000184504	False	False	loss	32	484.23552417755127	62723.2925084	1790952431661.1736	484.54026651382446	62723.5968769	1790952431965.916	484.9541926138263	62724.010803000005	1790952432379.842	62724.2662205	485.8900480270386	62724.9460449	1790952433315.6975	62724.9460449	675.2673914734282	300.0	0.0	62239.070572	1790951947425.6494	601.2603361606598	62840.3125103	1790952548685.9856
sub-10040	ses-1	run-01	0	185	22	9	0	22	38	22	22	38	right	left	1	456.61820000532316	False	False	loss	32	486.8905851840973	62725.9465393	1790952434316.2346	487.1937530040741	62726.2502067	1790952434619.4023	487.6503712040794	62726.70682490001	1790952435076.0205	62726.9592925	488.5547089576721	62727.6106864	1790952435980.3584	62727.6106864	647.5330228134753	300.0	0.0	62239.070572	1790951947425.6494	601.2603361606598	62840.3125103	1790952548685.9856
sub-10040	ses-1	run-01	0	186	22	9	1	22	38	22	22	38	right	left	1	349.9200000005658	False	False	loss	32	489.55619978904724	62728.6125201	1790952436981.849	489.8611092567444	62728.9169326	1790952437286.7585	490.21102925674495	62729.2668526	1790952437636.6785	62729.5207073	491.0817217826843	62730.1380963	1790952438507.371	62730.1380963	613.8197946279232	300.0	0.0	62239.070572	1790951947425.6494	601.2603361606598	62840.3125103	1790952548685.9856
sub-10040	ses-1	run-01	0	187	22	9	2	22	38	22	38	22	left	right	2	439.2398999989382	True	False	loss	32	492.0837061405182	62731.1395486	1790952439509.3555	492.3880548477173	62731.4437381	1790952439813.7043	492.8272947477162	62731.882978	1790952440252.9443	62732.1376691	493.6822214126587	62732.7376803	1790952441107.8708	62732.7376803	595.164219542162	300.0	0.0	62239.070572	1790951947425.6494	601.2603361606598	62840.3125103	1790952548685.9856
sub-10040	ses-1	run-01	0	188	22	9	3	22	38	22	22	38	right	left	2	1024.3646999952034	True	True	win	31	494.6831228733063	62733.7392224	1790952442108.7722	494.986989736557	62734.0425129	1790952442412.6392	496.0113544365522	62735.066877599995	1790952443437.004	62735.322411	496.9654586315155	62736.0207598	1790952444391.1082	62736.0207598	694.6677745517934	300.0	0.0	62239.070572	1790951947425.6494	601.2603361606598	62840.3125103	1790952548685.9856
sub-10040	ses-1	run-01	0	189	22	9	4	22	38	22	38	22	left	right	2	564.3010999992839	True	True	win	31	497.9664418697357	62737.022375	1790952445392.0913	498.2712941169739	62737.3266116	1790952445696.9436	498.83559521697316	62737.8909127	1790952446261.2446	62738.1458695	499.7219216823578	62738.7771444	1790952447147.571	62738.7771444	628.6547918090122	300.0	0.0	62239.070572	1790951947425.6494	601.2603361606598	62840.3125103	1790952548685.9856
sub-10040	ses-1	run-01	0	190	22	9	5	22	38	22	38	22	left	right	2	455.46489999833284	True	True	win	31	500.7237277030945	62739.7794036	1790952448149.3772	501.028306722641	62740.0834647	1790952448453.956	501.4837716226393	62740.5389296	1790952448909.421	62740.7922365	502.3473563194275	62741.4035841	1790952449773.0056	62741.4035841	607.856477712224	300.0	0.0	62239.070572	1790951947425.6494	601.2603361606598	62840.3125103	1790952548685.9856
sub-10040	ses-1	run-01	0	191	22	9	6	22	38	22	38	22	left	right	2	540.4606000010972	True	False	loss	32	503.3503680229187	62742.4055221	1790952450776.0173	503.6554880142212	62742.7103677	1790952451081.1375	504.1959486142223	62743.2508283	1790952451621.5981	62743.5040647	504.985228061676	62744.0401069	1790952452410.8774	62744.0401069	532.9363190059543	300.0	0.0	62239.070572	1790951947425.6494	601.2603361606598	62840.3125103	1790952548685.9856
sub-10040	ses-1	run-01	0	192	22	9	7	22	38	22	22	38	right	left	2	432.0099999968079	True	True	win	31	505.98701786994934	62745.0422491	1790952453412.6672	506.29169750213623	62745.3469759	1790952453717.347	506.72370750213304	62745.7789859	1790952454149.357	62746.0356752	507.6713116168976	62746.7267871	1790952455096.961	62746.7267871	687.8965002433343	300.0	0.0	62239.070572	1790951947425.6494	601.2603361606598	62840.3125103	1790952548685.9856
sub-10040	ses-1	run-01	0	193	22	9	8	22	38	22	38	22	left	right	2	682.7082999952836	True	True	win	31	508.6731970310211	62747.7281904	1790952456098.8464	508.9769265651703	62748.0321375	1790952456402.576	509.6596348651656	62748.714845799994	1790952457085.2842	62748.9716356	510.59732580184937	62749.6518919	1790952458022.975	62749.6518919	676.5208925935588	300.0	0.0	62239.070572	1790951947425.6494	601.2603361606598	62840.3125103	1790952548685.9856
sub-10040	ses-1	run-01	0	194	22	9	9	22	38	22	22	38	right	left	2	491.4515999989817	True	False	loss	32	511.59964632987976	62750.6544227	1790952459025.2957	511.90498757362366	62750.9594624	1790952459330.637	512.3964391736226	62751.450914	1790952459822.0886	62751.7029729	513.3351027965546	62752.3894943	1790952460760.7522	62752.3894943	682.1225560598078	300.0	0.0	62239.070572	1790951947425.6494	601.2603361606598	62840.3125103	1790952548685.9856
sub-10040	ses-1	run-01	0	195	22	9	10	22	38	22	22	38	right	left	2	346.7555999959586	True	True	win	31	514.3373498916626	62753.3917476	1790952461762.9993	514.6417770385742	62753.6961004	1790952462067.4265	514.9885326385702	62754.04285599999	1790952462414.1821	62754.2995516	515.7775526046753	62754.8316932	1790952463203.202	62754.8316932	527.2431273401627	300.0	0.0	62239.070572	1790951947425.6494	601.2603361606598	62840.3125103	1790952548685.9856
sub-10040	ses-1	run-01	0	196	22	9	11	22	38	22	38	22	left	right	2	537.5391999987187	True	True	win	31	516.7783789634705	62755.8333195	1790952464204.0283	517.0830409526825	62756.1373331	1790952464508.6904	517.6205801526812	62756.6748723	1790952465046.2297	62756.9311637	518.5479781627655	62757.6032112	1790952465973.6277	62757.6032112	668.4707807468249	300.0	0.0	62239.070572	1790951947425.6494	601.2603361606598	62840.3125103	1790952548685.9856
sub-10040	ses-1	run-01	0	197	22	9	12	22	38	22	38	22	left	right	2	542.0502999986638	True	True	win	31	519.5495052337646	62758.6037413	1790952466975.1545	519.8548536300659	62758.9088139	1790952467280.503	520.3969039300646	62759.4508642	1790952467822.5532	62759.7020069	521.3139448165894	62760.3680109	1790952468739.5942	62760.3680109	662.6701134248485	300.0	0.0	62239.070572	1790951947425.6494	601.2603361606598	62840.3125103	1790952548685.9856
sub-10040	ses-1	run-01	0	198	22	9	13	22	38	22	22	38	right	left	2	568.1930999999167	True	True	win	31	522.3165185451508	62761.3704521	1790952469742.168	522.6209275722504	62761.6747381	1790952470046.577	523.1891206722503	62762.2429312	1790952470614.77	62762.4979989	524.0647008419037	62763.1184596	1790952471490.3503	62763.1184596	616.1099747195677	300.0	0.0	62239.070572	1790951947425.6494	601.2603361606598	62840.3125103	1790952548685.9856
sub-10040	ses-1	run-01	0	199	22	9	14	22	38	22	22	38	right	left	2	561.9089999963762	True	True	win	31	525.066784620285	62764.1206335	1790952472492.434	525.3714714050293	62764.4250899	1790952472797.1208	525.9333804050257	62764.9869989	1790952473359.0298	62765.2397066	526.7402665615082	62765.7938266	1790952474165.916	62765.7938266	550.2294745054623	300.0	0.0	62239.070572	1790951947425.6494	601.2603361606598	62840.3125103	1790952548685.9856
sub-10040	ses-1	run-01	0	200	22	9	15	22	38	22	22	38	right	left	2	430.0675999984378	True	True	win	31	527.7428030967712	62766.7963555	1790952475168.4524	528.0469961166382	62767.1007727	1790952475472.6455	528.4770637166366	62767.5308403	1790952475902.7131	62767.7842744	529.3763551712036	62768.4302043	1790952476802.0046	62768.4302043	641.2749327895458	300.0	0.0	62239.070572	1790951947425.6494	601.2603361606598	62840.3125103	1790952548685.9856
sub-10040	ses-1	run-01	0	201	22	9	16	22	38	22	38	22	left	right	2	601.1553000062122	True	False	loss	32	530.379682302475	62769.4328914	1790952477805.3318	530.6844074726105	62769.7377128	1790952478110.057	531.2855627726167	62770.33886810001	1790952478711.2122	62770.5912577	532.2220616340637	62771.2755199	1790952479647.711	62771.2755199	680.9119949888164	300.0	0.0	62239.070572	1790951947425.6494	601.2603361606598	62840.3125103	1790952548685.9856
sub-10040	ses-1	run-01	0	202	22	9	17	22	38	22	38	22	left	right	1	607.083099996089	False	False	loss	32	533.2224860191345	62772.2758566	1790952480648.1355	533.5261447429657	62772.579691	1790952480951.7942	534.1332278429618	62773.186774099995	1790952481558.8772	62773.4387773	534.941873550415	62773.9949195	1790952482367.523	62773.9949195	552.6986125678773	300.0	0.0	62239.070572	1790951947425.6494	601.2603361606598	62840.3125103	1790952548685.9856
sub-10040	ses-1	run-01	0	203	22	9	18	22	38	22	38	22	left	right	2	572.9223000016646	True	False	loss	32	535.9447219371796	62774.9977479	1790952483370.3713	536.2488830089569	62775.3018483	1790952483674.5325	536.8218053089586	62775.8747706	1790952484247.4548	62776.1307704	537.7473006248474	62776.8001795	1790952485172.95	62776.8001795	665.3635624811454	300.0	0.0	62239.070572	1790951947425.6494	601.2603361606598	62840.3125103	1790952548685.9856
sub-10040	ses-1	run-01	0	204	22	9	19	22	38	22	38	22	left	right	2	433.2725999993272	True	False	loss	32	538.7484622001648	62777.8012057	1790952486174.1116	539.0527741909027	62778.1055873	1790952486478.4236	539.486046790902	62778.5388599	1790952486911.6963	62778.7934224	540.2891347408295	62779.3418616	1790952487714.7842	62779.3418616	544.4422973785545	300.0	0.0	62239.070572	1790951947425.6494	601.2603361606598	62840.3125103	1790952548685.9856
sub-10040	ses-1	run-01	0	205	22	9	20	22	38	22	38	22	left	right	1	467.28019999864046	False	True	win	31	541.2902376651764	62780.3434645	1790952488715.887	541.5951251983643	62780.6477194	1790952489020.7747	542.0624053983629	62781.1149996	1790952489488.055	62781.3716501	543.0213544368744	62782.073891	1790952490447.004	62782.073891	698.4392207351557	300.0	0.0	62239.070572	1790951947425.6494	601.2603361606598	62840.3125103	1790952548685.9856
sub-10040	ses-1	run-01	0	206	22	9	21	22	38	22	22	38	right	left	1	415.37850000167964	False	False	loss	32	544.0224044322968	62783.0754643	1790952491448.054	544.3264741897583	62783.3794891	1790952491752.1235	544.74185268976	62783.7948676	1790952492167.502	62784.0477167	545.6548323631287	62784.7072549	1790952493080.4817	62784.7072549	655.7740278744039	300.0	0.0	62239.070572	1790951947425.6494	601.2603361606598	62840.3125103	1790952548685.9856
sub-10040	ses-1	run-01	0	207	38	10	0	24	38	22	38	22	left	right	1	469.4753000003402	True	False	loss	32	546.6558601856232	62785.7087766	1790952494081.5095	546.9609422683716	62786.013263	1790952494386.5916	547.4304175683719	62786.4827383	1790952494856.067	62786.7361368	548.3503091335297	62787.4026007	1790952495775.9585	62787.4026007	662.7618938130969	300.0	0.0	62239.070572	1790951947425.6494	601.2603361606598	62840.3125103	1790952548685.9856
sub-10040	ses-1	run-01	0	208	38	10	1	24	38	22	38	22	left	right	2	390.61499999661464	False	False	loss	32	549.3517653942108	62788.4043199	1790952496777.4148	549.6560926437378	62788.7082416	1790952497081.742	550.0467076437344	62789.098856599994	1790952497472.357	62789.3515109	550.9157140254974	62789.967812	1790952498341.3635	62789.967812	612.0188303592678	300.0	0.0	62239.070572	1790951947425.6494	601.2603361606598	62840.3125103	1790952548685.9856
sub-10040	ses-1	run-01	0	209	38	10	2	24	38	22	38	22	left	right	2	441.34959999792045	False	True	win	31	551.9169368743896	62790.9692667	1790952499342.5862	552.2209470272064	62791.2734071	1790952499646.5964	552.6622966272043	62791.7147567	1790952500087.946	62791.9671127	553.5564794540405	62792.6085738	1790952500982.129	62792.6085738	637.9007319305813	300.0	0.0	62239.070572	1790951947425.6494	601.2603361606598	62840.3125103	1790952548685.9856
sub-10040	ses-1	run-01	0	210	38	10	3	24	38	22	38	22	left	right	2	576.8656000000192	False	True	win	31	554.5580229759216	62793.6100189	1790952501983.6724	554.8621060848236	62793.9140195	1790952502287.7554	555.4389716848236	62794.4908851	1790952502864.6208	62794.7430016	556.3869421482086	62795.4390317	1790952503812.5916	62795.4390317	691.0942292122091	300.0	0.0	62239.070572	1790951947425.6494	601.2603361606598	62840.3125103	1790952548685.9856
sub-10040	ses-1	run-01	0	211	38	10	4	24	38	22	38	22	left	right	2	498.245599999791	False	True	win	31	557.3883676528931	62796.4406647	1790952504814.017	557.6925251483917	62796.7445799	1790952505118.1746	558.1907707483915	62797.2428255	1790952505616.4202	62797.4991675	559.0701727867126	62798.1222626	1790952506495.8223	62798.1222626	618.6201026838584	300.0	0.0	62239.070572	1790951947425.6494	601.2603361606598	62840.3125103	1790952548685.9856
sub-10040	ses-1	run-01	0	212	38	10	5	24	38	22	22	38	right	left	2	526.1011000038707	False	False	loss	32	560.0717439651489	62799.1246141	1790952507497.3933	560.3765826225281	62799.4286797	1790952507802.232	560.902683722532	62799.954780800006	1790952508328.333	62800.2072683	561.7721462249756	62800.8242243	1790952509197.7957	62800.8242243	612.7043064911313	300.0	0.0	62239.070572	1790951947425.6494	601.2603361606598	62840.3125103	1790952548685.9856
sub-10040	ses-1	run-01	0	213	38	10	6	24	38	22	38	22	left	right	1	288.90030000184197	True	True	win	31	562.7729499340057	62801.8257028	1790952510198.5994	563.0774307250977	62802.129858	1790952510503.08	563.3663310250995	62802.4187583	1790952510791.9805	62802.67298	564.2536551952362	62803.3056559	1790952511679.3047	62803.3056559	627.6755473307182	300.0	0.0	62239.070572	1790951947425.6494	601.2603361606598	62840.3125103	1790952548685.9856
sub-10040	ses-1	run-01	0	214	38	10	7	24	38	22	38	22	left	right	1	407.27809999953024	True	True	win	31	565.2548897266388	62804.3074386	1790952512680.539	565.5594248771667	62804.6114687	1790952512985.0742	565.9667029771663	62805.0187468	1790952513392.3523	62805.2742731	566.7332036495209	62805.7853768	1790952514158.853	62805.7853768	507.18570250109997	300.0	0.0	62239.070572	1790951947425.6494	601.2603361606598	62840.3125103	1790952548685.9856
sub-10040	ses-1	run-01	0	215	38	10	8	24	38	22	22	38	right	left	1	502.4827999950503	True	True	win	31	567.7352297306061	62806.7875415	1790952515160.8792	568.040278673172	62807.0923262	1790952515465.928	568.542761473167	62807.594808999995	1790952515968.411	62807.8515851	569.4113230705261	62808.4640922	1790952516836.9724	62808.4640922	608.0775102755919	300.0	0.0	62239.070572	1790951947425.6494	601.2603361606598	62840.3125103	1790952548685.9856
sub-10040	ses-1	run-01	0	216	38	10	9	24	38	22	38	22	left	right	1	360.92240000289166	True	True	win	31	570.413688659668	62809.4659877	1790952517839.3381	570.7168049812317	62809.769914	1790952518142.4543	571.0777273812346	62810.1308364	1790952518503.3767	62810.383354	571.887006521225	62810.9390588	1790952519312.656	62810.9390588	551.9247361568961	300.0	0.0	62239.070572	1790951947425.6494	601.2603361606598	62840.3125103	1790952548685.9856
sub-10040	ses-1	run-01	0	217	38	10	10	24	38	22	38	22	left	right	1	406.4167000033194	True	True	win	31	572.8884806632996	62811.9403626	1790952520314.1301	573.192263841629	62812.2443433	1790952520617.9133	573.5986805416323	62812.650760000004	1790952521024.33	62812.9030345	574.3585839271545	62813.4105958	1790952521784.2334	62813.4105958	503.78780546767223	300.0	0.0	62239.070572	1790951947425.6494	601.2603361606598	62840.3125103	1790952548685.9856
sub-10040	ses-1	run-01	0	218	38	10	11	24	38	22	38	22	left	right	1	352.0134999998845	True	True	win	31	575.3598384857178	62814.412086	1790952522785.4878	575.6627368927002	62814.7148319	1790952523088.3862	576.0147503927001	62815.0668454	1790952523440.3997	62815.3232719	576.9305927753448	62815.9827098	1790952524356.2422	62815.9827098	655.4068881528493	300.0	0.0	62239.070572	1790951947425.6494	601.2603361606598	62840.3125103	1790952548685.9856
sub-10040	ses-1	run-01	0	219	38	10	12	24	38	22	22	38	right	left	1	379.3758000028902	True	True	win	31	577.9314892292023	62816.983453	1790952525357.1387	578.2353868484497	62817.2874215	1790952525661.0361	578.6147626484526	62817.6667973	1790952526040.4119	62817.9208246	579.3914322853088	62818.4441909	1790952526817.0818	62818.4441909	519.1905013093037	300.0	0.0	62239.070572	1790951947425.6494	601.2603361606598	62840.3125103	1790952548685.9856
sub-10040	ses-1	run-01	0	220	38	10	13	24	38	22	38	22	left	right	1	364.83700000098906	True	True	win	31	580.3935964107513	62819.4457651	1790952527819.2458	580.6979467868805	62819.749977	1790952528123.5962	581.0627837868815	62820.114814	1790952528488.433	62820.3685376	581.9368534088135	62820.9893309	1790952529362.503	62820.9893309	618.3998581303822	300.0	0.0	62239.070572	1790951947425.6494	601.2603361606598	62840.3125103	1790952548685.9856
sub-10040	ses-1	run-01	0	221	38	10	14	24	38	22	38	22	left	right	1	475.36309999850346	True	False	loss	32	582.9382724761963	62821.9906766	1790952530363.9219	583.2433083057404	62822.2954107	1790952530668.9578	583.7186714057389	62822.770773799995	1790952531144.3208	62823.0250154	584.5768084526062	62823.628905	1790952532002.4578	62823.628905	599.2126530168794	300.0	0.0	62239.070572	1790951947425.6494	601.2603361606598	62840.3125103	1790952548685.9856
sub-10040	ses-1	run-01	0	222	38	10	15	24	38	22	22	38	right	left	2	411.37910000543343	False	True	win	31	585.5792870521545	62824.6312019	1790952533004.9365	585.883220911026	62824.9354074	1790952533308.8704	586.2946000110314	62825.346786500006	1790952533720.2495	62825.5995625	587.2169599533081	62826.2689597	1790952534642.6094	62826.2689597	665.1187818829505	300.0	0.0	62239.070572	1790951947425.6494	601.2603361606598	62840.3125103	1790952548685.9856
sub-10040	ses-1	run-01	0	223	38	10	16	24	38	22	38	22	left	right	2	604.3371999985538	False	False	loss	32	588.2180695533752	62827.2704305	1790952535643.719	588.5225520133972	62827.5746229	1790952535948.2014	589.1268892133958	62828.1789601	1790952536552.5386	62828.4339752	590.0036454200745	62829.0556841	1790952537429.295	62829.0556841	617.0854052672598	300.0	0.0	62239.070572	1790951947425.6494	601.2603361606598	62840.3125103	1790952548685.9856
sub-10040	ses-1	run-01	0	224	38	10	17	24	38	22	38	22	left	right	2	456.8600999991759	False	False	loss	32	591.0049231052399	62830.0573338	1790952538430.5725	591.3097896575928	62830.3618787	1790952538735.439	591.766649757592	62830.8187388	1790952539192.299	62831.0752215	592.5380246639252	62831.59013	1790952539963.674	62831.59013	510.43854982887495	300.0	0.0	62239.070572	1790951947425.6494	601.2603361606598	62840.3125103	1790952548685.9856
sub-10040	ses-1	run-01	0	225	38	10	18	24	38	22	38	22	left	right	2	387.0655999999144	False	False	loss	32	593.5387065410614	62832.5915594	1790952540964.356	593.84375	62832.8958467	1790952541269.3994	594.2308155999999	62833.2829123	1790952541656.465	62833.5398941	595.1502463817596	62834.2030168	1790952542575.8958	62834.2030168	659.8439395202629	300.0	0.0	62239.070572	1790951947425.6494	601.2603361606598	62840.3125103	1790952548685.9856
sub-10040	ses-1	run-01	0	226	38	10	19	24	38	22	38	22	left	right	1	460.79659999668365	True	True	win	31	596.1529650688171	62835.2055215	1790952543578.6145	596.4579703807831	62835.5101234	1790952543883.6199	596.9187669807798	62835.97092	1790952544344.4165	62836.2242351	597.7376387119293	62836.7897365	1790952545163.288	62836.7897365	561.9209209078548	300.0	0.0	62239.070572	1790951947425.6494	601.2603361606598	62840.3125103	1790952548685.9856
sub-10040	ses-1	run-01	0	227	38	10	20	24	38	22	38	22	left	right	1	386.81720000022324	True	False	loss	32	598.7393281459808	62837.7913712	1790952546164.9775	599.0439698696136	62838.0960381	1790952546469.6194	599.4307870696139	62838.4828553	1790952546856.4365	62838.7399051	600.2581622600555	62839.310209	1790952547683.8118	62839.310209	566.9615883614663	300.0	0.0	62239.070572	1790951947425.6494	601.2603361606598	62840.3125103	1790952548685.9856
