subject_id	session_id	run	localizer	trial_num	current_good	contingency_id	trial_in_contingency	contingency_trials	flower1	flower2	left_stimulus	right_stimulus	slot1_position	slot2_position	choice	rt	correct	reward	outcome	feedback_marker	trial_start_task_time	trial_start_lsl_time	trial_start_unix_time	choice_window_onset_task_time	choice_window_onset_lsl_time	choice_window_onset_unix_time	choice_onset_task_time	choice_onset_lsl_time	choice_onset_unix_time	choice_marker_send_lsl_time	feedback_onset_task_time	feedback_onset_lsl_time	feedback_onset_unix_time	lsl_marker_send_time	wait_time	iti	run_start_task_time	run_start_lsl_time	run_start_unix_time	run_end_task_time	run_end_lsl_time	run_end_unix_time
sub-10052	ses-1	run-01	0	1	1	1	0	24	1	23	23	1	right	left	2	667.3102000058861	False	False	loss	32	0.0	102728.4225144	1789672300361.5295	0.3439948558807373	102728.7669814	1789672300705.5244	1.0113050558866234	102729.4342916	1789672301372.8347	102729.6866387	1.9330360889434814	102730.3562834	1789672302294.5657	102730.3562834	665.7567183857917	300.0	0.0	102728.4224295	1789672300361.5295	602.1213486194611	103330.5550401	1789672902482.8782
sub-10052	ses-1	run-01	0	2	1	1	1	24	1	23	23	1	right	left	2	588.3899000036763	False	False	loss	32	2.9347925186157227	102731.3573422	1789672303296.322	3.239321708679199	102731.661838	1789672303600.8513	3.8277116086828755	102732.2502279	1789672304189.2412	102732.5068064	4.6762237548828125	102733.0994901	1789672305037.7534	102733.0994901	588.1728205895248	300.0	0.0	102728.4224295	1789672300361.5295	602.1213486194611	103330.5550401	1789672902482.8782
sub-10052	ses-1	run-01	0	3	1	1	2	24	1	23	1	23	left	right	1	412.9714000009699	True	True	win	31	5.6782145500183105	102734.1008538	1789672306039.7441	5.982809066772461	102734.4053335	1789672306344.3386	6.395780466773431	102734.8183049	1789672306757.31	102735.0734392	7.269519090652466	102735.692887	1789672307631.0486	102735.692887	615.0364741246347	300.0	0.0	102728.4224295	1789672300361.5295	602.1213486194611	103330.5550401	1789672902482.8782
sub-10052	ses-1	run-01	0	4	1	1	3	24	1	23	1	23	left	right	1	419.30959999444894	True	False	loss	32	8.272143363952637	102736.6947183	1789672308633.6729	8.576131582260132	102736.9988324	1789672308937.6611	8.99544118225458	102737.418142	1789672309356.9707	102737.6718114	9.790109634399414	102738.2135641	1789672310151.6392	102738.2135641	537.2154034072884	300.0	0.0	102728.4224295	1789672300361.5295	602.1213486194611	103330.5550401	1789672902482.8782
sub-10052	ses-1	run-01	0	5	1	1	4	24	1	23	1	23	left	right	2	282.5230000016745	False	False	loss	32	10.792097330093384	102739.21482	1789672311153.627	11.097094774246216	102739.5197707	1789672311458.6243	11.37961777424789	102739.8022937	1789672311741.1472	102740.0576952	12.17007064819336	102740.5936106	1789672312531.6003	102740.5936106	531.4836523230413	300.0	0.0	102728.4224295	1789672300361.5295	602.1213486194611	103330.5550401	1789672902482.8782
sub-10052	ses-1	run-01	0	6	1	1	5	24	1	23	23	1	right	left	1	438.5779000003822	True	True	win	31	13.173054218292236	102741.5957346	1789672313534.5837	13.477049112319946	102741.8998425	1789672313838.5786	13.915627012320329	102742.3384204	1789672314277.1565	102742.5938076	14.677021265029907	102743.1004549	1789672315038.5508	102743.1004549	502.97863395421695	300.0	0.0	102728.4224295	1789672300361.5295	602.1213486194611	103330.5550401	1789672902482.8782
sub-10052	ses-1	run-01	0	7	1	1	6	24	1	23	23	1	right	left	1	579.6435000083875	True	False	loss	32	15.679008483886719	102744.1018144	1789672316040.538	15.9830002784729	102744.4065905	1789672316344.5298	16.562643778481288	102744.98623400001	1789672316924.1733	102745.2415887	17.350608348846436	102745.7739363	1789672317712.138	102745.7739363	528.951213256818	300.0	0.0	102728.4224295	1789672300361.5295	602.1213486194611	103330.5550401	1789672902482.8782
sub-10052	ses-1	run-01	0	8	1	1	7	24	1	23	23	1	right	left	2	657.9862999933539	False	False	loss	32	18.352564334869385	102746.7753058	1789672318714.094	18.6575026512146	102747.0803355	1789672319019.0322	19.315488951207954	102747.73832179999	1789672319677.0186	102747.9952852	20.12661051750183	102748.5502567	1789672320488.1401	102748.5502567	551.9441697973161	300.0	0.0	102728.4224295	1789672300361.5295	602.1213486194611	103330.5550401	1789672902482.8782
sub-10052	ses-1	run-01	0	9	1	1	8	24	1	23	1	23	left	right	1	426.0486999992281	True	True	win	31	21.128528356552124	102749.5514322	1789672321490.0579	21.433256149291992	102749.8561475	1789672321794.7856	21.85930484929122	102750.2821962	1789672322220.8342	102750.5351312	22.712127447128296	102751.1357819	1789672323073.657	102751.1357819	596.0988052306263	300.0	0.0	102728.4224295	1789672300361.5295	602.1213486194611	103330.5550401	1789672902482.8782
sub-10052	ses-1	run-01	0	10	1	1	9	24	1	23	23	1	right	left	2	744.5977000024868	False	True	win	31	23.714462757110596	102752.1374145	1789672324075.9924	24.01782202720642	102752.4416005	1789672324379.3516	24.762419727208908	102753.1861982	1789672325123.9492	102753.4407064	25.583834171295166	102754.0074943	1789672325945.3638	102754.0074943	563.1824711224046	300.0	0.0	102728.4224295	1789672300361.5295	602.1213486194611	103330.5550401	1789672902482.8782
sub-10052	ses-1	run-01	0	11	1	1	10	24	1	23	23	1	right	left	2	475.3237000113586	False	True	win	31	26.584815979003906	102755.0077589	1789672326946.3455	26.887810468673706	102755.3108575	1789672327249.34	27.363134168685065	102755.7861812	1789672327724.6638	102756.0388055	28.158787488937378	102756.5825856	1789672328520.3171	102756.5825856	539.2562025593035	300.0	0.0	102728.4224295	1789672300361.5295	602.1213486194611	103330.5550401	1789672902482.8782
sub-10052	ses-1	run-01	0	12	1	1	11	24	1	23	23	1	right	left	2	601.2254000088433	False	False	loss	32	29.16076922416687	102757.5837185	1789672329522.2988	29.465774059295654	102757.8888951	1789672329827.3037	30.066999459304498	102758.4901205	1789672330428.529	102758.7437281	31.008168697357178	102759.4319182	1789672331369.6982	102759.4319182	684.8540902824535	300.0	0.0	102728.4224295	1789672300361.5295	602.1213486194611	103330.5550401	1789672902482.8782
sub-10052	ses-1	run-01	0	13	1	1	12	24	1	23	23	1	right	left	1	369.04130000039004	True	True	win	31	32.01015615463257	102760.4331491	1789672332371.6858	32.31415772438049	102760.737181	1789672332675.6873	32.68319902438088	102761.1062223	1789672333044.7285	102761.3611356	33.59966588020325	102762.0233594	1789672333961.1956	102762.0233594	658.7011881675505	300.0	0.0	102728.4224295	1789672300361.5295	602.1213486194611	103330.5550401	1789672902482.8782
sub-10052	ses-1	run-01	0	14	1	1	13	24	1	23	1	23	left	right	2	440.76959999802057	False	False	loss	32	34.60168099403381	102763.0247289	1789672334963.2107	34.90626931190491	102763.3293677	1789672335267.7988	35.34703891190293	102763.7701373	1789672335708.5684	102764.0224611	36.295369148254395	102764.7191917	1789672336656.8987	102764.7191917	692.3853208918355	300.0	0.0	102728.4224295	1789672300361.5295	602.1213486194611	103330.5550401	1789672902482.8782
sub-10052	ses-1	run-01	0	15	1	1	14	24	1	23	23	1	right	left	1	377.22219999704976	True	True	win	31	37.29683566093445	102765.7199264	1789672337658.3652	37.601765871047974	102766.0249012	1789672337963.2954	37.97898807104502	102766.4021234	1789672338340.5176	102766.6581404	38.880568981170654	102767.3040772	1789672339242.0986	102767.3040772	642.4272164432255	300.0	0.0	102728.4224295	1789672300361.5295	602.1213486194611	103330.5550401	1789672902482.8782
sub-10052	ses-1	run-01	0	16	1	1	15	24	1	23	23	1	right	left	1	560.4425999918021	True	True	win	31	39.88203501701355	102768.305275	1789672340243.5647	40.18646478652954	102768.6097181	1789672340547.9944	40.74690738652134	102769.17016069998	1789672341108.437	102769.4246997	41.51343393325806	102769.9374741	1789672341874.9636	102769.9374741	508.5800490031147	300.0	0.0	102728.4224295	1789672300361.5295	602.1213486194611	103330.5550401	1789672902482.8782
sub-10052	ses-1	run-01	0	17	1	1	16	24	1	23	1	23	left	right	2	533.4443000028841	False	False	loss	32	42.51641583442688	102770.9396968	1789672342877.9453	42.821417570114136	102771.2446808	1789672343182.9473	43.35486187011702	102771.7781251	1789672343716.3916	102772.0337014	44.181336402893066	102772.6054097	1789672344542.866	102772.6054097	567.7674706194653	300.0	0.0	102728.4224295	1789672300361.5295	602.1213486194611	103330.5550401	1789672902482.8782
sub-10052	ses-1	run-01	0	18	1	1	17	24	1	23	1	23	left	right	2	385.606200012262	False	False	loss	32	45.18432259559631	102773.6075671	1789672345545.8523	45.48932909965515	102773.9126074	1789672345850.8586	45.87493529966741	102774.2982136	1789672346236.4648	102774.5515501	46.77428865432739	102775.198372	1789672347135.8184	102775.198372	642.667222467634	300.0	0.0	102728.4224295	1789672300361.5295	602.1213486194611	103330.5550401	1789672902482.8782
sub-10052	ses-1	run-01	0	19	1	1	18	24	1	23	23	1	right	left	2	425.6024000060279	False	False	loss	32	47.777273416519165	102776.2006524	1789672348138.803	48.08126449584961	102776.5046474	1789672348442.7942	48.50686689585564	102776.9302498	1789672348868.3965	102777.1836524	49.29025363922119	102777.7143864	1789672349651.7832	102777.7143864	526.3109400985264	300.0	0.0	102728.4224295	1789672300361.5295	602.1213486194611	103330.5550401	1789672902482.8782
sub-10052	ses-1	run-01	0	20	1	1	19	24	1	23	1	23	left	right	1	133.12919999589212	True	True	win	31	50.292476654052734	102778.7159251	1789672350654.0063	50.597479581832886	102779.0209818	1789672350959.0093	50.73060878182878	102779.154111	1789672351092.1384	102779.4098585	51.56045460700989	102779.9837522	1789672351921.9841	102779.9837522	569.9808402201504	300.0	0.0	102728.4224295	1789672300361.5295	602.1213486194611	103330.5550401	1789672902482.8782
sub-10052	ses-1	run-01	0	21	1	1	20	24	1	23	23	1	right	left	2	640.370900000562	False	False	loss	32	52.56232833862305	102780.985798	1789672352923.858	52.866265296936035	102781.2899082	1789672353227.795	53.5066361969366	102781.9302791	1789672353868.1658	102782.1836292	54.445592641830444	102782.8689866	1789672354807.1223	102782.8689866	681.7754104694613	300.0	0.0	102728.4224295	1789672300361.5295	602.1213486194611	103330.5550401	1789672902482.8782
sub-10052	ses-1	run-01	0	22	1	1	21	24	1	23	23	1	right	left	1	530.0720000086585	True	True	win	31	55.447575092315674	102783.8711205	1789672355809.1047	55.75256681442261	102784.1762275	1789672356114.0964	56.282638814431266	102784.7062995	1789672356644.1685	102784.9610679	57.170541763305664	102785.5941675	1789672357532.0713	102785.5941675	629.746289946188	300.0	0.0	102728.4224295	1789672300361.5295	602.1213486194611	103330.5550401	1789672902482.8782
sub-10052	ses-1	run-01	0	23	1	1	22	24	1	23	1	23	left	right	2	236.18469999928493	False	False	loss	32	58.17351698875427	102786.5969922	1789672358535.0466	58.47855281829834	102786.9019823	1789672358840.0825	58.714737518297625	102787.138167	1789672359076.2673	102787.3960968	59.63649320602417	102788.0599479	1789672359998.0227	102788.0599479	659.1233471405195	300.0	0.0	102728.4224295	1789672300361.5295	602.1213486194611	103330.5550401	1789672902482.8782
sub-10052	ses-1	run-01	0	24	1	1	23	24	1	23	23	1	right	left	1	259.85919999948237	True	True	win	31	60.63847303390503	102789.0620817	1789672361000.0027	60.94259810447693	102789.3662488	1789672361304.1277	61.20245730447641	102789.626108	1789672361563.9868	102789.8800008	62.01644968986511	102790.4400289	1789672362377.9792	102790.4400289	555.9511486141557	300.0	0.0	102728.4224295	1789672300361.5295	602.1213486194611	103330.5550401	1789672902482.8782
sub-10052	ses-1	run-01	0	25	23	2	0	20	1	23	1	23	left	right	2	518.9703999931226	True	True	win	31	63.019431352615356	102791.4430659	1789672363380.961	63.323516607284546	102791.7473433	1789672363685.0461	63.84248700727767	102792.26631369999	1789672364204.0166	102792.5220555	64.78149032592773	102793.2058942	1789672365143.02	102793.2058942	679.2202458460628	300.0	0.0	102728.4224295	1789672300361.5295	602.1213486194611	103330.5550401	1789672902482.8782
sub-10052	ses-1	run-01	0	26	23	2	1	20	1	23	1	23	left	right	1	410.8428999898024	False	True	win	31	65.78246927261353	102794.2061574	1789672366143.9988	66.08747053146362	102794.5113135	1789672366449.0	66.49831343145343	102794.92215639999	1789672366859.843	102795.1750524	67.30237102508545	102795.7260129	1789672367663.9006	102795.7260129	546.7522614930601	300.0	0.0	102728.4224295	1789672300361.5295	602.1213486194611	103330.5550401	1789672902482.8782
sub-10052	ses-1	run-01	0	27	23	2	2	20	1	23	1	23	left	right	2	359.8416000022553	True	True	win	31	68.30534172058105	102796.7290097	1789672368666.8713	68.61042737960815	102797.0342724	1789672368971.957	68.97026897961041	102797.394114	1789672369331.7986	102797.6476492	69.88886284828186	102798.3125029	1789672370250.3923	102798.3125029	660.2331428981653	300.0	0.0	102728.4224295	1789672300361.5295	602.1213486194611	103330.5550401	1789672902482.8782
sub-10052	ses-1	run-01	0	28	23	2	3	20	1	23	1	23	left	right	2	261.48319999629166	True	True	win	31	70.89184188842773	102799.3155539	1789672371253.3716	71.1968321800232	102799.6205316	1789672371558.3618	71.45831538001949	102799.8820148	1789672371819.845	102800.1386934	72.31138205528259	102800.7350897	1789672372672.9116	102800.7350897	592.1747122030592	300.0	0.0	102728.4224295	1789672300361.5295	602.1213486194611	103330.5550401	1789672902482.8782
sub-10052	ses-1	run-01	0	29	23	2	4	20	1	23	23	1	right	left	2	440.32480000169016	True	True	win	31	73.3137743473053	102801.7376161	1789672373675.304	73.61809158325195	102802.0418647	1789672373979.621	74.05841638325364	102802.4821895	1789672374419.9458	102802.7358002	74.98106932640076	102803.4057275	1789672375342.5989	102803.4057275	666.9535152987502	300.0	0.0	102728.4224295	1789672300361.5295	602.1213486194611	103330.5550401	1789672902482.8782
sub-10052	ses-1	run-01	0	30	23	2	5	20	1	23	1	23	left	right	2	354.20820000581443	True	True	win	31	75.98305869102478	102804.4068766	1789672376344.5884	76.28806662559509	102804.7120098	1789672376649.5962	76.64227482560091	102805.066218	1789672377003.8044	102805.3209036	77.49741506576538	102805.9213289	1789672377858.9446	102805.9213289	596.1239894162951	300.0	0.0	102728.4224295	1789672300361.5295	602.1213486194611	103330.5550401	1789672902482.8782
sub-10052	ses-1	run-01	0	31	23	2	6	20	1	23	1	23	left	right	2	308.67480000597425	True	False	loss	32	78.50040125846863	102806.9242878	1789672378861.931	78.80538892745972	102807.2294462	1789672379166.9185	79.11406372746569	102807.538121	1789672379475.5933	102807.7932936	80.01936173439026	102808.4432463	1789672380380.8914	102808.4432463	645.7585136288509	300.0	0.0	102728.4224295	1789672300361.5295	602.1213486194611	103330.5550401	1789672902482.8782
sub-10052	ses-1	run-01	0	32	23	2	7	20	1	23	1	23	left	right	1	379.66140000207815	False	False	loss	32	81.02134299278259	102809.4453542	1789672381382.8726	81.32634544372559	102809.7504446	1789672381687.875	81.70600684372766	102810.130106	1789672382067.5364	102810.3852511	82.48366498947144	102810.9083422	1789672382845.1946	102810.9083422	519.9349438884765	300.0	0.0	102728.4224295	1789672300361.5295	602.1213486194611	103330.5550401	1789672902482.8782
sub-10052	ses-1	run-01	0	33	23	2	8	20	1	23	23	1	right	left	2	483.62009999982547	True	True	win	31	83.48564863204956	102811.9096831	1789672383847.1782	83.79064083099365	102812.2145841	1789672384152.1704	84.27426093099348	102812.6982042	1789672384635.7905	102812.9546398	85.09461736679077	102813.5185889	1789672385456.147	102813.5185889	559.9115692790787	300.0	0.0	102728.4224295	1789672300361.5295	602.1213486194611	103330.5550401	1789672902482.8782
sub-10052	ses-1	run-01	0	34	23	2	9	20	1	23	1	23	left	right	2	304.535000002943	True	True	win	31	86.09660339355469	102814.5206486	1789672386458.133	86.40159320831299	102814.8258621	1789672386763.1228	86.70612820831593	102815.1303971	1789672387067.6577	102815.3846913	87.57657122612	102816.0005726	1789672387938.1008	102816.0005726	611.2788433419951	300.0	0.0	102728.4224295	1789672300361.5295	602.1213486194611	103330.5550401	1789672902482.8782
sub-10052	ses-1	run-01	0	35	23	2	10	20	1	23	1	23	left	right	1	183.57900000410154	False	True	win	31	88.57755160331726	102817.0016098	1789672388939.0813	88.8825466632843	102817.3066712	1789672389244.0762	89.0661256632884	102817.4902502	1789672389427.6553	102817.7445919	89.94499707221985	102818.3690442	1789672390306.5266	102818.3690442	620.8830607700559	300.0	0.0	102728.4224295	1789672300361.5295	602.1213486194611	103330.5550401	1789672902482.8782
sub-10052	ses-1	run-01	0	36	23	2	11	20	1	23	23	1	right	left	2	374.10620000446215	True	True	win	31	90.94698405265808	102819.3710655	1789672391308.5137	91.25197768211365	102819.6762321	1789672391613.5073	91.62608388211811	102820.0503383	1789672391987.6135	102820.3050561	92.52971386909485	102820.9541399	1789672392891.2434	102820.9541399	644.2937839991984	300.0	0.0	102728.4224295	1789672300361.5295	602.1213486194611	103330.5550401	1789672902482.8782
sub-10052	ses-1	run-01	0	37	23	2	12	20	1	23	23	1	right	left	2	391.0344000032637	True	True	win	31	93.53081631660461	102821.9550209	1789672393892.346	93.83481335639954	102822.2590827	1789672394196.343	94.2258477564028	102822.6501171	1789672394587.3774	102822.9019666	94.99489212036133	102823.4197039	1789672395356.4216	102823.4197039	513.7175456746406	300.0	0.0	102728.4224295	1789672300361.5295	602.1213486194611	103330.5550401	1789672902482.8782
sub-10052	ses-1	run-01	0	38	23	2	13	20	1	23	23	1	right	left	1	380.84470000467263	False	False	loss	32	95.99598956108093	102824.4201878	1789672396357.519	96.30099105834961	102824.72536	1789672396662.5208	96.68183575835428	102825.1062047	1789672397043.3655	102825.3582046	97.6142258644104	102826.0393267	1789672397975.7554	102826.0393267	677.3002434144622	300.0	0.0	102728.4224295	1789672300361.5295	602.1213486194611	103330.5550401	1789672902482.8782
sub-10052	ses-1	run-01	0	39	23	2	14	20	1	23	23	1	right	left	1	215.5093999899691	False	False	loss	32	98.61729145050049	102827.0415418	1789672398978.821	98.9222981929779	102827.3467355	1789672399283.828	99.13780759296787	102827.5622449	1789672399499.3374	102827.8154879	100.04318332672119	102828.4674306	1789672400404.713	102828.4674306	647.1459631314856	300.0	0.0	102728.4224295	1789672300361.5295	602.1213486194611	103330.5550401	1789672902482.8782
sub-10052	ses-1	run-01	0	40	23	2	15	20	1	23	23	1	right	left	2	253.566100000171	True	True	win	31	101.0441620349884	102829.4685557	1789672401405.6917	101.3481616973877	102829.7726302	1789672401709.6914	101.60172779738787	102830.0261963	1789672401963.2576	102830.281533	102.3961431980133	102830.8204691	1789672402757.6729	102830.8204691	535.2013575607753	300.0	0.0	102728.4224295	1789672300361.5295	602.1213486194611	103330.5550401	1789672902482.8782
sub-10052	ses-1	run-01	0	41	23	2	16	20	1	23	1	23	left	right	1	330.6390000070678	False	False	loss	32	103.39911818504333	102831.8235831	1789672403760.6477	103.70321464538574	102832.127642	1789672404064.7441	104.03385364539281	102832.45828100001	1789672404395.383	102832.7105339	104.88109087944031	102833.3062755	1789672405242.6204	102833.3062755	592.0094462986872	300.0	0.0	102728.4224295	1789672300361.5295	602.1213486194611	103330.5550401	1789672902482.8782
sub-10052	ses-1	run-01	0	42	23	2	17	20	1	23	1	23	left	right	2	255.76199998613447	True	True	win	31	105.88207840919495	102834.306432	1789672406243.608	106.18606615066528	102834.610558	1789672406547.5957	106.44182815065142	102834.86631999999	1789672406803.3577	102835.1185348	107.26220345497131	102835.6874662	1789672407623.7332	102835.6874662	565.9007141637898	300.0	0.0	102728.4224295	1789672300361.5295	602.1213486194611	103330.5550401	1789672902482.8782
sub-10052	ses-1	run-01	0	43	23	2	18	20	1	23	23	1	right	left	1	232.22890000033658	False	False	loss	32	108.26419019699097	102836.6886777	1789672408625.7197	108.56926226615906	102836.9938605	1789672408930.7917	108.8014911661594	102837.2260894	1789672409163.0208	102837.4835672	109.70207929611206	102838.1274739	1789672410063.609	102838.1274739	639.8801564869121	300.0	0.0	102728.4224295	1789672300361.5295	602.1213486194611	103330.5550401	1789672902482.8782
sub-10052	ses-1	run-01	0	44	23	2	19	20	1	23	1	23	left	right	1	321.3068999903044	False	False	loss	32	110.7043924331665	102839.1288395	1789672411065.922	111.0083794593811	102839.4328256	1789672411369.909	111.32968635937141	102839.75413249999	1789672411691.2158	102840.0059405	112.27738857269287	102840.7025355	1789672412638.9182	102840.7025355	692.8423729054509	300.0	0.0	102728.4224295	1789672300361.5295	602.1213486194611	103330.5550401	1789672902482.8782
sub-10052	ses-1	run-01	0	45	1	3	0	22	1	23	23	1	right	left	2	209.88329999090638	False	False	loss	32	113.27887511253357	102841.7033813	1789672413640.4048	113.58365488052368	102842.0082993	1789672413945.1846	113.79353818051459	102842.21818259999	1789672414155.0679	102842.4701296	114.66463899612427	102843.0899334	1789672415026.1687	102843.0899334	615.0685379080102	300.0	0.0	102728.4224295	1789672300361.5295	602.1213486194611	103330.5550401	1789672902482.8782
sub-10052	ses-1	run-01	0	46	1	3	1	22	1	23	1	23	left	right	1	343.4131999965757	True	True	win	31	115.66612458229065	102844.090772	1789672416027.654	115.9701132774353	102844.3947278	1789672416331.6428	116.31352647743188	102844.738141	1789672416675.056	102844.992792	117.09994173049927	102845.5254175	1789672417461.4714	102845.5254175	528.9666502456728	300.0	0.0	102728.4224295	1789672300361.5295	602.1213486194611	103330.5550401	1789672902482.8782
sub-10052	ses-1	run-01	0	47	1	3	2	22	1	23	23	1	right	left	1	539.0524999966146	True	True	win	31	118.10237050056458	102846.527042	1789672418463.9001	118.4064450263977	102846.8311142	1789672418767.9746	118.94549752639432	102847.3701667	1789672419307.027	102847.6259921	119.80800604820251	102848.232609	1789672420169.5356	102848.232609	602.3293816974076	300.0	0.0	102728.4224295	1789672300361.5295	602.1213486194611	103330.5550401	1789672902482.8782
sub-10052	ses-1	run-01	0	48	1	3	3	22	1	23	1	23	left	right	2	463.9821999880951	False	False	loss	32	120.80945873260498	102849.2341564	1789672421170.9883	121.11346387863159	102849.5382155	1789672421474.9934	121.57744607861969	102850.00219769999	1789672421938.9756	102850.257192	122.34142470359802	102850.7669471	1789672422702.9543	102850.7669471	505.6166112097208	300.0	0.0	102728.4224295	1789672300361.5295	602.1213486194611	103330.5550401	1789672902482.8782
sub-10052	ses-1	run-01	0	49	1	3	4	22	1	23	23	1	right	left	1	632.2225000039907	True	True	win	31	123.34408950805664	102851.7688752	1789672423705.6191	123.64908742904663	102852.0739155	1789672424010.617	124.28130992905062	102852.70613800001	1789672424642.8394	102852.9578613	125.14805054664612	102853.5734987	1789672425509.58	102853.5734987	612.6813174446854	300.0	0.0	102728.4224295	1789672300361.5295	602.1213486194611	103330.5550401	1789672902482.8782
sub-10052	ses-1	run-01	0	50	1	3	5	22	1	23	1	23	left	right	2	378.05059998936485	False	False	loss	32	126.15029907226562	102854.5751478	1789672426511.8286	126.45521235466003	102854.8800005	1789672426816.742	126.8332629546494	102855.25805109998	1789672427194.7925	102855.5140403	127.63974690437317	102856.06508	1789672428001.2766	102856.06508	547.7270423351298	300.0	0.0	102728.4224295	1789672300361.5295	602.1213486194611	103330.5550401	1789672902482.8782
sub-10052	ses-1	run-01	0	51	1	3	6	22	1	23	23	1	right	left	2	422.7978999988409	False	True	win	31	128.6424686908722	102857.0671917	1789672429003.9983	128.94639444351196	102857.3712723	1789672429307.924	129.3691923435108	102857.7940702	1789672429730.722	102858.0508233	130.18608379364014	102858.6116027	1789672430547.6133	102858.6116027	557.7906677937561	300.0	0.0	102728.4224295	1789672300361.5295	602.1213486194611	103330.5550401	1789672902482.8782
sub-10052	ses-1	run-01	0	52	1	3	7	22	1	23	1	23	left	right	1	372.8006000019377	True	False	loss	32	131.18812561035156	102859.6130602	1789672431549.6553	131.49240803718567	102859.9172542	1789672431853.9377	131.8652086371876	102860.2900548	1789672432226.7383	102860.5462047	132.75407433509827	102861.1796906	1789672433115.604	102861.1796906	629.8462599714347	300.0	0.0	102728.4224295	1789672300361.5295	602.1213486194611	103330.5550401	1789672902482.8782
sub-10052	ses-1	run-01	0	53	1	3	8	22	1	23	23	1	right	left	2	661.0395000025164	False	False	loss	32	133.7563374042511	102862.1811453	1789672434117.867	134.06026124954224	102862.4851406	1789672434421.7908	134.72130074954475	102863.1461801	1789672435082.8303	102863.4000927	135.50022792816162	102863.9259216	1789672435861.7576	102863.9259216	521.7651316346837	300.0	0.0	102728.4224295	1789672300361.5295	602.1213486194611	103330.5550401	1789672902482.8782
sub-10052	ses-1	run-01	0	54	1	3	9	22	1	23	1	23	left	right	2	347.0400999940466	False	False	loss	32	136.50121474266052	102864.9261367	1789672436862.7444	136.80620408058167	102865.2311323	1789672437167.7336	137.1532441805757	102865.5781724	1789672437514.7737	102865.8351872	138.0391800403595	102866.4650089	1789672438400.7097	102866.4650089	625.9474732286254	300.0	0.0	102728.4224295	1789672300361.5295	602.1213486194611	103330.5550401	1789672902482.8782
sub-10052	ses-1	run-01	0	55	1	3	10	22	1	23	1	23	left	right	2	590.8296999987215	False	False	loss	32	139.04116702079773	102867.4662507	1789672439402.6965	139.34616446495056	102867.7713627	1789672439707.694	139.93699416494928	102868.3621924	1789672440298.5237	102868.6161397	140.777982711792	102869.2038208	1789672441139.5122	102869.2038208	583.9217901548533	300.0	0.0	102728.4224295	1789672300361.5295	602.1213486194611	103330.5550401	1789672902482.8782
sub-10052	ses-1	run-01	0	56	1	3	11	22	1	23	23	1	right	left	1	651.958200003719	True	True	win	31	141.77996039390564	102870.2049958	1789672442141.49	142.08498406410217	102870.5100662	1789672442446.5137	142.7369422641059	102871.16202440001	1789672443098.472	102871.414976	143.53753304481506	102871.9635011	1789672443899.0627	102871.9635011	544.1802477455864	300.0	0.0	102728.4224295	1789672300361.5295	602.1213486194611	103330.5550401	1789672902482.8782
sub-10052	ses-1	run-01	0	57	1	3	12	22	1	23	23	1	right	left	1	587.8748999966774	True	False	loss	32	144.5402433872223	102872.9654193	1789672444901.773	144.84506464004517	102873.2702314	1789672445206.5942	145.43293954004184	102873.8581063	1789672445794.4692	102874.1149771	146.26792073249817	102874.6939307	1789672446629.4504	102874.6939307	575.851945115698	300.0	0.0	102728.4224295	1789672300361.5295	602.1213486194611	103330.5550401	1789672902482.8782
sub-10052	ses-1	run-01	0	58	1	3	13	22	1	23	1	23	left	right	2	312.9975000047125	False	False	loss	32	147.27171635627747	102875.696867	1789672447633.2458	147.5758707523346	102876.0010307	1789672447937.4004	147.8888682523393	102876.31402820001	1789672448250.398	102876.5693597	148.76077270507812	102877.1867084	1789672449122.3022	102877.1867084	613.6000904225401	300.0	0.0	102728.4224295	1789672300361.5295	602.1213486194611	103330.5550401	1789672902482.8782
sub-10052	ses-1	run-01	0	59	1	3	14	22	1	23	1	23	left	right	1	260.03510000009555	True	True	win	31	149.76370525360107	102878.1888815	1789672450125.2349	150.0687017440796	102878.4940609	1789672450430.2314	150.32873684407969	102878.754096	1789672450690.2666	102879.007867	151.21367263793945	102879.6396407	1789672451575.2021	102879.6396407	627.8362452146433	300.0	0.0	102728.4224295	1789672300361.5295	602.1213486194611	103330.5550401	1789672902482.8782
sub-10052	ses-1	run-01	0	60	1	3	15	22	1	23	23	1	right	left	2	408.58550000120886	False	False	loss	32	152.21516752243042	102880.6404153	1789672452576.697	152.52017903327942	102880.9455034	1789672452881.7087	152.92876453328063	102881.3540889	1789672453290.2942	102881.6093735	153.79413080215454	102882.2201962	1789672454155.6604	102882.2201962	606.1745088464448	300.0	0.0	102728.4224295	1789672300361.5295	602.1213486194611	103330.5550401	1789672902482.8782
sub-10052	ses-1	run-01	0	61	1	3	16	22	1	23	1	23	left	right	1	363.4211000025971	True	True	win	31	154.79611229896545	102883.2215252	1789672455157.6418	155.10119771957397	102883.5266418	1789672455462.7273	155.46461881957657	102883.8900629	1789672455826.1484	102884.1443644	156.36008381843567	102884.7863035	1789672456721.6135	102884.7863035	637.8379894640705	300.0	0.0	102728.4224295	1789672300361.5295	602.1213486194611	103330.5550401	1789672902482.8782
sub-10052	ses-1	run-01	0	62	1	3	17	22	1	23	23	1	right	left	2	500.34189999860246	False	False	loss	32	157.36335635185242	102885.7886728	1789672457724.886	157.66836404800415	102886.0937161	1789672458029.8936	158.16870594800275	102886.594058	1789672458530.2354	102886.8476495	159.11747670173645	102887.5428144	1789672459479.0063	102887.5428144	691.0019073405906	300.0	0.0	102728.4224295	1789672300361.5295	602.1213486194611	103330.5550401	1789672902482.8782
sub-10052	ses-1	run-01	0	63	1	3	18	22	1	23	23	1	right	left	1	353.3173000032548	True	True	win	31	160.11910581588745	102888.5445509	1789672460480.6355	160.4231767654419	102888.8487294	1789672460784.7063	160.77649406544515	102889.2020467	1789672461138.0237	102889.457561	161.66967964172363	102890.0959724	1789672462031.2092	102890.0959724	634.2651757969057	300.0	0.0	102728.4224295	1789672300361.5295	602.1213486194611	103330.5550401	1789672902482.8782
sub-10052	ses-1	run-01	0	64	1	3	19	22	1	23	23	1	right	left	1	391.10409999557305	True	False	loss	32	162.67245721817017	102891.0979772	1789672463033.9868	162.97746324539185	102891.4029787	1789672463338.993	163.36856734538742	102891.7940828	1789672463730.097	102892.0468988	164.25818872451782	102892.6844733	1789672464619.7183	102892.6844733	633.5627056063078	300.0	0.0	102728.4224295	1789672300361.5295	602.1213486194611	103330.5550401	1789672902482.8782
sub-10052	ses-1	run-01	0	65	1	3	20	22	1	23	1	23	left	right	2	356.13450000528246	False	True	win	31	165.26035618782043	102893.6859238	1789672465621.8857	165.56451845169067	102893.9900464	1789672465926.048	165.92065295169596	102894.3461809	1789672466282.1826	102894.5979746	166.86796188354492	102895.2943085	1789672467229.4915	102895.2943085	692.7218323548068	300.0	0.0	102728.4224295	1789672300361.5295	602.1213486194611	103330.5550401	1789672902482.8782
sub-10052	ses-1	run-01	0	66	1	3	21	22	1	23	1	23	left	right	1	496.5497000084724	True	True	win	31	167.8708300590515	102896.2964428	1789672468232.3596	168.17582726478577	102896.6014308	1789672468537.357	168.67237696479424	102897.09798050001	1789672469033.9067	102897.3514307	169.5547935962677	102897.981048	1789672469916.3232	102897.981048	625.7217078564007	300.0	0.0	102728.4224295	1789672300361.5295	602.1213486194611	103330.5550401	1789672902482.8782
sub-10052	ses-1	run-01	0	67	23	4	0	22	1	23	23	1	right	left	2	570.4641000047559	True	True	win	31	170.55690717697144	102898.9824754	1789672470918.4368	170.86190962791443	102899.2876204	1789672471223.4392	171.43237372791918	102899.85808450001	1789672471793.9033	102900.1124571	172.38287925720215	102900.8084981	1789672472744.409	102900.8084981	691.4800532592099	300.0	0.0	102728.4224295	1789672300361.5295	602.1213486194611	103330.5550401	1789672902482.8782
sub-10052	ses-1	run-01	0	68	23	4	1	22	1	23	23	1	right	left	2	462.6644999952987	True	True	win	31	173.38485980033875	102901.8105826	1789672473746.3894	173.6898558139801	102902.1155771	1789672474051.3855	174.1525203139754	102902.5782416	1789672474514.05	102902.8345811	175.08213639259338	102903.5085658	1789672475443.666	102903.5085658	670.5518002425619	300.0	0.0	102728.4224295	1789672300361.5295	602.1213486194611	103330.5550401	1789672902482.8782
sub-10052	ses-1	run-01	0	69	23	4	2	22	1	23	23	1	right	left	2	475.81740000168793	True	True	win	31	176.08406138420105	102904.5097226	1789672476445.591	176.3884642124176	102904.8142393	1789672476749.994	176.8642816124193	102905.2900567	1789672477225.8113	102905.5431513	177.66501760482788	102906.0913994	1789672478026.547	102906.0913994	544.8570861729834	300.0	0.0	102728.4224295	1789672300361.5295	602.1213486194611	103330.5550401	1789672902482.8782
sub-10052	ses-1	run-01	0	70	23	4	3	22	1	23	1	23	left	right	2	197.3745000141207	True	False	loss	32	178.66642689704895	102907.0922077	1789672479027.9565	178.97094178199768	102907.3966917	1789672479332.4714	179.1683162820118	102907.59406620002	1789672479529.846	102907.8497619	180.02982211112976	102908.456412	1789672480391.3518	102908.456412	602.8228100875207	300.0	0.0	102728.4224295	1789672300361.5295	602.1213486194611	103330.5550401	1789672902482.8782
sub-10052	ses-1	run-01	0	71	23	4	4	22	1	23	23	1	right	left	1	327.85499999590684	False	False	loss	32	181.03205704689026	102909.4579648	1789672481393.5867	181.3361852169037	102909.7621292	1789672481697.7148	181.6640402168996	102910.08998419999	1789672482025.5698	102910.3459478	182.55989789962769	102910.9866147	1789672482921.4275	102910.9866147	636.6001610934394	300.0	0.0	102728.4224295	1789672300361.5295	602.1213486194611	103330.5550401	1789672902482.8782
sub-10052	ses-1	run-01	0	72	23	4	5	22	1	23	23	1	right	left	2	204.70270000805613	True	True	win	31	183.56264185905457	102911.9884782	1789672483924.1714	183.86737298965454	102912.2933831	1789672484228.9026	184.0720756896626	102912.4980858	1789672484433.6052	102912.7513608	184.9127902984619	102913.3392463	1789672485274.3198	102913.3392463	583.7695636404112	300.0	0.0	102728.4224295	1789672300361.5295	602.1213486194611	103330.5550401	1789672902482.8782
sub-10052	ses-1	run-01	0	73	23	4	6	22	1	23	1	23	left	right	1	451.98709999385756	False	False	loss	32	185.91503620147705	102914.3409573	1789672486276.5657	186.21982598304749	102914.6460174	1789672486581.3555	186.67181308304134	102915.09800449999	1789672487033.3425	102915.3556414	187.57337832450867	102916.0001007	1789672487934.908	102916.0001007	640.7409284126887	300.0	0.0	102728.4224295	1789672300361.5295	602.1213486194611	103330.5550401	1789672902482.8782
sub-10052	ses-1	run-01	0	74	23	4	7	22	1	23	23	1	right	left	2	216.04679999290965	True	True	win	31	188.57600450515747	102917.0019122	1789672488937.5342	188.88000464439392	102917.3060186	1789672489241.5342	189.09605144438683	102917.52206539999	1789672489457.581	102917.7789015	190.01357293128967	102918.4400212	1789672490375.1025	102918.4400212	657.2642425741226	300.0	0.0	102728.4224295	1789672300361.5295	602.1213486194611	103330.5550401	1789672902482.8782
sub-10052	ses-1	run-01	0	75	23	4	8	22	1	23	1	23	left	right	2	488.79289999604225	True	False	loss	32	191.01474833488464	102919.4406834	1789672491376.2778	191.31837511062622	102919.7452553	1789672491679.9048	191.80716801062226	102920.2340482	1789672492168.6978	102920.4889279	192.62192606925964	102921.0486124	1789672492983.4556	102921.0486124	555.7574861465109	300.0	0.0	102728.4224295	1789672300361.5295	602.1213486194611	103330.5550401	1789672902482.8782
sub-10052	ses-1	run-01	0	76	23	4	9	22	1	23	1	23	left	right	2	359.7678000078304	True	False	loss	32	193.62321662902832	102922.0491996	1789672493984.7463	193.9282157421112	102922.3542695	1789672494289.7454	194.28798354211904	102922.71403730001	1789672494649.5132	102922.96743	195.13123154640198	102923.5579068	1789672495492.7612	102923.5579068	586.983198348279	300.0	0.0	102728.4224295	1789672300361.5295	602.1213486194611	103330.5550401	1789672902482.8782
sub-10052	ses-1	run-01	0	77	23	4	10	22	1	23	23	1	right	left	1	650.9312999987742	False	False	loss	32	196.13288855552673	102924.5590399	1789672496494.4182	196.43698072433472	102924.8630983	1789672496798.5103	197.0879120243335	102925.5140296	1789672497449.4417	102925.7671117	197.98139762878418	102926.4074214	1789672498342.9272	102926.4074214	636.5864289889199	300.0	0.0	102728.4224295	1789672300361.5295	602.1213486194611	103330.5550401	1789672902482.8782
sub-10052	ses-1	run-01	0	78	23	4	11	22	1	23	1	23	left	right	2	375.7062000076985	True	False	loss	32	198.98329377174377	102927.4095086	1789672499344.8232	199.28828930854797	102927.7144176	1789672499649.8188	199.66399550855567	102928.09012380001	1789672500025.5251	102928.3433716	200.4492609500885	102928.876227	1789672500810.7905	102928.876227	529.6021694529811	300.0	0.0	102728.4224295	1789672300361.5295	602.1213486194611	103330.5550401	1789672902482.8782
sub-10052	ses-1	run-01	0	79	23	4	12	22	1	23	23	1	right	left	2	195.28319999517407	True	False	loss	32	201.4517924785614	102929.8779153	1789672501813.322	201.75651788711548	102930.1828335	1789672502118.0474	201.95180108711065	102930.3781167	1789672502313.3306	102930.6297483	202.83949303627014	102931.2664888	1789672503201.0227	102931.2664888	632.0833626984979	300.0	0.0	102728.4224295	1789672300361.5295	602.1213486194611	103330.5550401	1789672902482.8782
sub-10052	ses-1	run-01	0	80	23	4	13	22	1	23	23	1	right	left	2	413.22060000675265	True	True	win	31	203.84147477149963	102932.2677676	1789672504203.0044	204.1464695930481	102932.5728469	1789672504507.9993	204.55969019305485	102932.98606750001	1789672504921.22	102933.2408266	205.3952510356903	102933.8222226	1789672505756.7805	102933.8222226	577.874099299154	300.0	0.0	102728.4224295	1789672300361.5295	602.1213486194611	103330.5550401	1789672902482.8782
sub-10052	ses-1	run-01	0	81	23	4	14	22	1	23	1	23	left	right	1	563.0900999967707	False	True	win	31	206.3967137336731	102934.8229532	1789672506758.2434	206.69970774650574	102935.1268501	1789672507061.2373	207.2627978465025	102935.6899402	1789672507624.3274	102935.9459506	208.13620376586914	102936.5631079	1789672508497.7334	102936.5631079	613.4251178992577	300.0	0.0	102728.4224295	1789672300361.5295	602.1213486194611	103330.5550401	1789672902482.8782
sub-10052	ses-1	run-01	0	82	23	4	15	22	1	23	1	23	left	right	2	324.3572000064887	True	True	win	31	209.13894534111023	102937.5652492	1789672509500.4749	209.4424548149109	102937.8696664	1789672509803.9844	209.76681201491738	102938.19402360001	1789672510128.3416	102938.4485412	210.59100723266602	102939.0180473	1789672510952.5369	102939.0180473	565.5808963127375	300.0	0.0	102728.4224295	1789672300361.5295	602.1213486194611	103330.5550401	1789672902482.8782
sub-10052	ses-1	run-01	0	83	23	4	16	22	1	23	23	1	right	left	1	294.77390000829473	False	False	loss	32	211.5928692817688	102940.0191921	1789672511954.399	211.89686393737793	102940.3232719	1789672512258.3936	212.19163783738622	102940.6180458	1789672512553.1675	102940.8711752	212.9991433620453	102941.4259308	1789672513360.6729	102941.4259308	551.4119953562644	300.0	0.0	102728.4224295	1789672300361.5295	602.1213486194611	103330.5550401	1789672902482.8782
sub-10052	ses-1	run-01	0	84	23	4	17	22	1	23	23	1	right	left	1	412.9940999991959	False	False	loss	32	214.00186371803284	102942.4282314	1789672514363.3933	214.30664110183716	102942.7330153	1789672514668.1707	214.71963520183635	102943.14600939999	1789672515081.1648	102943.4020194	215.56261920928955	102943.9890184	1789672515924.1487	102943.9890184	582.788052964178	300.0	0.0	102728.4224295	1789672300361.5295	602.1213486194611	103330.5550401	1789672902482.8782
sub-10052	ses-1	run-01	0	85	23	4	18	22	1	23	1	23	left	right	2	99.01130000071134	True	False	loss	32	216.5646026134491	102944.991125	1789672516926.1323	216.86863327026367	102945.2950431	1789672517230.1628	216.96764457026438	102945.3940544	1789672517329.174	102945.648038	217.8376076221466	102946.2647457	1789672518199.1372	102946.2647457	612.5484502526226	300.0	0.0	102728.4224295	1789672300361.5295	602.1213486194611	103330.5550401	1789672902482.8782
sub-10052	ses-1	run-01	0	86	23	4	19	22	1	23	1	23	left	right	1	1062.6225000014529	False	True	win	31	218.8396987915039	102947.2661543	1789672519201.2283	219.1446623802185	102947.5713528	1789672519506.192	220.20728488021996	102948.6339753	1789672520568.8145	102948.8880871	221.1287157535553	102949.5557948	1789672521490.2454	102949.5557948	664.7463818642836	300.0	0.0	102728.4224295	1789672300361.5295	602.1213486194611	103330.5550401	1789672902482.8782
sub-10052	ses-1	run-01	0	87	23	4	20	22	1	23	1	23	left	right	1	764.2549000011059	False	False	loss	32	222.13113498687744	102950.5577673	1789672522492.6646	222.4351246356964	102950.861742	1789672522796.6543	223.19937953569752	102951.6259969	1789672523560.9092	102951.8817422	224.14609003067017	102952.5726407	1789672524507.6196	102952.5726407	686.3345232792453	300.0	0.0	102728.4224295	1789672300361.5295	602.1213486194611	103330.5550401	1789672902482.8782
sub-10052	ses-1	run-01	0	88	23	4	21	22	1	23	1	23	left	right	1	379.3705999996746	False	True	win	31	225.14807629585266	102953.5747548	1789672525509.606	225.45206499099731	102953.8786545	1789672525813.5945	225.831435590997	102954.2580251	1789672526192.965	102954.511826	226.68052077293396	102955.1079831	1789672527042.0503	102955.1079831	592.059205215471	300.0	0.0	102728.4224295	1789672300361.5295	602.1213486194611	103330.5550401	1789672902482.8782
sub-10052	ses-1	run-01	0	89	1	5	0	22	1	23	23	1	right	left	2	989.7165000002133	False	False	loss	32	227.6815083026886	102956.1081353	1789672528043.0378	227.98551201820374	102956.4122653	1789672528347.0415	228.97522851820395	102957.4019818	1789672529336.758	102957.6572215	229.83627080917358	102958.2638065	1789672530197.8003	102958.2638065	602.9253636106222	300.0	0.0	102728.4224295	1789672300361.5295	602.1213486194611	103330.5550401	1789672902482.8782
sub-10052	ses-1	run-01	0	90	1	5	1	22	1	23	1	23	left	right	1	353.2543000037549	True	True	win	31	230.83791089057922	102959.2646419	1789672531199.4404	231.14190769195557	102959.5686909	1789672531503.4373	231.49516199195932	102959.92194520001	1789672531856.6917	102960.1776873	232.2918827533722	102960.7185612	1789672532653.4124	102960.7185612	536.9992487567666	300.0	0.0	102728.4224295	1789672300361.5295	602.1213486194611	103330.5550401	1789672902482.8782
sub-10052	ses-1	run-01	0	91	1	5	2	22	1	23	23	1	right	left	1	408.1966000085231	True	True	win	31	233.2939794063568	102961.72074	1789672533655.509	233.59899616241455	102962.025766	1789672533960.5256	234.00719276242307	102962.43396260001	1789672534368.7222	102962.6897052	234.8449547290802	102963.2725327	1789672535206.4844	102963.2725327	578.6063270579543	300.0	0.0	102728.4224295	1789672300361.5295	602.1213486194611	103330.5550401	1789672902482.8782
sub-10052	ses-1	run-01	0	92	1	5	3	22	1	23	1	23	left	right	2	407.1648999961326	False	False	loss	32	235.84693932533264	102964.273827	1789672536208.469	236.15194940567017	102964.5789081	1789672536513.479	236.5591143056663	102964.986073	1789672536920.6438	102965.2417016	237.49190521240234	102965.9196004	1789672537853.4348	102965.9196004	673.4234882242146	300.0	0.0	102728.4224295	1789672300361.5295	602.1213486194611	103330.5550401	1789672902482.8782
sub-10052	ses-1	run-01	0	93	1	5	4	22	1	23	23	1	right	left	1	448.12020000244956	True	True	win	31	238.49488282203674	102966.9217032	1789672538856.4124	238.7988817691803	102967.2257933	1789672539160.4114	239.24700196918275	102967.6739135	1789672539608.5315	102967.9286945	240.1718544960022	102968.5994858	1789672540533.384	102968.5994858	666.9096821495128	300.0	0.0	102728.4224295	1789672300361.5295	602.1213486194611	103330.5550401	1789672902482.8782
sub-10052	ses-1	run-01	0	94	1	5	5	22	1	23	23	1	right	left	1	320.1132999965921	True	False	loss	32	241.17383289337158	102969.6007845	1789672541535.3625	241.47884798049927	102969.9058883	1789672541840.3777	241.79896128049586	102970.2260016	1789672542160.491	102970.4796915	242.688805103302	102971.1165953	1789672543050.3347	102971.1165953	632.2159376524475	300.0	0.0	102728.4224295	1789672300361.5295	602.1213486194611	103330.5550401	1789672902482.8782
sub-10052	ses-1	run-01	0	95	1	5	6	22	1	23	1	23	left	right	2	346.1900999973295	False	True	win	31	243.6917860507965	102972.118717	1789672544053.3157	243.99678206443787	102972.4237466	1789672544358.3118	244.3429721644352	102972.7699367	1789672544704.502	102973.0227046	245.13876104354858	102973.5666126	1789672545500.2905	102973.5666126	539.5312043563705	300.0	0.0	102728.4224295	1789672300361.5295	602.1213486194611	103330.5550401	1789672902482.8782
sub-10052	ses-1	run-01	0	96	1	5	7	22	1	23	1	23	left	right	1	264.39480000408366	True	True	win	31	246.14174056053162	102974.568704	1789672546503.2703	246.44673585891724	102974.8736996	1789672546808.2654	246.71113065892132	102975.1380944	1789672547072.6602	102975.3917008	247.62471675872803	102976.0525423	1789672547986.2463	102976.0525423	656.4002972947227	300.0	0.0	102728.4224295	1789672300361.5295	602.1213486194611	103330.5550401	1789672902482.8782
sub-10052	ses-1	run-01	0	97	1	5	8	22	1	23	1	23	left	right	1	571.1687000002712	True	True	win	31	248.62669444084167	102977.0536805	1789672548988.224	248.9317090511322	102977.3587748	1789672549293.2385	249.50287775113247	102977.9299435	1789672549864.4072	102978.1836947	250.39459013938904	102978.8216172	1789672550756.1196	102978.8216172	633.7428254736493	300.0	0.0	102728.4224295	1789672300361.5295	602.1213486194611	103330.5550401	1789672902482.8782
sub-10052	ses-1	run-01	0	98	1	5	9	22	1	23	1	23	left	right	1	665.449100008118	True	True	win	31	251.39646077156067	102979.8235651	1789672551757.9905	251.70156121253967	102980.1286143	1789672552063.0908	252.3670103125478	102980.79406340001	1789672552728.54	102981.0475223	253.26142501831055	102981.6893513	1789672553622.9546	102981.6893513	637.1735686718264	300.0	0.0	102728.4224295	1789672300361.5295	602.1213486194611	103330.5550401	1789672902482.8782
sub-10052	ses-1	run-01	0	99	1	5	10	22	1	23	1	23	left	right	1	630.1356000039959	True	True	win	31	254.26357984542847	102982.6906878	1789672554625.1094	254.5685784816742	102982.995782	1789672554930.1082	255.1987140816782	102983.6259176	1789672555560.2437	102983.8806826	256.05854177474976	102984.485691	1789672556420.0713	102984.485691	600.6270792167934	300.0	0.0	102728.4224295	1789672300361.5295	602.1213486194611	103330.5550401	1789672902482.8782
sub-10052	ses-1	run-01	0	100	1	5	11	22	1	23	23	1	right	left	1	456.1894000071334	True	True	win	31	257.0615203380585	102985.4886996	1789672557423.0498	257.3666205406189	102985.7938205	1789672557728.1501	257.82280994062603	102986.2500099	1789672558184.3396	102986.501675	258.7241258621216	102987.1512873	1789672559085.6555	102987.1512873	645.509496869708	300.0	0.0	102728.4224295	1789672300361.5295	602.1213486194611	103330.5550401	1789672902482.8782
sub-10052	ses-1	run-01	0	101	1	5	12	22	1	23	23	1	right	left	2	535.4827999981353	False	True	win	31	259.72617173194885	102988.1534275	1789672560087.7014	260.0311760902405	102988.458516	1789672560392.7056	260.5666588902386	102988.9939988	1789672560928.1885	102989.2484402	261.48320508003235	102989.9113751	1789672561844.7346	102989.9113751	658.9627000122531	300.0	0.0	102728.4224295	1789672300361.5295	602.1213486194611	103330.5550401	1789672902482.8782
sub-10052	ses-1	run-01	0	102	1	5	13	22	1	23	1	23	left	right	1	447.25180001114495	True	True	win	31	262.48618721961975	102990.9135331	1789672562847.7168	262.7911813259125	102991.2187286	1789672563152.711	263.2384331259236	102991.66598040001	1789672563599.9626	102991.9234558	264.14015769958496	102992.5683565	1789672564501.6873	102992.5683565	640.3950963777213	300.0	0.0	102728.4224295	1789672300361.5295	602.1213486194611	103330.5550401	1789672902482.8782
sub-10052	ses-1	run-01	0	103	1	5	14	22	1	23	1	23	left	right	2	335.7625999924494	False	False	loss	32	265.1427125930786	102993.5700415	1789672565504.2422	265.4460196495056	102993.8742613	1789672565807.5493	265.78178224949806	102994.2100239	1789672566143.312	102994.4633492	266.6659936904907	102995.0942547	1789672567027.5232	102995.0942547	626.4251486126948	300.0	0.0	102728.4224295	1789672300361.5295	602.1213486194611	103330.5550401	1789672902482.8782
sub-10052	ses-1	run-01	0	104	1	5	15	22	1	23	23	1	right	left	1	368.78650001017377	True	True	win	31	267.6689751148224	102996.0963476	1789672568030.5046	267.973970413208	102996.4012981	1789672568335.5	268.3427569132182	102996.77008460001	1789672568704.2866	102997.0253584	269.1394844055176	102997.566819	1789672569501.014	102997.566819	537.4268070754439	300.0	0.0	102728.4224295	1789672300361.5295	602.1213486194611	103330.5550401	1789672902482.8782
sub-10052	ses-1	run-01	0	105	1	5	16	22	1	23	23	1	right	left	2	520.7174999959534	False	False	loss	32	270.14147210121155	102998.5689887	1789672570503.0017	270.44586062431335	102998.8733014	1789672570807.3901	270.9665781243093	102999.3940189	1789672571328.1077	102999.6472729	271.8605811595917	103000.2889562	1789672572222.1108	103000.2889562	637.4654192310711	300.0	0.0	102728.4224295	1789672300361.5295	602.1213486194611	103330.5550401	1789672902482.8782
sub-10052	ses-1	run-01	0	106	1	5	17	22	1	23	1	23	left	right	2	430.01780001213774	False	False	loss	32	272.863569021225	103001.2911354	1789672573225.0986	273.16755533218384	103001.5959489	1789672573529.085	273.597573132196	103002.0259667	1789672573959.1028	103002.2791013	274.46660709381104	103002.8949903	1789672574828.1367	103002.8949903	611.8581666941753	300.0	0.0	102728.4224295	1789672300361.5295	602.1213486194611	103330.5550401	1789672902482.8782
sub-10052	ses-1	run-01	0	107	1	5	18	22	1	23	23	1	right	left	1	791.9823999982327	True	True	win	31	275.4692282676697	103003.8968486	1789672575830.7578	275.7742955684662	103004.2019978	1789672576135.8252	276.5662779684644	103004.9939802	1789672576927.8076	103005.2476381	277.4740424156189	103005.9023748	1789672577835.572	103005.9023748	650.1443845356645	300.0	0.0	102728.4224295	1789672300361.5295	602.1213486194611	103330.5550401	1789672902482.8782
sub-10052	ses-1	run-01	0	108	1	5	19	22	1	23	1	23	left	right	2	488.64310000499245	False	False	loss	32	278.47680139541626	103006.9044279	1789672578838.331	278.78191590309143	103007.2094581	1789672579143.4456	279.2705590030964	103007.6981012	1789672579632.0886	103007.952368	280.08177518844604	103008.5098713	1789672580443.3047	103008.5098713	553.5356863675332	300.0	0.0	102728.4224295	1789672300361.5295	602.1213486194611	103330.5550401	1789672902482.8782
sub-10052	ses-1	run-01	0	109	1	5	20	22	1	23	23	1	right	left	2	417.13679999520537	False	False	loss	32	281.0840992927551	103009.5117319	1789672581445.629	281.3890950679779	103009.8169204	1789672581750.6248	281.8062318679731	103010.2340572	1789672582167.7615	103010.490814	282.73233342170715	103011.1608763	1789672583093.863	103011.1608763	666.0689589328441	300.0	0.0	102728.4224295	1789672300361.5295	602.1213486194611	103330.5550401	1789672902482.8782
sub-10052	ses-1	run-01	0	110	1	5	21	22	1	23	1	23	left	right	1	348.99050000240095	True	True	win	31	283.7362735271454	103012.1640067	1789672584097.8032	284.04119634628296	103012.4690156	1789672584402.7258	284.39018684628536	103012.8180061	1789672584751.7163	103013.0728738	285.1951847076416	103013.622902	1789672585556.7144	103013.622902	545.4143237809767	300.0	0.0	102728.4224295	1789672300361.5295	602.1213486194611	103330.5550401	1789672902482.8782
sub-10052	ses-1	run-01	0	111	23	6	0	22	1	23	1	23	left	right	1	560.8554999926127	False	False	loss	32	286.1971492767334	103014.6250168	1789672586558.679	286.501149892807	103014.9291024	1789672586862.6794	287.0620053927996	103015.48995789999	1789672587423.535	103015.7428721	287.90711784362793	103016.3348034	1789672588268.6475	103016.3348034	587.666238200219	300.0	0.0	102728.4224295	1789672300361.5295	602.1213486194611	103330.5550401	1789672902482.8782
sub-10052	ses-1	run-01	0	112	23	6	1	22	1	23	23	1	right	left	1	409.0771000046516	False	True	win	31	288.90810441970825	103017.3359752	1789672589269.634	289.2131106853485	103017.641072	1789672589574.6404	289.62218778535316	103018.0501491	1789672589983.7175	103018.3038647	290.56222009658813	103018.9908757	1789672590923.7498	103018.9908757	683.623426194944	300.0	0.0	102728.4224295	1789672300361.5295	602.1213486194611	103330.5550401	1789672902482.8782
sub-10052	ses-1	run-01	0	113	23	6	2	22	1	23	1	23	left	right	2	359.8863000079291	True	True	win	31	291.56519746780396	103019.9930192	1789672591926.727	291.8702006340027	103020.298092	1789672592231.7302	292.2300869340106	103020.6579783	1789672592591.6165	103020.911999	293.07217359542847	103021.5008614	1789672593433.7031	103021.5008614	584.2340606697248	300.0	0.0	102728.4224295	1789672300361.5295	602.1213486194611	103330.5550401	1789672902482.8782
sub-10052	ses-1	run-01	0	114	23	6	3	22	1	23	1	23	left	right	1	418.96660000202246	False	False	loss	32	294.07415676116943	103022.502006	1789672594435.6863	294.37914633750916	103022.8069964	1789672594740.676	294.7981129375112	103023.225963	1789672595159.6426	103023.481005	295.6851210594177	103024.1138378	1789672596046.6506	103024.1138378	628.3058801494851	300.0	0.0	102728.4224295	1789672300361.5295	602.1213486194611	103330.5550401	1789672902482.8782
sub-10052	ses-1	run-01	0	115	23	6	4	22	1	23	23	1	right	left	2	269.87499999813735	True	False	loss	32	296.6871078014374	103025.1150219	1789672597048.6375	296.9921154975891	103025.4201764	1789672597353.645	297.26199049758725	103025.6900514	1789672597623.52	103025.943996	298.06615138053894	103026.4944361	1789672598427.681	103026.4944361	546.2449092018555	300.0	0.0	102728.4224295	1789672300361.5295	602.1213486194611	103330.5550401	1789672902482.8782
sub-10052	ses-1	run-01	0	116	23	6	5	22	1	23	1	23	left	right	2	264.54289999674074	True	False	loss	32	299.06838965415955	103027.4963382	1789672599429.9192	299.37340450286865	103027.801376	1789672599734.934	299.6379474028654	103028.0659189	1789672599999.477	103028.3203217	300.43936228752136	103028.8680116	1789672600800.8918	103028.8680116	543.385636344703	300.0	0.0	102728.4224295	1789672300361.5295	602.1213486194611	103330.5550401	1789672902482.8782
sub-10052	ses-1	run-01	0	117	23	6	6	22	1	23	23	1	right	left	1	301.4729999995325	False	False	loss	32	301.44034218788147	103029.8683469	1789672601801.8718	301.74444222450256	103030.1724692	1789672602105.972	302.0459152245021	103030.4739422	1789672602407.4448	103030.7313296	302.8613133430481	103031.2901004	1789672603222.843	103031.2901004	554.5457843583796	300.0	0.0	102728.4224295	1789672300361.5295	602.1213486194611	103330.5550401	1789672902482.8782
sub-10052	ses-1	run-01	0	118	23	6	7	22	1	23	23	1	right	left	1	262.4434999888763	False	True	win	31	303.8633077144623	103032.2913492	1789672604224.8374	304.1675295829773	103032.5956371	1789672604529.059	304.42997308296617	103032.8580806	1789672604791.5027	103033.1145599	305.3785021305084	103033.8074568	1789672605740.0317	103033.8074568	688.9106454224407	300.0	0.0	102728.4224295	1789672300361.5295	602.1213486194611	103330.5550401	1789672902482.8782
sub-10052	ses-1	run-01	0	119	23	6	8	22	1	23	23	1	right	left	1	391.7293999984395	False	False	loss	32	306.38101148605347	103034.8090687	1789672606742.541	306.6860065460205	103035.114202	1789672607047.5361	307.07773594601895	103035.5059314	1789672607439.2656	103035.7630767	308.02617359161377	103036.4548964	1789672608387.7031	103036.4548964	687.7678616250696	300.0	0.0	102728.4224295	1789672300361.5295	602.1213486194611	103330.5550401	1789672902482.8782
sub-10052	ses-1	run-01	0	120	23	6	9	22	1	23	1	23	left	right	1	305.2906999946572	False	False	loss	32	309.02846813201904	103037.4565894	1789672609389.9978	309.3324933052063	103037.7607389	1789672609694.023	309.63778400520096	103038.0660296	1789672609999.3137	103038.3196244	310.4192314147949	103038.848196	1789672610780.761	103038.848196	524.4752731258782	300.0	0.0	102728.4224295	1789672300361.5295	602.1213486194611	103330.5550401	1789672902482.8782
sub-10052	ses-1	run-01	0	121	23	6	10	22	1	23	23	1	right	left	2	287.3683999932837	True	True	win	31	311.42121267318726	103039.8494341	1789672611782.7422	311.7262179851532	103040.1545417	1789672612087.7476	312.0135863851465	103040.4419101	1789672612375.116	103040.69839	312.9471843242645	103041.3762193	1789672613308.7139	103041.3762193	674.95972768042	300.0	0.0	102728.4224295	1789672300361.5295	602.1213486194611	103330.5550401	1789672902482.8782
sub-10052	ses-1	run-01	0	122	23	6	11	22	1	23	23	1	right	left	2	448.47990000562277	True	True	win	31	313.9481658935547	103042.3764101	1789672614309.6956	314.25318217277527	103042.6815974	1789672614614.7117	314.7016620727809	103043.13007730001	1789672615063.1917	103043.3853945	315.5083930492401	103043.9372944	1789672615869.9226	103043.9372944	547.6765011120583	300.0	0.0	102728.4224295	1789672300361.5295	602.1213486194611	103330.5550401	1789672902482.8782
sub-10052	ses-1	run-01	0	123	23	6	12	22	1	23	1	23	left	right	2	517.3733999981778	True	True	win	31	316.51111817359924	103044.9393991	1789672616872.6477	316.81621527671814	103045.2445371	1789672617177.7449	317.3335886767163	103045.7619105	1789672617695.1182	103046.0193849	318.13358545303345	103046.5627025	1789672618495.115	103046.5627025	539.8839278883	300.0	0.0	102728.4224295	1789672300361.5295	602.1213486194611	103330.5550401	1789672902482.8782
sub-10052	ses-1	run-01	0	124	23	6	13	22	1	23	23	1	right	left	2	366.15899999742396	True	True	win	31	319.13457107543945	103047.5629564	1789672619496.1006	319.439581155777	103047.8679639	1789672619801.1108	319.8057401557744	103048.2341229	1789672620167.2698	103048.4868816	320.70453572273254	103049.1337224	1789672621066.0654	103049.1337224	642.6760390612397	300.0	0.0	102728.4224295	1789672300361.5295	602.1213486194611	103330.5550401	1789672902482.8782
sub-10052	ses-1	run-01	0	125	23	6	14	22	1	23	1	23	left	right	2	434.1370000038296	True	True	win	31	321.7065227031708	103050.1348971	1789672622068.0522	322.0115125179291	103050.4398705	1789672622373.042	322.4456495179329	103050.87400750001	1789672622807.179	103051.1289013	323.25049328804016	103051.6791835	1789672623612.023	103051.6791835	546.7778986533059	300.0	0.0	102728.4224295	1789672300361.5295	602.1213486194611	103330.5550401	1789672902482.8782
sub-10052	ses-1	run-01	0	126	23	6	15	22	1	23	23	1	right	left	2	377.0634000102291	True	True	win	31	324.25247144699097	103052.6808746	1789672624614.001	324.55648255348206	103052.9849174	1789672624918.0122	324.9335459534923	103053.36198080001	1789672625295.0757	103053.6189084	325.78744173049927	103054.2166638	1789672626148.9714	103054.2166638	593.6465111990482	300.0	0.0	102728.4224295	1789672300361.5295	602.1213486194611	103330.5550401	1789672902482.8782
sub-10052	ses-1	run-01	0	127	23	6	16	22	1	23	23	1	right	left	2	454.9970999942161	True	True	win	31	326.7894284725189	103055.2179178	1789672627150.958	327.0945029258728	103055.5230711	1789672627456.0325	327.549500025867	103055.9780682	1789672627911.0295	103056.2309149	328.3184003829956	103056.7476508	1789672628679.93	103056.7476508	512.8350178623652	300.0	0.0	102728.4224295	1789672300361.5295	602.1213486194611	103330.5550401	1789672902482.8782
sub-10052	ses-1	run-01	0	128	23	6	17	22	1	23	1	23	left	right	2	515.0448000058532	True	True	win	31	329.3213813304901	103057.749918	1789672629682.911	329.6263818740845	103058.0549322	1789672629987.9114	330.1414266740903	103058.569977	1789672630502.9563	103058.8239147	331.03968930244446	103059.4691225	1789672631401.219	103059.4691225	641.4043360042367	300.0	0.0	102728.4224295	1789672300361.5295	602.1213486194611	103330.5550401	1789672902482.8782
sub-10052	ses-1	run-01	0	129	23	6	18	22	1	23	23	1	right	left	2	554.5896999974502	True	True	win	31	332.04167342185974	103060.4703507	1789672632403.2031	332.3467471599579	103060.7753606	1789672632708.2769	332.90133685995534	103061.3299503	1789672633262.8665	103061.5853367	333.76797461509705	103062.1971607	1789672634129.5042	103062.1971607	607.5019989729991	300.0	0.0	102728.4224295	1789672300361.5295	602.1213486194611	103330.5550401	1789672902482.8782
sub-10052	ses-1	run-01	0	130	23	6	19	22	1	23	23	1	right	left	2	361.5515999990748	True	True	win	31	334.77062129974365	103063.1993402	1789672635132.151	335.0756883621216	103063.5044085	1789672635437.218	335.43723996212066	103063.8659601	1789672635798.7695	103064.1232078	336.33384370803833	103064.7631516	1789672636695.3733	103064.7631516	635.7923194663231	300.0	0.0	102728.4224295	1789672300361.5295	602.1213486194611	103330.5550401	1789672902482.8782
sub-10052	ses-1	run-01	0	131	23	6	20	22	1	23	1	23	left	right	2	435.078100010287	True	True	win	31	337.33743715286255	103065.766135	1789672637698.9668	337.6424252986908	103066.0710918	1789672638003.9548	338.0775033987011	103066.5061699	1789672638439.033	103066.7601147	338.84740686416626	103067.276809	1789672639208.9365	103067.276809	512.2998154576954	300.0	0.0	102728.4224295	1789672300361.5295	602.1213486194611	103330.5550401	1789672902482.8782
sub-10052	ses-1	run-01	0	132	23	6	21	22	1	23	23	1	right	left	2	482.99109999788925	True	True	win	31	339.8493916988373	103068.2781023	1789672640210.9214	340.15437936782837	103068.5830708	1789672640515.909	340.63737046782626	103069.0660619	1789672640998.9001	103069.3220847	341.5553526878357	103069.984916	1789672641916.8823	103069.984916	659.6542424789131	300.0	0.0	102728.4224295	1789672300361.5295	602.1213486194611	103330.5550401	1789672902482.8782
sub-10052	ses-1	run-01	0	133	1	7	0	24	1	23	1	23	left	right	2	447.0780999981798	False	False	loss	32	342.5573399066925	103070.986102	1789672642918.8694	342.86132884025574	103071.2910225	1789672643222.8584	343.3084069402539	103071.73810059999	1789672643669.9365	103071.9940921	344.2683057785034	103072.6979375	1789672644629.8354	103072.6979375	699.0543528478352	300.0	0.0	102728.4224295	1789672300361.5295	602.1213486194611	103330.5550401	1789672902482.8782
sub-10052	ses-1	run-01	0	134	1	7	1	24	1	23	23	1	right	left	2	622.7764999930514	False	False	loss	32	345.2702889442444	103073.6990989	1789672645631.8186	345.57427859306335	103074.0030743	1789672645935.808	346.1970550930564	103074.62585079999	1789672646558.5847	103074.8820885	347.0525178909302	103075.4818858	1789672647414.0474	103075.4818858	595.3680353504609	300.0	0.0	102728.4224295	1789672300361.5295	602.1213486194611	103330.5550401	1789672902482.8782
sub-10052	ses-1	run-01	0	135	1	7	2	24	1	23	1	23	left	right	1	533.855500005302	True	True	win	31	348.05523705482483	103076.4841015	1789672648416.7666	348.3592269420624	103076.7880953	1789672648720.7566	348.8930824420677	103077.3219508	1789672649254.612	103077.5780897	349.7592034339905	103078.1888085	1789672650120.733	103078.1888085	606.9350731140341	300.0	0.0	102728.4224295	1789672300361.5295	602.1213486194611	103330.5550401	1789672902482.8782
sub-10052	ses-1	run-01	0	136	1	7	3	24	1	23	23	1	right	left	1	363.2528000016464	True	True	win	31	350.76119780540466	103079.1901033	1789672651122.7273	351.0659770965576	103079.4948679	1789672651427.5066	351.42922989655926	103079.8581207	1789672651790.7593	103080.1128818	352.26496052742004	103080.6939312	1789672652626.4902	103080.6939312	576.6212959706389	300.0	0.0	102728.4224295	1789672300361.5295	602.1213486194611	103330.5550401	1789672902482.8782
sub-10052	ses-1	run-01	0	137	1	7	4	24	1	23	23	1	right	left	1	474.32360000675544	True	True	win	31	353.2666697502136	103081.6960806	1789672653628.1992	353.5707440376282	103081.9997724	1789672653932.2737	354.04506763763493	103082.474096	1789672654406.5972	103082.7277074	354.9436333179474	103083.3734026	1789672655305.1628	103083.3734026	641.3465049219013	300.0	0.0	102728.4224295	1789672300361.5295	602.1213486194611	103330.5550401	1789672902482.8782
sub-10052	ses-1	run-01	0	138	1	7	5	24	1	23	1	23	left	right	1	539.145799994003	True	True	win	31	355.9456205368042	103084.3747128	1789672656307.1501	356.24960923194885	103084.6787393	1789672656611.139	356.78875503194286	103085.21788509999	1789672657150.2847	103085.4737288	357.6515827178955	103086.0815414	1789672658013.1123	103086.0815414	603.6918009762621	300.0	0.0	102728.4224295	1789672300361.5295	602.1213486194611	103330.5550401	1789672902482.8782
sub-10052	ses-1	run-01	0	139	1	7	6	24	1	23	1	23	left	right	1	518.1231000024127	True	True	win	31	358.6545696258545	103087.0836361	1789672659016.099	358.95855927467346	103087.3877345	1789672659320.0889	359.4766823746759	103087.9058576	1789672659838.212	103088.1626199	360.2935335636139	103088.7235362	1789672660655.0632	103088.7235362	556.0038492140935	300.0	0.0	102728.4224295	1789672300361.5295	602.1213486194611	103330.5550401	1789672902482.8782
sub-10052	ses-1	run-01	0	140	1	7	7	24	1	23	23	1	right	left	1	474.18339998694137	True	True	win	31	361.2975227832794	103089.726741	1789672661659.0525	361.6026313304901	103090.0318238	1789672661964.161	362.07681473047705	103090.50600719999	1789672662438.3442	103090.7606448	362.857488155365	103091.2874033	1789672663219.0178	103091.2874033	522.5330478011568	300.0	0.0	102728.4224295	1789672300361.5295	602.1213486194611	103330.5550401	1789672902482.8782
sub-10052	ses-1	run-01	0	141	1	7	8	24	1	23	23	1	right	left	2	369.4634999992559	False	False	loss	32	363.859472990036	103092.2887724	1789672664221.0027	364.1624617576599	103092.592514	1789672664523.9915	364.53192525765917	103092.9619775	1789672664893.4548	103093.2166241	365.45426321029663	103093.8842346	1789672665815.7927	103093.8842346	663.910469128118	300.0	0.0	102728.4224295	1789672300361.5295	602.1213486194611	103330.5550401	1789672902482.8782
sub-10052	ses-1	run-01	0	142	1	7	9	24	1	23	23	1	right	left	1	348.5133000067435	True	True	win	31	366.45524406433105	103094.8844575	1789672666816.7737	366.75924038887024	103095.1893775	1789672667120.77	367.107753688877	103095.53789080001	1789672667469.2832	103095.7934461	367.9542179107666	103096.3843909	1789672668315.7476	103096.3843909	586.485583694993	300.0	0.0	102728.4224295	1789672300361.5295	602.1213486194611	103330.5550401	1789672902482.8782
sub-10052	ses-1	run-01	0	143	1	7	10	24	1	23	1	23	left	right	1	526.4973000012105	True	False	loss	32	368.9581961631775	103097.3874556	1789672669319.7258	369.26219749450684	103097.6915877	1789672669623.727	369.78869479450805	103098.218085	1789672670150.2244	103098.4704974	370.6071662902832	103099.0373713	1789672670968.6958	103099.0373713	562.8911994713662	300.0	0.0	102728.4224295	1789672300361.5295	602.1213486194611	103330.5550401	1789672902482.8782
sub-10052	ses-1	run-01	0	144	1	7	11	24	1	23	1	23	left	right	2	817.6507000025595	False	False	loss	32	371.61015152931213	103100.0394267	1789672671971.6812	371.91479444503784	103100.3441976	1789672672276.324	372.7324451450404	103101.1618483	1789672673093.9746	103101.4146095	373.501202583313	103101.9311943	1789672673862.7322	103101.9311943	512.3821638700325	300.0	0.0	102728.4224295	1789672300361.5295	602.1213486194611	103330.5550401	1789672902482.8782
sub-10052	ses-1	run-01	0	145	1	7	12	24	1	23	23	1	right	left	2	588.9019000023836	False	False	loss	32	374.5031359195709	103102.9324816	1789672674864.6655	374.8077540397644	103103.2373089	1789672675169.2837	375.3966559397668	103103.8262108	1789672675758.1855	103104.0809609	376.30723333358765	103104.7372089	1789672676668.763	103104.7372089	652.089114019785	300.0	0.0	102728.4224295	1789672300361.5295	602.1213486194611	103330.5550401	1789672902482.8782
sub-10052	ses-1	run-01	0	146	1	7	13	24	1	23	1	23	left	right	1	375.36700000055134	True	True	win	31	377.30905771255493	103105.7384805	1789672677670.5874	377.61305260658264	103106.0425719	1789672677974.5823	377.9884196065832	103106.4179389	1789672678349.9492	103106.6718418	378.7844054698944	103107.2144116	1789672679145.935	103107.2144116	538.4772712210315	300.0	0.0	102728.4224295	1789672300361.5295	602.1213486194611	103330.5550401	1789672902482.8782
sub-10052	ses-1	run-01	0	147	1	7	14	24	1	23	23	1	right	left	1	354.7465000010561	True	True	win	31	379.78647446632385	103108.2159356	1789672680148.0042	380.0897567272186	103108.5191734	1789672680451.2864	380.4445032272197	103108.8739199	1789672680806.033	103109.1272285	381.3394229412079	103109.7695103	1789672681700.9526	103109.7695103	638.4097706846769	300.0	0.0	102728.4224295	1789672300361.5295	602.1213486194611	103330.5550401	1789672902482.8782
sub-10052	ses-1	run-01	0	148	1	7	15	24	1	23	23	1	right	left	1	462.665900005959	True	True	win	31	382.34159421920776	103110.771095	1789672682703.1238	382.64575695991516	103111.0752186	1789672683007.2866	383.1084228599211	103111.53788450001	1789672683469.9526	103111.7942558	383.9182596206665	103112.3486444	1789672684279.7893	103112.3486444	550.4466120421441	300.0	0.0	102728.4224295	1789672300361.5295	602.1213486194611	103330.5550401	1789672902482.8782
sub-10052	ses-1	run-01	0	149	1	7	16	24	1	23	23	1	right	left	1	348.4107000112999	True	True	win	31	384.9198143482208	103113.3493674	1789672685281.344	385.2239148616791	103113.6534937	1789672685585.4443	385.5723255616904	103114.00190440001	1789672685933.855	103114.2568551	386.4459443092346	103114.8760668	1789672686807.4739	103114.8760668	615.3727355114613	300.0	0.0	102728.4224295	1789672300361.5295	602.1213486194611	103330.5550401	1789672902482.8782
sub-10052	ses-1	run-01	0	150	1	7	17	24	1	23	23	1	right	left	1	491.8418000015663	True	True	win	31	387.44734597206116	103115.8770115	1789672687808.8755	387.7524628639221	103116.1821224	1789672688113.9924	388.2443046639237	103116.6739642	1789672688605.8342	103116.9269469	389.0630145072937	103117.4930602	1789672689424.5442	103117.4930602	562.3836897699543	300.0	0.0	102728.4224295	1789672300361.5295	602.1213486194611	103330.5550401	1789672902482.8782
sub-10052	ses-1	run-01	0	151	1	7	18	24	1	23	1	23	left	right	1	738.6075999966124	True	False	loss	32	390.0654249191284	103118.4952334	1789672690426.9546	390.3694279193878	103118.7992757	1789672690730.9575	391.10803551938443	103119.5378833	1789672691469.5652	103119.7951365	392.05245327949524	103120.4828355	1789672692413.983	103120.4828355	683.155810571709	300.0	0.0	102728.4224295	1789672300361.5295	602.1213486194611	103330.5550401	1789672902482.8782
sub-10052	ses-1	run-01	0	152	1	7	19	24	1	23	1	23	left	right	2	357.59719999623485	False	True	win	31	393.053719997406	103121.4834454	1789672693415.2495	393.3587236404419	103121.7885235	1789672693720.2532	393.71632084043813	103122.1461207	1789672694077.8503	103122.4025345	394.5987193584442	103123.0291986	1789672694960.249	103123.0291986	623.0482955709081	300.0	0.0	102728.4224295	1789672300361.5295	602.1213486194611	103330.5550401	1789672902482.8782
sub-10052	ses-1	run-01	0	153	1	7	20	24	1	23	23	1	right	left	2	602.985899997293	False	True	win	31	395.6010093688965	103124.0307451	1789672695962.539	395.90500593185425	103124.3348904	1789672696266.5354	396.50799183185154	103124.9378763	1789672696869.5212	103125.1937563	397.2674744129181	103125.6978757	1789672697629.004	103125.6978757	500.4594378186512	300.0	0.0	102728.4224295	1789672300361.5295	602.1213486194611	103330.5550401	1789672902482.8782
sub-10052	ses-1	run-01	0	154	1	7	21	24	1	23	1	23	left	right	2	518.0431999906432	False	True	win	31	398.26952481269836	103126.6992867	1789672698631.0544	398.5739941596985	103127.0038033	1789672698935.5237	399.09203735968913	103127.52184649999	1789672699453.567	103127.7772222	399.98359274864197	103128.413535	1789672700345.1223	103128.413535	632.1219872354758	300.0	0.0	102728.4224295	1789672300361.5295	602.1213486194611	103330.5550401	1789672902482.8782
sub-10052	ses-1	run-01	0	155	1	7	22	24	1	23	1	23	left	right	1	745.3884999995353	True	False	loss	32	400.98572397232056	103129.4159686	1789672701347.2537	401.2906539440155	103129.7206294	1789672701652.1836	402.03604244401504	103130.4660179	1789672702397.572	103130.7206131	402.98751068115234	103131.4173848	1789672703349.0403	103131.4173848	692.0228587522975	300.0	0.0	102728.4224295	1789672300361.5295	602.1213486194611	103330.5550401	1789672902482.8782
sub-10052	ses-1	run-01	0	156	1	7	23	24	1	23	1	23	left	right	2	526.6867999889655	False	True	win	31	403.9886620044708	103132.4188701	1789672704350.1917	404.29306173324585	103132.7232048	1789672704654.5913	404.8197485332348	103133.24989159999	1789672705181.278	103133.5023075	405.77250719070435	103134.2025694	1789672706134.0369	103134.2025694	696.9494147324745	300.0	0.0	102728.4224295	1789672300361.5295	602.1213486194611	103330.5550401	1789672902482.8782
sub-10052	ses-1	run-01	0	157	23	8	0	24	1	23	23	1	right	left	2	540.891399999964	True	False	loss	32	406.7731897830963	103135.2039614	1789672707134.7195	407.07887077331543	103135.508923	1789672707440.4004	407.6197621733154	103136.0498144	1789672707981.2917	103136.3018735	408.5116055011749	103136.9420814	1789672708873.135	103136.9420814	636.2841850996568	300.0	0.0	102728.4224295	1789672300361.5295	602.1213486194611	103330.5550401	1789672902482.8782
sub-10052	ses-1	run-01	0	158	23	8	1	24	1	23	1	23	left	right	1	738.1008000083966	False	False	loss	32	409.5135793685913	103137.9437867	1789672709875.109	409.8176341056824	103138.2477276	1789672710179.1636	410.55573490569077	103138.98582840001	1789672710917.2644	103139.2422847	411.5055425167084	103139.9356884	1789672711867.072	103139.9356884	689.6490141922136	300.0	0.0	102728.4224295	1789672300361.5295	602.1213486194611	103330.5550401	1789672902482.8782
sub-10052	ses-1	run-01	0	159	23	8	2	24	1	23	1	23	left	right	2	399.9400000029709	True	True	win	31	412.5065929889679	103140.9372012	1789672712868.1226	412.81173300743103	103141.2420213	1789672713173.2627	413.211673007434	103141.6419613	1789672713573.2026	103141.8954588	414.14389300346375	103142.5741805	1789672714505.4226	103142.5741805	674.7291489552379	300.0	0.0	102728.4224295	1789672300361.5295	602.1213486194611	103330.5550401	1789672902482.8782
sub-10052	ses-1	run-01	0	160	23	8	3	24	1	23	1	23	left	right	2	377.39829999918584	True	True	win	31	415.1460225582123	103143.5762282	1789672715507.5522	415.4502444267273	103143.8804465	1789672715811.774	415.8276427267265	103144.2578448	1789672716189.172	103144.5146358	416.75683212280273	103145.1878581	1789672717118.3618	103145.1878581	669.4726264929727	300.0	0.0	102728.4224295	1789672300361.5295	602.1213486194611	103330.5550401	1789672902482.8782
sub-10052	ses-1	run-01	0	161	23	8	4	24	1	23	23	1	right	left	2	523.4631999919657	True	True	win	31	417.7594816684723	103146.1897377	1789672718121.0112	418.0640561580658	103146.4943409	1789672718425.5857	418.58751935805776	103147.01780409999	1789672718949.0488	103147.2730892	419.46528124809265	103147.8955837	1789672719826.8108	103147.8955837	617.6814992920459	300.0	0.0	102728.4224295	1789672300361.5295	602.1213486194611	103330.5550401	1789672902482.8782
sub-10052	ses-1	run-01	0	162	23	8	5	24	1	23	23	1	right	left	2	600.2607999980683	True	True	win	31	420.4665729999542	103148.8972911	1789672720828.1025	420.7711935043335	103149.2015229	1789672721132.7231	421.37145430433156	103149.8017837	1789672721732.984	103150.0561714	422.14417481422424	103150.5745569	1789672722505.7043	103150.5745569	514.5091498641399	300.0	0.0	102728.4224295	1789672300361.5295	602.1213486194611	103330.5550401	1789672902482.8782
sub-10052	ses-1	run-01	0	163	23	8	6	24	1	23	1	23	left	right	2	673.4508000081405	True	False	loss	32	423.144727230072	103151.5759125	1789672723506.2568	423.44991850852966	103151.8803225	1789672723811.448	424.1233693085378	103152.55377330001	1789672724484.8987	103152.8103825	424.9067144393921	103153.3370657	1789672725268.2441	103153.3370657	522.1432436615698	300.0	0.0	102728.4224295	1789672300361.5295	602.1213486194611	103330.5550401	1789672902482.8782
sub-10052	ses-1	run-01	0	164	23	8	7	24	1	23	23	1	right	left	2	486.1622000025818	True	True	win	31	425.90798020362854	103154.3387804	1789672726269.5098	426.2133572101593	103154.6437347	1789672726574.8867	426.6995194101619	103155.1298969	1789672727061.0488	103155.3831638	427.5906972885132	103156.0217772	1789672727952.2268	103156.0217772	633.7604191811978	300.0	0.0	102728.4224295	1789672300361.5295	602.1213486194611	103330.5550401	1789672902482.8782
sub-10052	ses-1	run-01	0	165	23	8	8	24	1	23	23	1	right	left	2	530.30790000048	True	True	win	31	428.5918171405792	103157.0229689	1789672728953.3467	428.89698791503906	103157.3274961	1789672729258.5176	429.42729581503954	103157.857804	1789672729788.8254	103158.1115765	430.2522041797638	103158.6827112	1789672730613.734	103158.6827112	567.4488932250679	300.0	0.0	102728.4224295	1789672300361.5295	602.1213486194611	103330.5550401	1789672902482.8782
sub-10052	ses-1	run-01	0	166	23	8	9	24	1	23	23	1	right	left	2	460.53480000409763	True	True	win	31	431.2546012401581	103159.6850521	1789672731616.1309	431.5588665008545	103159.9894733	1789672731920.396	432.0194013008586	103160.4500081	1789672732380.931	103160.7030533	432.89168524742126	103161.3230056	1789672733253.2148	103161.3230056	614.9819208347926	300.0	0.0	102728.4224295	1789672300361.5295	602.1213486194611	103330.5550401	1789672902482.8782
sub-10052	ses-1	run-01	0	167	23	8	10	24	1	23	23	1	right	left	2	526.9158000010066	True	True	win	31	433.89312267303467	103162.3235946	1789672734254.6523	434.1962239742279	103162.6269206	1789672734557.7537	434.7231397742289	103163.1538364	1789672735084.6694	103163.4075262	435.6384596824646	103164.0691866	1789672735999.9893	103164.0691866	657.9669611669099	300.0	0.0	102728.4224295	1789672300361.5295	602.1213486194611	103330.5550401	1789672902482.8782
sub-10052	ses-1	run-01	0	168	23	8	11	24	1	23	23	1	right	left	2	514.2305000044871	True	False	loss	32	436.6411757469177	103165.0717063	1789672737002.7053	436.94501066207886	103165.3756583	1789672737306.5403	437.45924116208334	103165.88988880001	1789672737820.7708	103166.1438146	438.3993935585022	103166.8300648	1789672738760.923	103166.8300648	682.6687041755152	300.0	0.0	102728.4224295	1789672300361.5295	602.1213486194611	103330.5550401	1789672902482.8782
sub-10052	ses-1	run-01	0	169	23	8	12	24	1	23	1	23	left	right	1	585.3789000102552	False	False	loss	32	439.40063285827637	103167.8318749	1789672739762.1624	439.70569825172424	103168.1364404	1789672740067.2278	440.2910771517345	103168.72181930002	1789672740652.6067	103168.9761891	441.1711723804474	103169.601854	1789672741532.702	103169.601854	621.4992392374048	300.0	0.0	102728.4224295	1789672300361.5295	602.1213486194611	103330.5550401	1789672902482.8782
sub-10052	ses-1	run-01	0	170	23	8	13	24	1	23	23	1	right	left	1	661.1306999984663	False	True	win	31	442.1726932525635	103170.6038178	1789672742534.223	442.477436542511	103170.9087893	1789672742838.966	443.13856724250945	103171.56992	1789672743500.0967	103171.8240992	444.0645968914032	103172.495426	1789672744426.1265	103172.495426	667.8875196264527	300.0	0.0	102728.4224295	1789672300361.5295	602.1213486194611	103330.5550401	1789672902482.8782
sub-10052	ses-1	run-01	0	171	23	8	14	24	1	23	1	23	left	right	1	600.7906000013463	False	False	loss	32	445.06605052948	103173.4970692	1789672745427.58	445.3701295852661	103173.8010761	1789672745731.6592	445.97092018526746	103174.4018667	1789672746332.4497	103174.6548276	446.78720211982727	103175.2179893	1789672747148.7317	103175.2179893	559.1228219170856	300.0	0.0	102728.4224295	1789672300361.5295	602.1213486194611	103330.5550401	1789672902482.8782
sub-10052	ses-1	run-01	0	172	23	8	15	24	1	23	1	23	left	right	2	797.3448999982793	True	True	win	31	447.78948640823364	103176.2203057	1789672748151.016	448.0938844680786	103176.5247008	1789672748455.414	448.8912293680769	103177.3220457	1789672749252.759	103177.5751176	449.7203414440155	103178.1512866	1789672750081.871	103178.1512866	572.3310477772452	300.0	0.0	102728.4224295	1789672300361.5295	602.1213486194611	103330.5550401	1789672902482.8782
sub-10052	ses-1	run-01	0	173	23	8	16	24	1	23	23	1	right	left	2	528.5360999987461	True	False	loss	32	450.72201585769653	103179.1529483	1789672751083.5454	451.0258963108063	103179.4574136	1789672751387.4258	451.554432410805	103179.9859497	1789672751915.962	103180.2422145	452.45130014419556	103180.8821857	1789672752812.8298	103180.8821857	636.3767529222907	300.0	0.0	102728.4224295	1789672300361.5295	602.1213486194611	103330.5550401	1789672902482.8782
sub-10052	ses-1	run-01	0	174	23	8	17	24	1	23	23	1	right	left	2	557.8480999975	True	True	win	31	453.45235872268677	103181.8839831	1789672753813.8884	453.75727128982544	103182.1881666	1789672754118.8008	454.31511938982294	103182.7460147	1789672754676.649	103183.0025404	455.13436222076416	103183.5653468	1789672755495.8918	103183.5653468	558.4974929677779	300.0	0.0	102728.4224295	1789672300361.5295	602.1213486194611	103330.5550401	1789672902482.8782
sub-10052	ses-1	run-01	0	175	23	8	18	24	1	23	23	1	right	left	2	577.6912000001175	True	False	loss	32	456.13660883903503	103184.5674656	1789672756498.1384	456.4410939216614	103184.8721648	1789672756802.6235	457.0187851216615	103185.449856	1789672757380.3147	103185.7067021	457.8899796009064	103186.3210751	1789672758251.5093	103186.3210751	610.4751896486769	300.0	0.0	102728.4224295	1789672300361.5295	602.1213486194611	103330.5550401	1789672902482.8782
sub-10052	ses-1	run-01	0	176	23	8	19	24	1	23	1	23	left	right	1	262.9015000129584	False	False	loss	32	458.8908267021179	103187.3227056	1789672759252.3562	459.1952574253082	103187.627019	1789672759556.787	459.4581589253212	103187.88992050002	1789672759819.6887	103188.1451046	460.2806725502014	103188.7118076	1789672760642.2021	103188.7118076	562.6901425774976	300.0	0.0	102728.4224295	1789672300361.5295	602.1213486194611	103330.5550401	1789672902482.8782
sub-10052	ses-1	run-01	0	177	23	8	20	24	1	23	23	1	right	left	2	704.226000001654	True	True	win	31	461.2821068763733	103189.713299	1789672761643.6365	461.5865738391876	103190.0175833	1789672761948.1035	462.2907998391893	103190.7218093	1789672762652.3296	103190.9770661	463.1710798740387	103191.602299	1789672763532.6094	103191.602299	620.8885655895716	300.0	0.0	102728.4224295	1789672300361.5295	602.1213486194611	103330.5550401	1789672902482.8782
sub-10052	ses-1	run-01	0	178	23	8	21	24	1	23	1	23	left	right	2	445.02769999962766	True	True	win	31	464.1732292175293	103192.6044417	1789672764534.7588	464.477744102478	103192.9089845	1789672764839.2737	464.92277180247766	103193.3540122	1789672765284.3013	103193.6077794	465.77449321746826	103194.2057531	1789672766136.0227	103194.2057531	593.0403946585571	300.0	0.0	102728.4224295	1789672300361.5295	602.1213486194611	103330.5550401	1789672902482.8782
sub-10052	ses-1	run-01	0	179	23	8	22	24	1	23	1	23	left	right	2	522.8840000054333	True	True	win	31	466.775918006897	103195.2074747	1789672767137.4475	467.079913854599	103195.5110947	1789672767441.4434	467.60279785460443	103196.03397870001	1789672767964.3274	103196.2909714	468.49765706062317	103196.9289315	1789672768859.1868	103196.9289315	633.2901736286716	300.0	0.0	102728.4224295	1789672300361.5295	602.1213486194611	103330.5550401	1789672902482.8782
sub-10052	ses-1	run-01	0	180	23	8	23	24	1	23	23	1	right	left	2	630.447199990158	True	True	win	31	469.49912428855896	103197.9303195	1789672769860.6538	469.8041162490845	103198.2354993	1789672770165.6458	470.43456344907463	103198.8659465	1789672770796.093	103199.1203737	471.21410393714905	103199.6458983	1789672771575.6335	103199.6458983	521.6521232914868	300.0	0.0	102728.4224295	1789672300361.5295	602.1213486194611	103330.5550401	1789672902482.8782
sub-10052	ses-1	run-01	0	181	1	9	0	21	1	23	23	1	right	left	2	648.946999994223	False	False	loss	32	472.21722412109375	103200.648666	1789672772578.7537	472.52145862579346	103200.952838	1789672772882.9883	473.1704056257877	103201.60178499999	1789672773531.9353	103201.8574644	474.02218294143677	103202.4535943	1789672774383.7126	103202.4535943	591.2877309154221	300.0	0.0	102728.4224295	1789672300361.5295	602.1213486194611	103330.5550401	1789672902482.8782
sub-10052	ses-1	run-01	0	182	1	9	1	21	1	23	23	1	right	left	2	506.20449999405537	False	False	loss	32	475.0233392715454	103203.4554769	1789672775384.869	475.3281104564667	103203.7595606	1789672775689.6401	475.83431495646073	103204.26576509999	1789672776195.8447	103204.5183965	476.75709533691406	103205.188545	1789672777118.625	103205.188545	665.5014629505197	300.0	0.0	102728.4224295	1789672300361.5295	602.1213486194611	103330.5550401	1789672902482.8782
sub-10052	ses-1	run-01	0	183	1	9	2	21	1	23	23	1	right	left	1	627.8576999902725	True	False	loss	32	477.7574963569641	103206.1897326	1789672778119.026	478.062575340271	103206.4939477	1789672778424.105	478.69043304026127	103207.12180539999	1789672779051.9626	103207.3783805	479.56380105018616	103207.9957181	1789672779925.3306	103207.9957181	613.5942253574468	300.0	0.0	102728.4224295	1789672300361.5295	602.1213486194611	103330.5550401	1789672902482.8782
sub-10052	ses-1	run-01	0	184	1	9	3	21	1	23	23	1	right	left	1	517.1722000086447	True	False	loss	32	480.5652606487274	103208.9966813	1789672780926.7903	480.8682677745819	103209.3005884	1789672781229.7974	481.38543997459055	103209.81776060001	1789672781746.9695	103210.0745333	482.1829779148102	103210.6145119	1789672782544.5076	103210.6145119	535.6023292544775	300.0	0.0	102728.4224295	1789672300361.5295	602.1213486194611	103330.5550401	1789672902482.8782
sub-10052	ses-1	run-01	0	185	1	9	4	21	1	23	1	23	left	right	1	680.9975999931339	True	True	win	31	483.18418622016907	103211.6163961	1789672783545.7158	483.4891860485077	103211.9207751	1789672783850.7156	484.1701836485008	103212.6017727	1789672784531.7131	103212.855292	485.12717509269714	103213.5595912	1789672785488.7046	103213.5595912	699.0962231251463	300.0	0.0	102728.4224295	1789672300361.5295	602.1213486194611	103330.5550401	1789672902482.8782
sub-10052	ses-1	run-01	0	186	1	9	5	21	1	23	23	1	right	left	2	639.7950999962632	False	False	loss	32	486.13022470474243	103214.5618192	1789672786491.7544	486.43434739112854	103214.8660104	1789672786795.877	487.0741424911248	103215.5058055	1789672787435.672	103215.7605366	487.95331954956055	103216.3855916	1789672788314.849	103216.3855916	620.4484447523131	300.0	0.0	102728.4224295	1789672300361.5295	602.1213486194611	103330.5550401	1789672902482.8782
sub-10052	ses-1	run-01	0	187	1	9	6	21	1	23	23	1	right	left	1	518.1928000092739	True	True	win	31	488.95600605010986	103217.3875661	1789672789317.5356	489.2600498199463	103217.6916853	1789672789621.5793	489.77824261995556	103218.20987810001	1789672790139.7722	103218.4668361	490.54624819755554	103218.9786951	1789672790907.7778	103218.9786951	507.9178205518553	300.0	0.0	102728.4224295	1789672300361.5295	602.1213486194611	103330.5550401	1789672902482.8782
sub-10052	ses-1	run-01	0	188	1	9	7	21	1	23	23	1	right	left	1	621.9332000036957	True	True	win	31	491.54786705970764	103219.9794908	1789672791909.3967	491.85216784477234	103220.2838768	1789672792213.6975	492.47410104477603	103220.90581	1789672792835.6306	103221.1585935	493.23616194725037	103221.6679378	1789672793597.6917	103221.6679378	505.63070256439846	300.0	0.0	102728.4224295	1789672300361.5295	602.1213486194611	103330.5550401	1789672902482.8782
sub-10052	ses-1	run-01	0	189	1	9	8	21	1	23	23	1	right	left	1	483.96990000037476	True	True	win	31	494.2377893924713	103222.6694749	1789672794599.319	494.54199481010437	103222.973797	1789672794903.5244	495.02596471010474	103223.4577669	1789672795387.4944	103223.7125271	495.9635224342346	103224.3953399	1789672796325.052	103224.3953399	678.5969769906269	300.0	0.0	102728.4224295	1789672300361.5295	602.1213486194611	103330.5550401	1789672902482.8782
sub-10052	ses-1	run-01	0	190	1	9	9	21	1	23	1	23	left	right	2	700.297799994587	False	False	loss	32	496.9653260707855	103225.3970942	1789672797326.8557	497.2696576118469	103225.7015139	1789672797631.1873	497.9699554118415	103226.4018117	1789672798331.485	103226.6567356	498.8863399028778	103227.3182241	1789672799247.8694	103227.3182241	657.3811718784201	300.0	0.0	102728.4224295	1789672300361.5295	602.1213486194611	103330.5550401	1789672902482.8782
sub-10052	ses-1	run-01	0	191	1	9	10	21	1	23	1	23	left	right	1	529.9242999899434	True	True	win	31	499.8882119655609	103228.3200198	1789672800249.7415	500.1914300918579	103228.6238561	1789672800552.9597	500.72135439184785	103229.1537804	1789672801082.884	103229.4076446	501.57100200653076	103230.0029114	1789672801932.5315	103230.0029114	591.0180730149544	300.0	0.0	102728.4224295	1789672300361.5295	602.1213486194611	103330.5550401	1789672902482.8782
sub-10052	ses-1	run-01	0	192	1	9	11	21	1	23	1	23	left	right	1	588.9184000116074	True	True	win	31	502.57274413108826	103231.0045751	1789672802934.2737	502.87690687179565	103231.3088694	1789672803238.4365	503.46582527180726	103231.89778780002	1789672803827.355	103232.1528828	504.2492301464081	103232.681095	1789672804610.7598	103232.681095	523.103112363224	300.0	0.0	102728.4224295	1789672300361.5295	602.1213486194611	103330.5550401	1789672902482.8782
sub-10052	ses-1	run-01	0	193	1	9	12	21	1	23	1	23	left	right	1	558.2923000038136	True	True	win	31	505.25125789642334	103233.6830602	1789672805612.7876	505.5551459789276	103233.9875311	1789672805916.6755	506.1134382789314	103234.54582340001	1789672806474.9678	103234.8013029	507.0156137943268	103235.4476793	1789672807377.1433	103235.4476793	642.9265550304741	300.0	0.0	102728.4224295	1789672300361.5295	602.1213486194611	103330.5550401	1789672902482.8782
sub-10052	ses-1	run-01	0	194	1	9	13	21	1	23	23	1	right	left	1	392.05419999780133	True	True	win	31	508.016548871994	103236.449226	1789672808378.0784	508.32166743278503	103236.7536833	1789672808683.197	508.71372163278284	103237.1457375	1789672809075.2512	103237.4029834	509.66113018989563	103238.0932505	1789672810022.6597	103238.0932505	685.5150898559086	300.0	0.0	102728.4224295	1789672300361.5295	602.1213486194611	103330.5550401	1789672902482.8782
sub-10052	ses-1	run-01	0	195	1	9	14	21	1	23	1	23	left	right	1	466.1125999991782	True	False	loss	32	510.6624414920807	103239.095284	1789672811023.9712	510.967631816864	103239.3997438	1789672811329.1614	511.4337444168632	103239.86585639999	1789672811795.274	103240.118461	512.3609993457794	103240.7931567	1789672812722.529	103240.7931567	670.383791006723	300.0	0.0	102728.4224295	1789672300361.5295	602.1213486194611	103330.5550401	1789672902482.8782
sub-10052	ses-1	run-01	0	196	1	9	15	21	1	23	23	1	right	left	1	558.0142999970121	True	False	loss	32	513.3634181022644	103241.7954568	1789672813724.9478	513.667601108551	103242.0997466	1789672814029.1306	514.225615408548	103242.6577609	1789672814587.145	103242.9144147	515.1346933841705	103243.5669789	1789672815496.223	103243.5669789	648.7379536089265	300.0	0.0	102728.4224295	1789672300361.5295	602.1213486194611	103330.5550401	1789672902482.8782
sub-10052	ses-1	run-01	0	197	1	9	16	21	1	23	1	23	left	right	2	688.3966000023065	False	False	loss	32	516.1354217529297	103244.5683583	1789672816496.9514	516.4410729408264	103244.8733579	1789672816802.6025	517.1294695408287	103245.5617545	1789672817490.999	103245.8184019	518.046656370163	103246.4788626	1789672818408.186	103246.4788626	656.0898808936557	300.0	0.0	102728.4224295	1789672300361.5295	602.1213486194611	103330.5550401	1789672902482.8782
sub-10052	ses-1	run-01	0	198	1	9	17	21	1	23	1	23	left	right	2	385.1608999975724	False	False	loss	32	519.0477962493896	103247.4803734	1789672819409.326	519.3522219657898	103247.7845547	1789672819713.7515	519.7373828657874	103248.1697156	1789672820098.9124	103248.4230171	520.5900223255157	103249.0222356	1789672820951.552	103249.0222356	594.4359492689691	300.0	0.0	102728.4224295	1789672300361.5295	602.1213486194611	103330.5550401	1789672902482.8782
sub-10052	ses-1	run-01	0	199	1	9	18	21	1	23	1	23	left	right	2	601.1511999968207	False	False	loss	32	521.5923647880554	103250.0247076	1789672821953.8943	521.8963072299957	103250.3285732	1789672822257.837	522.4974584299925	103250.92972439999	1789672822858.988	103251.1834983	523.4386281967163	103251.8714487	1789672823800.1577	103251.8714487	684.9937831433982	300.0	0.0	102728.4224295	1789672300361.5295	602.1213486194611	103330.5550401	1789672902482.8782
sub-10052	ses-1	run-01	0	200	1	9	19	21	1	23	1	23	left	right	1	505.17190000391565	True	True	win	31	524.4403171539307	103252.8725855	1789672824801.8467	524.7442202568054	103253.1765447	1789672825105.7498	525.2493921568093	103253.68171660001	1789672825610.9216	103253.9345324	526.1313209533691	103254.5635347	1789672826492.8506	103254.5635347	625.4617587142768	300.0	0.0	102728.4224295	1789672300361.5295	602.1213486194611	103330.5550401	1789672902482.8782
sub-10052	ses-1	run-01	0	201	1	9	20	21	1	23	1	23	left	right	1	540.3857999917818	True	True	win	31	527.1328873634338	103255.5659146	1789672827494.417	527.4372456073761	103255.8695333	1789672827798.7751	527.9776314073679	103256.4099191	1789672828339.161	103256.6637937	528.9330954551697	103257.3660064	1789672829294.625	103257.3660064	698.1009037756429	300.0	0.0	102728.4224295	1789672300361.5295	602.1213486194611	103330.5550401	1789672902482.8782
sub-10052	ses-1	run-01	0	202	23	10	0	20	1	23	23	1	right	left	1	787.5930000009248	False	True	win	31	529.9336907863617	103258.3667795	1789672830295.2205	530.2378470897675	103258.6702894	1789672830599.3767	531.0254400897684	103259.4578824	1789672831386.9697	103259.7111906	531.9738309383392	103260.4069383	1789672832335.3606	103260.4069383	692.5748913032945	300.0	0.0	102728.4224295	1789672300361.5295	602.1213486194611	103330.5550401	1789672902482.8782
sub-10052	ses-1	run-01	0	203	23	10	1	20	1	23	1	23	left	right	1	833.578599995235	False	False	loss	32	532.9751300811768	103261.4075061	1789672833336.6597	533.2798953056335	103261.7123074	1789672833641.4248	534.1134739056288	103262.54588599999	1789672834475.0034	103262.8030522	535.0199007987976	103263.4532028	1789672835381.4304	103263.4532028	646.7453631781412	300.0	0.0	102728.4224295	1789672300361.5295	602.1213486194611	103330.5550401	1789672902482.8782
sub-10052	ses-1	run-01	0	204	23	10	2	20	1	23	1	23	left	right	1	427.4227000132669	False	False	loss	32	536.0219733715057	103264.4544711	1789672836383.503	536.3260321617126	103264.7584782	1789672836687.5618	536.7534548617259	103265.18590090002	1789672837114.9844	103265.4425428	537.5924994945526	103266.0257201	1789672837954.029	103266.0257201	579.7059137527284	300.0	0.0	102728.4224295	1789672300361.5295	602.1213486194611	103330.5550401	1789672902482.8782
sub-10052	ses-1	run-01	0	205	23	10	3	20	1	23	23	1	right	left	2	494.35219999577384	True	True	win	31	538.5934104919434	103267.0267306	1789672838954.9402	538.8989841938019	103267.3315363	1789672839260.5137	539.3933363937977	103267.8258885	1789672839754.866	103268.0806327	540.1824798583984	103268.6159127	1789672840544.0095	103268.6159127	531.880082706541	300.0	0.0	102728.4224295	1789672300361.5295	602.1213486194611	103330.5550401	1789672902482.8782
sub-10052	ses-1	run-01	0	206	23	10	4	20	1	23	1	23	left	right	2	551.4842000120552	True	True	win	31	541.1846492290497	103269.6172989	1789672841546.1787	541.489529132843	103269.9222548	1789672841851.0588	542.0410133328551	103270.47373900001	1789672842402.543	103270.7266055	542.9534676074982	103271.3866684	1789672843314.9973	103271.3866684	655.1451216261421	300.0	0.0	102728.4224295	1789672300361.5295	602.1213486194611	103330.5550401	1789672902482.8782
sub-10052	ses-1	run-01	0	207	23	10	5	20	1	23	23	1	right	left	2	421.5583999903174	True	True	win	31	543.9553649425507	103272.3884956	1789672844316.8945	544.2594408988953	103272.692191	1789672844620.9705	544.6809992988856	103273.11374939998	1789672845042.5288	103273.3659412	545.5896124839783	103274.0223319	1789672845951.142	103274.0223319	652.429419108405	300.0	0.0	102728.4224295	1789672300361.5295	602.1213486194611	103330.5550401	1789672902482.8782
sub-10052	ses-1	run-01	0	208	23	10	6	20	1	23	1	23	left	right	2	1048.6657000001287	True	True	win	31	546.5919137001038	103275.0247323	1789672846953.4434	546.8962695598602	103275.3290555	1789672847257.799	547.9449352598604	103276.3777212	1789672848306.4648	103276.6301445	548.8551044464111	103277.2877801	1789672849216.634	103277.2877801	653.6663586181455	300.0	0.0	102728.4224295	1789672300361.5295	602.1213486194611	103330.5550401	1789672902482.8782
sub-10052	ses-1	run-01	0	209	23	10	7	20	1	23	1	23	left	right	2	391.617999994196	True	True	win	31	549.8568692207336	103278.2896416	1789672850218.399	550.160726070404	103278.5942084	1789672850522.2556	550.5523440703982	103278.98582639999	1789672850913.8735	103279.2387897	551.3606269359589	103279.7934676	1789672851722.1565	103279.7934676	550.2649861204493	300.0	0.0	102728.4224295	1789672300361.5295	602.1213486194611	103330.5550401	1789672902482.8782
sub-10052	ses-1	run-01	0	210	23	10	8	20	1	23	1	23	left	right	2	478.03969999949913	True	False	loss	32	552.3620300292969	103280.7955602	1789672852723.5596	552.6668994426727	103281.0998141	1789672853028.429	553.1449391426722	103281.5778538	1789672853506.4688	103281.8337983	553.9789831638336	103282.4118827	1789672854340.5127	103282.4118827	573.0145297919667	300.0	0.0	102728.4224295	1789672300361.5295	602.1213486194611	103330.5550401	1789672902482.8782
sub-10052	ses-1	run-01	0	211	23	10	9	20	1	23	1	23	left	right	2	467.84199999819975	True	True	win	31	554.9806885719299	103283.4135561	1789672855342.2183	555.2849326133728	103283.7178944	1789672855646.4622	555.752774613371	103284.1857364	1789672856114.3042	103284.4417497	556.5186913013458	103284.95204	1789672856880.221	103284.95204	506.7419359893842	300.0	0.0	102728.4224295	1789672300361.5295	602.1213486194611	103330.5550401	1789672902482.8782
sub-10052	ses-1	run-01	0	212	23	10	10	20	1	23	1	23	left	right	2	464.0765000076499	True	False	loss	32	557.5200617313385	103285.9529553	1789672857881.5913	557.8247139453888	103286.257693	1789672858186.2437	558.2887904453964	103286.72176950001	1789672858650.32	103286.9763891	559.187620639801	103287.6206626	1789672859549.1501	103287.6206626	640.709275292861	300.0	0.0	102728.4224295	1789672300361.5295	602.1213486194611	103330.5550401	1789672902482.8782
sub-10052	ses-1	run-01	0	213	23	10	11	20	1	23	23	1	right	left	2	633.9847999915946	True	True	win	31	560.1906504631042	103288.6236379	1789672860552.18	560.494660615921	103288.927715	1789672860856.1902	561.1286454159126	103289.56169979999	1789672861490.175	103289.8178766	561.982394695282	103290.4154261	1789672862343.9243	103290.4154261	593.981018850529	300.0	0.0	102728.4224295	1789672300361.5295	602.1213486194611	103330.5550401	1789672902482.8782
sub-10052	ses-1	run-01	0	214	23	10	12	20	1	23	1	23	left	right	2	608.046800000011	True	True	win	31	562.984174489975	103291.4172406	1789672863345.704	563.2885789871216	103291.72174	1789672863650.1086	563.8966257871216	103292.3297868	1789672864258.1555	103292.5871633	564.7930295467377	103293.2265111	1789672865154.559	103293.2265111	635.0006465877898	300.0	0.0	102728.4224295	1789672300361.5295	602.1213486194611	103330.5550401	1789672902482.8782
sub-10052	ses-1	run-01	0	215	23	10	13	20	1	23	1	23	left	right	2	563.901800007443	True	False	loss	32	565.7956774234772	103294.2287732	1789672866157.207	566.1007421016693	103294.53385	1789672866462.2717	566.6646439016768	103295.09775180001	1789672867026.1736	103295.3537446	567.4969024658203	103295.9304607	1789672867858.4321	103295.9304607	572.8901155792531	300.0	0.0	102728.4224295	1789672300361.5295	602.1213486194611	103330.5550401	1789672902482.8782
sub-10052	ses-1	run-01	0	216	23	10	14	20	1	23	23	1	right	left	2	629.7180999972625	True	False	loss	32	568.498613357544	103296.9317688	1789672868860.143	568.8028271198273	103297.2359849	1789672869164.3567	569.4325452198245	103297.865703	1789672869794.0747	103298.1201605	570.3764674663544	103298.8097221	1789672870737.997	103298.8097221	685.8601971884883	300.0	0.0	102728.4224295	1789672300361.5295	602.1213486194611	103330.5550401	1789672902482.8782
sub-10052	ses-1	run-01	0	217	23	10	15	20	1	23	23	1	right	left	2	605.2895000029821	True	True	win	31	571.3787150382996	103299.8118221	1789672871740.2446	571.6833484172821	103300.1164672	1789672872044.878	572.2886379172851	103300.7217567	1789672872650.1675	103300.9767138	573.0849597454071	103301.5182453	1789672873446.4893	103301.5182453	537.4816536036891	300.0	0.0	102728.4224295	1789672300361.5295	602.1213486194611	103330.5550401	1789672902482.8782
sub-10052	ses-1	run-01	0	218	23	10	16	20	1	23	1	23	left	right	1	505.54769999871496	False	False	loss	32	574.085818529129	103302.5197452	1789672874447.3481	574.3909544944763	103302.8242802	1789672874752.4841	574.896502194475	103303.3298279	1789672875258.0317	103303.5843499	575.7977335453033	103304.2309291	1789672876159.2632	103304.2309291	642.1174124565539	300.0	0.0	102728.4224295	1789672300361.5295	602.1213486194611	103330.5550401	1789672902482.8782
sub-10052	ses-1	run-01	0	219	23	10	17	20	1	23	23	1	right	left	2	576.1106999998447	True	True	win	31	576.7997395992279	103305.233056	1789672877161.2693	577.1042332649231	103305.5375573	1789672877465.763	577.6803439649229	103306.113668	1789672878041.8735	103306.3674356	578.5887823104858	103307.0221232	1789672878950.312	103307.0221232	650.0533759752028	300.0	0.0	102728.4224295	1789672300361.5295	602.1213486194611	103330.5550401	1789672902482.8782
sub-10052	ses-1	run-01	0	220	23	10	18	20	1	23	1	23	left	right	2	760.9532999922521	True	True	win	31	579.5901501178741	103308.0239162	1789672879951.6797	579.8953740596771	103308.3287504	1789672880256.9036	580.6563273596694	103309.0897037	1789672881017.857	103309.3435107	581.4878435134888	103309.921822	1789672881849.373	103309.921822	574.9502693177544	300.0	0.0	102728.4224295	1789672300361.5295	602.1213486194611	103330.5550401	1789672902482.8782
sub-10052	ses-1	run-01	0	221	23	10	19	20	1	23	23	1	right	left	2	717.5688999996055	True	True	win	31	582.48974609375	103310.9235355	1789672882851.2756	582.794355392456	103311.2282096	1789672883155.885	583.5119242924557	103311.9457785	1789672883873.4539	103312.1988493	584.2951729297638	103312.7287068	1789672884656.7026	103312.7287068	525.3271222348702	300.0	0.0	102728.4224295	1789672300361.5295	602.1213486194611	103330.5550401	1789672902482.8782
sub-10052	ses-1	run-01	0	222	1	11	0	23	1	23	1	23	left	right	2	607.2808000026271	False	False	loss	32	585.2957494258881	103313.7300445	1789672885657.279	585.6009495258331	103314.034404	1789672885962.479	586.2082303258358	103314.64168480001	1789672886569.7598	103314.8936638	587.0420889854431	103315.47564	1789672887403.6187	103315.47564	577.7207100136391	300.0	0.0	102728.4224295	1789672300361.5295	602.1213486194611	103330.5550401	1789672902482.8782
sub-10052	ses-1	run-01	0	223	1	11	1	23	1	23	1	23	left	right	2	523.9741999976104	False	False	loss	32	588.0438530445099	103316.4773303	1789672888405.3826	588.3481187820435	103316.7817155	1789672888709.6484	588.8720929820411	103317.30568969999	1789672889233.6226	103317.5606727	589.7744514942169	103318.208431	1789672890135.9812	103318.208431	643.2492321297176	300.0	0.0	102728.4224295	1789672300361.5295	602.1213486194611	103330.5550401	1789672902482.8782
sub-10052	ses-1	run-01	0	224	1	11	2	23	1	23	23	1	right	left	1	1046.5122000023257	True	True	win	31	590.7765247821808	103319.210248	1789672891138.0544	591.0808448791504	103319.5152131	1789672891442.3745	592.1273570791527	103320.56172530001	1789672892488.8867	103320.8160695	593.0640008449554	103321.4976345	1789672893425.5305	103321.4976345	677.5291800209583	300.0	0.0	102728.4224295	1789672300361.5295	602.1213486194611	103330.5550401	1789672902482.8782
sub-10052	ses-1	run-01	0	225	1	11	3	23	1	23	1	23	left	right	1	637.5353999901563	True	True	win	31	594.0659174919128	103322.4994866	1789672894427.447	594.3704957962036	103322.8042011	1789672894732.0254	595.0080311961938	103323.4417365	1789672895369.5608	103323.6986105	595.8489272594452	103324.2825169	1789672896210.4568	103324.2825169	580.9007384614627	300.0	0.0	102728.4224295	1789672300361.5295	602.1213486194611	103330.5550401	1789672902482.8782
sub-10052	ses-1	run-01	0	226	1	11	4	23	1	23	23	1	right	left	1	331.7307000106666	True	True	win	31	596.8507661819458	103325.2846965	1789672897212.2957	597.1561691761017	103325.5899806	1789672897517.6987	597.4878998761124	103325.9217113	1789672897849.4294	103326.1783193	598.3049213886261	103326.7386863	1789672898666.451	103326.7386863	556.4245148830906	300.0	0.0	102728.4224295	1789672300361.5295	602.1213486194611	103330.5550401	1789672902482.8782
sub-10052	ses-1	run-01	0	227	1	11	5	23	1	23	23	1	right	left	1	556.1447999934899	True	True	win	31	599.3070888519287	103327.7412867	1789672899668.6184	599.6119344234467	103328.0456479	1789672899973.464	600.1680792234401	103328.60179269999	1789672900529.609	103328.8545964	601.1184213161469	103329.5522333	1789672901479.951	103329.5522333	693.491279306512	300.0	0.0	102728.4224295	1789672300361.5295	602.1213486194611	103330.5550401	1789672902482.8782
