subject_id	session_id	run	localizer	trial_num	current_good	contingency_id	trial_in_contingency	contingency_trials	flower1	flower2	left_stimulus	right_stimulus	slot1_position	slot2_position	choice	rt	correct	reward	outcome	feedback_marker	trial_start_task_time	trial_start_lsl_time	trial_start_unix_time	choice_window_onset_task_time	choice_window_onset_lsl_time	choice_window_onset_unix_time	choice_onset_task_time	choice_onset_lsl_time	choice_onset_unix_time	choice_marker_send_lsl_time	feedback_onset_task_time	feedback_onset_lsl_time	feedback_onset_unix_time	lsl_marker_send_time	wait_time	iti	run_start_task_time	run_start_lsl_time	run_start_unix_time	run_end_task_time	run_end_lsl_time	run_end_unix_time
sub-10052	ses-1	run-02	0	1	37	1	0	21	37	47	37	47	left	right	1.0	673.5144999984186	True	True	win	31	0.0	104109.992341	1789673681903.986	0.344057559967041	104110.3358375	1789673682248.0435	1.0175720599654596	104111.009352	1789673682921.5579	104111.2657845	1.9560027122497559	104111.9478323	1789673683859.9888	104111.9478323	677.9983738298051	300.0	0.0	104109.9922656	1789673681903.986	601.1811232566833	104711.1852826	1789674283085.1091
sub-10052	ses-1	run-02	0	2	37	1	1	21	37	47	47	37	right	left	1.0	611.7937000090024	True	True	win	31	2.957887649536133	104112.9496271	1789673684861.8735	3.2615716457366943	104113.2533915	1789673685165.5576	3.8733653457456967	104113.8651852	1789673685777.3513	104114.1181558	4.68430495262146	104114.6761422	1789673686588.291	104114.6761422	553.8779333931966	300.0	0.0	104109.9922656	1789673681903.986	601.1811232566833	104711.1852826	1789674283085.1091
sub-10052	ses-1	run-02	0	3	37	1	2	21	37	47	37	47	left	right	1.0	674.7139000071911	True	True	win	31	5.686056613922119	104115.6783522	1789673687590.0425	5.990651845932007	104115.9826589	1789673687894.638	6.665365745939198	104116.65737280001	1789673688569.3518	104116.9119545	7.508386850357056	104117.5003279	1789673689412.3728	104117.5003279	584.886365147187	300.0	0.0	104109.9922656	1789673681903.986	601.1811232566833	104711.1852826	1789674283085.1091
sub-10052	ses-1	run-02	0	4	37	1	3	21	37	47	47	37	right	left	1.0	529.3616999988444	True	True	win	31	8.511138439178467	104118.5031671	1789673690415.1245	8.815816640853882	104118.8078544	1789673690719.8027	9.345178340852726	104119.3372161	1789673691249.1646	104119.5924991	10.18686842918396	104120.178798	1789673692090.8545	104120.178798	582.6545704232474	300.0	0.0	104109.9922656	1789673681903.986	601.1811232566833	104711.1852826	1789674283085.1091
sub-10052	ses-1	run-02	0	5	37	1	4	21	37	47	37	47	left	right	1.0	564.6069000067655	True	False	loss	32	11.188303709030151	104121.1802906	1789673693092.2898	11.492568254470825	104121.4846586	1789673693396.5542	12.05717515447759	104122.04926550001	1789673693961.1611	104122.3039037	12.955142498016357	104122.9472288	1789673694859.1284	104122.9472288	639.8015683176053	300.0	0.0	104109.9922656	1789673681903.986	601.1811232566833	104711.1852826	1789674283085.1091
sub-10052	ses-1	run-02	0	6	37	1	5	21	37	47	47	37	right	left	1.0	419.33269999572076	True	True	win	31	13.957358121871948	104123.949319	1789673695861.344	14.261847972869873	104124.2538374	1789673696165.834	14.681180672865594	104124.6731701	1789673696585.1667	104124.9280213	15.555259227752686	104125.5473681	1789673697459.245	104125.5473681	615.6978996622097	300.0	0.0	104109.9922656	1789673681903.986	601.1811232566833	104711.1852826	1789674283085.1091
sub-10052	ses-1	run-02	0	7	37	1	6	21	37	47	47	37	right	left	1.0	459.96769999328535	True	True	win	31	16.556944847106934	104126.5489327	1789673698460.931	16.8611421585083	104126.853299	1789673698765.1282	17.321109858501586	104127.31326669999	1789673699225.096	104127.568081	18.10879635810852	104128.1008846	1789673700012.7822	104128.1008846	528.7289502591715	300.0	0.0	104109.9922656	1789673681903.986	601.1811232566833	104711.1852826	1789674283085.1091
sub-10052	ses-1	run-02	0	8	37	1	7	21	37	47	47	37	right	left	1.0	482.54469998937566	True	True	win	31	19.1103515625	104129.1023615	1789673701014.3376	19.414611101150513	104129.406699	1789673701318.5972	19.89715580113989	104129.88924369999	1789673701801.1418	104130.1457281	20.80904483795166	104130.8018925	1789673702713.0308	104130.8018925	652.350360692539	300.0	0.0	104109.9922656	1789673681903.986	601.1811232566833	104711.1852826	1789674283085.1091
sub-10052	ses-1	run-02	0	9	37	1	8	21	37	47	37	47	left	right	1.0	646.0819000058109	True	True	win	31	21.810842990875244	104131.8030503	1789673703714.8289	22.114928722381592	104132.1072403	1789673704018.9148	22.761010622387403	104132.7533222	1789673704664.9966	104133.007036	23.55269479751587	104133.5449959	1789673705456.6807	104133.5449959	533.6199044085218	300.0	0.0	104109.9922656	1789673681903.986	601.1811232566833	104711.1852826	1789674283085.1091
sub-10052	ses-1	run-02	0	10	37	1	9	21	37	47	47	37	right	left	1.0	470.46290000434965	True	True	win	31	24.55455756187439	104134.5469028	1789673706458.5435	24.858633041381836	104134.8509393	1789673706762.6191	25.329095941386186	104135.3214022	1789673707233.082	104135.574728	26.144898414611816	104136.1372056	1789673708048.8843	104136.1372056	558.018657247593	300.0	0.0	104109.9922656	1789673681903.986	601.1811232566833	104711.1852826	1789674283085.1091
sub-10052	ses-1	run-02	0	11	37	1	10	21	37	47	47	37	right	left	1.0	470.64379999937955	True	True	win	31	27.14654231071472	104137.1388943	1789673709050.5283	27.450331449508667	104137.4426967	1789673709354.3174	27.920975249508047	104137.9133405	1789673709824.9612	104138.1666593	28.731857538223267	104138.7241853	1789673710635.8435	104138.7241853	553.7796600379492	300.0	0.0	104109.9922656	1789673681903.986	601.1811232566833	104711.1852826	1789674283085.1091
sub-10052	ses-1	run-02	0	12	37	1	11	21	37	47	37	47	left	right	1.0	674.4668999890564	True	True	win	31	29.733240842819214	104139.7263819	1789673711637.2268	30.038058042526245	104140.0308579	1789673711942.044	30.7125249425153	104140.70532479999	1789673712616.5107	104140.9603006	31.597295999526978	104141.5896438	1789673713501.282	104141.5896438	625.1066925946283	300.0	0.0	104109.9922656	1789673681903.986	601.1811232566833	104711.1852826	1789674283085.1091
sub-10052	ses-1	run-02	0	13	37	1	12	21	37	47	37	47	left	right	1.0	424.75149998790585	True	True	win	31	32.60004734992981	104142.5923237	1789673714504.0334	32.90408706665039	104142.896561	1789673714808.073	33.3288385666383	104143.32131249999	1789673715232.8245	104143.5753086	34.216561794281006	104144.2090775	1789673716120.5479	104144.2090775	629.2906872739128	300.0	0.0	104109.9922656	1789673681903.986	601.1811232566833	104711.1852826	1789674283085.1091
sub-10052	ses-1	run-02	0	14	37	1	13	21	37	47	47	37	right	left	1.0	462.6824000006309	True	True	win	31	35.21788811683655	104145.2104157	1789673717121.874	35.52205443382263	104145.5145702	1789673717426.0405	35.98473683382326	104145.9772526	1789673717888.723	104146.2339608	36.93443441390991	104146.9269831	1789673718838.4204	104146.9269831	689.0946170061655	300.0	0.0	104109.9922656	1789673681903.986	601.1811232566833	104711.1852826	1789674283085.1091
sub-10052	ses-1	run-02	0	15	37	1	14	21	37	47	37	47	left	right	1.0	584.5494999957737	True	True	win	31	37.93591022491455	104147.9283547	1789673719839.8962	38.24014663696289	104148.2326956	1789673720144.1326	38.824696136958664	104148.8172451	1789673720728.6821	104149.0717512	39.760114669799805	104149.752713	1789673721664.1006	104149.752713	677.0944400213479	300.0	0.0	104109.9922656	1789673681903.986	601.1811232566833	104711.1852826	1789674283085.1091
sub-10052	ses-1	run-02	0	16	37	1	15	21	37	47	47	37	right	left	1.0	542.4225999886403	True	False	loss	32	40.762065410614014	104150.7544969	1789673722666.0513	41.06630897521973	104151.0588604	1789673722970.295	41.60873157520837	104151.60128299998	1789673723512.7175	104151.8583238	42.37525033950806	104152.3678795	1789673724279.2363	104152.3678795	505.40519862909497	300.0	0.0	104109.9922656	1789673681903.986	601.1811232566833	104711.1852826	1789674283085.1091
sub-10052	ses-1	run-02	0	17	37	1	16	21	37	47	37	47	left	right	1.0	463.27069999824744	True	True	win	31	43.37723350524902	104153.3698283	1789673725281.2195	43.68122172355652	104153.6740372	1789673725585.2078	44.144492423554766	104154.1373079	1789673726048.4785	104154.3929723	45.041632890701294	104155.0343564	1789673726945.619	104155.0343564	637.7251354840298	300.0	0.0	104109.9922656	1789673681903.986	601.1811232566833	104711.1852826	1789674283085.1091
sub-10052	ses-1	run-02	0	18	37	1	17	21	37	47	47	37	right	left	1.0	477.20950000802986	True	False	loss	32	46.043179750442505	104156.0357591	1789673727947.1658	46.347519874572754	104156.3401343	1789673728251.5059	46.824729374580784	104156.81734380001	1789673728728.7153	104157.0750552	47.74338507652283	104157.7361332	1789673729647.371	104157.7361332	656.9050106523481	300.0	0.0	104109.9922656	1789673681903.986	601.1811232566833	104711.1852826	1789674283085.1091
sub-10052	ses-1	run-02	0	19	37	1	18	21	37	47	47	37	right	left	1.0	510.4904999898281	True	True	win	31	48.745938301086426	104158.7387197	1789673730649.9243	49.04998755455017	104159.0427985	1789673730953.9736	49.56047805454	104159.55328899999	1789673731464.464	104159.8073821	50.400737285614014	104160.3935527	1789673732304.7231	104160.3935527	582.568808146434	300.0	0.0	104109.9922656	1789673681903.986	601.1811232566833	104711.1852826	1789674283085.1091
sub-10052	ses-1	run-02	0	20	37	1	19	21	37	47	47	37	right	left	1.0	565.5184000061126	True	False	loss	32	51.402377128601074	104161.3955338	1789673733306.363	51.70678162574768	104161.6996416	1789673733610.7676	52.27230002575379	104162.26516000001	1789673734176.286	104162.5195136	53.07440447807312	104163.0673112	1789673734978.3904	104163.0673112	543.3712707383962	300.0	0.0	104109.9922656	1789673681903.986	601.1811232566833	104711.1852826	1789674283085.1091
sub-10052	ses-1	run-02	0	21	37	1	20	21	37	47	47	37	right	left	1.0	443.84350000473205	True	True	win	31	54.07519340515137	104164.0688581	1789673735979.1794	54.38038158416748	104164.3733042	1789673736284.3677	54.82422508417221	104164.8171477	1789673736728.2112	104165.0718144	55.77145767211914	104165.7644142	1789673737675.4436	104165.7644142	688.5030651464608	300.0	0.0	104109.9922656	1789673681903.986	601.1811232566833	104711.1852826	1789674283085.1091
sub-10052	ses-1	run-02	0	22	47	2	0	22	37	47	37	47	left	right	1.0	618.4707999927923	False	False	loss	32	56.77284789085388	104166.7657431	1789673738676.834	57.07781744003296	104167.0706854	1789673738981.8035	57.69628824002575	104167.6891562	1789673739600.2742	104167.9447608	58.49689817428589	104168.4905874	1789673740400.884	104168.4905874	541.8064977843526	300.0	0.0	104109.9922656	1789673681903.986	601.1811232566833	104711.1852826	1789674283085.1091
sub-10052	ses-1	run-02	0	23	47	2	1	22	37	47	47	37	right	left	1.0	347.44209999917075	False	True	win	31	59.499773263931274	104169.4930223	1789673741403.7593	59.804755210876465	104169.7977707	1789673741708.7412	60.152197310875636	104170.1452128	1789673742056.1833	104170.4017569	61.09358811378479	104171.0874335	1789673742997.574	104171.0874335	681.8292872765195	300.0	0.0	104109.9922656	1789673681903.986	601.1811232566833	104711.1852826	1789674283085.1091
sub-10052	ses-1	run-02	0	24	47	2	2	22	37	47	37	47	left	right	1.0	647.25300000282	False	False	loss	32	62.09625315666199	104172.0894015	1789673744000.239	62.400994300842285	104172.3940615	1789673744304.9802	63.048247300845105	104173.0413145	1789673744952.2332	104173.2938163	63.994871377944946	104173.9879791	1789673745898.8574	104173.9879791	689.8338239417423	300.0	0.0	104109.9922656	1789673681903.986	601.1811232566833	104711.1852826	1789674283085.1091
sub-10052	ses-1	run-02	0	25	47	2	3	22	37	47	47	37	right	left	1.0	450.54520000121556	False	False	loss	32	64.99640703201294	104174.9903287	1789673746900.393	65.30150628089905	104175.2946576	1789673747205.4922	65.75205148090026	104175.7452028	1789673747656.0374	104175.9983091	66.59843850135803	104176.5916435	1789673748502.4246	104176.5916435	589.7328043453632	300.0	0.0	104109.9922656	1789673681903.986	601.1811232566833	104711.1852826	1789674283085.1091
sub-10052	ses-1	run-02	0	26	47	2	4	22	37	47	37	47	left	right	1.0	559.8553000018001	False	False	loss	32	67.60001301765442	104177.5933043	1789673749503.999	67.904212474823	104177.8973796	1789673749808.1985	68.4640677748248	104178.45723490001	1789673750368.0537	104178.7113735	69.33756756782532	104179.3308003	1789673751241.5535	104179.3308003	615.2395450414059	300.0	0.0	104109.9922656	1789673681903.986	601.1811232566833	104711.1852826	1789674283085.1091
sub-10052	ses-1	run-02	0	27	47	2	5	22	37	47	37	47	left	right					miss	33	70.34018421173096	104180.3335301	1789673752244.1702	70.64433026313782	104180.6376095	1789673752548.3162					72.53087568283081	104182.5240902	1789673754434.8616	104182.5240902	628.8959089616802	300.0	0.0	104109.9922656	1789673681903.986	601.1811232566833	104711.1852826	1789674283085.1091
sub-10052	ses-1	run-02	0	28	47	2	6	22	37	47	47	37	right	left	1.0	379.6615000028396	False	False	loss	32	73.5321753025055	104183.5258582	1789673755436.1614	73.83631753921509	104183.8296469	1789673755740.3035	74.21597903921793	104184.20930840001	1789673756119.965	104184.4632121	75.01469302177429	104185.0080503	1789673756918.679	104185.0080503	540.0439003944502	300.0	0.0	104109.9922656	1789673681903.986	601.1811232566833	104711.1852826	1789674283085.1091
sub-10052	ses-1	run-02	0	29	47	2	7	22	37	47	47	37	right	left	1.0	551.0203000012552	False	True	win	31	76.016916513443	104186.0101842	1789673757920.9026	76.32083654403687	104186.3142095	1789673758224.8225	76.87185684403812	104186.8652298	1789673758775.8428	104187.1186214	77.64333033561707	104187.6370668	1789673759547.3164	104187.6370668	514.3467783943952	300.0	0.0	104109.9922656	1789673681903.986	601.1811232566833	104711.1852826	1789674283085.1091
sub-10052	ses-1	run-02	0	30	47	2	8	22	37	47	47	37	right	left	1.0	554.3074000015622	False	False	loss	32	78.64558839797974	104188.6388547	1789673760549.5745	78.94957613945007	104188.9428214	1789673760853.562	79.50388353945164	104189.49712880001	1789673761407.8694	104189.7517721	80.43771696090698	104190.4311063	1789673762341.703	104190.4311063	675.6823915683085	300.0	0.0	104109.9922656	1789673681903.986	601.1811232566833	104711.1852826	1789674283085.1091
sub-10052	ses-1	run-02	0	31	47	2	9	22	37	47	47	37	right	left	1.0	623.5610000003362	False	False	loss	32	81.43942952156067	104191.4328752	1789673763343.4155	81.74417424201965	104191.7376009	1789673763648.1602	82.36773524201999	104192.3611619	1789673764271.7212	104192.6168552	83.17373657226562	104193.1672457	1789673765077.7227	104193.1672457	546.8018901147694	300.0	0.0	104109.9922656	1789673681903.986	601.1811232566833	104711.1852826	1789674283085.1091
sub-10052	ses-1	run-02	0	32	47	2	10	22	37	47	37	47	left	right	1.0	694.4644000031985	False	True	win	31	84.17565083503723	104194.1695492	1789673766079.6367	84.48112607002258	104194.4746301	1789673766385.112	85.17559047002578	104195.1690945	1789673767079.5764	104195.4237361	86.12939620018005	104196.1232655	1789673768033.382	104196.1232655	695.5186709525103	300.0	0.0	104109.9922656	1789673681903.986	601.1811232566833	104711.1852826	1789674283085.1091
sub-10052	ses-1	run-02	0	33	47	2	11	22	37	47	47	37	right	left	1.0	555.9068000002299	False	False	loss	32	87.13182139396667	104197.1252392	1789673769035.8074	87.43583941459656	104197.4292878	1789673769339.8254	87.99174621459679	104197.9851946	1789673769895.7322	104198.2374864	88.77405381202698	104198.7684602	1789673770678.0398	104198.7684602	526.5787026770797	300.0	0.0	104109.9922656	1789673681903.986	601.1811232566833	104711.1852826	1789674283085.1091
sub-10052	ses-1	run-02	0	34	47	2	12	22	37	47	37	47	left	right	1.0	1054.513399998541	False	False	loss	32	89.77638387680054	104199.7704039	1789673771680.3699	90.08105778694153	104200.0746896	1789673771985.0437	91.13557118694007	104201.129203	1789673773039.5571	104201.3854545	91.94112348556519	104201.9348139	1789673773845.1094	104201.9348139	545.537732767293	300.0	0.0	104109.9922656	1789673681903.986	601.1811232566833	104711.1852826	1789674283085.1091
sub-10052	ses-1	run-02	0	35	47	2	13	22	37	47	37	47	left	right	1.0	472.1628999977838	False	False	loss	32	92.942556142807	104202.9369313	1789673774846.5422	93.2473361492157	104203.2409358	1789673775151.322	93.71949904921348	104203.7130987	1789673775623.4849	104203.9694717	94.49129343032837	104204.4850161	1789673776395.2793	104204.4850161	511.9485553878376	300.0	0.0	104109.9922656	1789673681903.986	601.1811232566833	104711.1852826	1789674283085.1091
sub-10052	ses-1	run-02	0	36	47	2	14	22	37	47	47	37	right	left	1.0	658.0567999917548	False	False	loss	32	95.49346828460693	104205.4870634	1789673777397.4543	95.7975709438324	104205.7913116	1789673777701.557	96.45562774382415	104206.44936839999	1789673778359.6138	104206.7061655	97.33773684501648	104207.3317145	1789673779241.723	104207.3317145	621.4729360988435	300.0	0.0	104109.9922656	1789673681903.986	601.1811232566833	104711.1852826	1789674283085.1091
sub-10052	ses-1	run-02	0	37	47	2	15	22	37	47	37	47	left	right	1.0	635.7793000061065	False	False	loss	32	98.33860611915588	104208.3331906	1789673780242.592	98.6434874534607	104208.6373445	1789673780547.4734	99.2792667534668	104209.27312380001	1789673781183.2527	104209.526931	100.2211287021637	104210.2149502	1789673782125.1147	104210.2149502	683.1555277601769	300.0	0.0	104109.9922656	1789673681903.986	601.1811232566833	104711.1852826	1789674283085.1091
sub-10052	ses-1	run-02	0	38	47	2	16	22	37	47	37	47	left	right	1.0	719.9813000042923	False	False	loss	32	101.2228364944458	104211.2166099	1789673783126.8225	101.52722978591919	104211.5211141	1789673783431.2158	102.24721108592348	104212.24109540001	1789673784151.197	104212.4976082	103.08677124977112	104213.0806637	1789673784990.7573	104213.0806637	579.7771101926958	300.0	0.0	104109.9922656	1789673681903.986	601.1811232566833	104711.1852826	1789674283085.1091
sub-10052	ses-1	run-02	0	39	47	2	17	22	37	47	37	47	left	right	1.0	598.3429000043543	False	False	loss	32	104.08898448944092	104214.0827814	1789673785992.9705	104.39301013946533	104214.3869617	1789673786296.996	104.99135303946969	104214.9853046	1789673786895.339	104215.2418904	105.77474355697632	104215.7686708	1789673787678.7295	104215.7686708	523.816458867971	300.0	0.0	104109.9922656	1789673681903.986	601.1811232566833	104711.1852826	1789674283085.1091
sub-10052	ses-1	run-02	0	40	47	2	18	22	37	47	37	47	left	right	1.0	501.87320000259206	False	False	loss	32	106.77736115455627	104216.7712708	1789673788681.3472	107.08136105537415	104217.0753303	1789673788985.347	107.58323425537674	104217.5772035	1789673789487.2202	104217.829394	108.4856607913971	104218.4796615	1789673790389.6467	104218.4796615	646.2766328281796	300.0	0.0	104109.9922656	1789673681903.986	601.1811232566833	104711.1852826	1789674283085.1091
sub-10052	ses-1	run-02	0	41	47	2	19	22	37	47	37	47	left	right	1.0	983.7592000112636	False	False	loss	32	109.48614954948425	104219.4809644	1789673791390.1355	109.79133462905884	104219.7853958	1789673791695.3206	110.7750938290701	104220.76915500002	1789673792679.0798	104221.0222338	111.65052103996277	104221.6446522	1789673793554.507	104221.6446522	618.7217585483447	300.0	0.0	104109.9922656	1789673681903.986	601.1811232566833	104711.1852826	1789674283085.1091
sub-10052	ses-1	run-02	0	42	47	2	20	22	37	47	47	37	right	left	1.0	378.3856000081869	False	False	loss	32	112.65242171287537	104222.6464287	1789673794556.4077	112.9566810131073	104222.9507326	1789673794860.667	113.33506661311549	104223.32911820001	1789673795239.0525	104223.5839434	114.19394755363464	104224.1881153	1789673796097.9336	104224.1881153	600.469418666279	300.0	0.0	104109.9922656	1789673681903.986	601.1811232566833	104711.1852826	1789674283085.1091
sub-10052	ses-1	run-02	0	43	47	2	21	22	37	47	37	47	left	right	2.0	626.7303999920841	True	True	win	31	115.19583892822266	104225.1899601	1789673797099.825	115.50026559829712	104225.494378	1789673797404.2515	116.1269959982892	104226.1211084	1789673798030.982	104226.3746631	116.92491626739502	104226.9191514	1789673798828.9023	104226.9191514	540.451053340199	300.0	0.0	104109.9922656	1789673681903.986	601.1811232566833	104711.1852826	1789674283085.1091
sub-10052	ses-1	run-02	0	44	37	3	0	23	37	47	37	47	left	right	1.0	632.2383999940939	True	False	loss	32	117.92634415626526	104227.9206127	1789673799830.33	118.23076915740967	104228.2249999	1789673800134.7551	118.86300755740376	104228.8572383	1789673800766.9934	104229.1089138	119.77310013771057	104229.7677512	1789673801677.0862	104229.7677512	655.9604031593249	300.0	0.0	104109.9922656	1789673681903.986	601.1811232566833	104711.1852826	1789674283085.1091
sub-10052	ses-1	run-02	0	45	37	3	1	23	37	47	37	47	left	right	1.0	664.0494999883231	True	True	win	31	120.77472615242004	104230.7689609	1789673802678.7122	121.07889342308044	104231.0730745	1789673802982.8794	121.74294292306877	104231.73712399999	1789673803646.929	104231.992569	122.66603946685791	104232.6603791	1789673804570.0254	104232.6603791	663.8200771791884	300.0	0.0	104109.9922656	1789673681903.986	601.1811232566833	104711.1852826	1789674283085.1091
sub-10052	ses-1	run-02	0	46	37	3	2	23	37	47	47	37	right	left	1.0	386.6470000066329	True	False	loss	32	123.66788983345032	104233.662115	1789673805571.8757	123.97231864929199	104233.9666715	1789673805876.3047	124.35896564929863	104234.35331850001	1789673806262.9517	104234.6104274	125.28769373893738	104235.2820124	1789673807191.6797	104235.2820124	667.6198752355186	300.0	0.0	104109.9922656	1789673681903.986	601.1811232566833	104711.1852826	1789674283085.1091
sub-10052	ses-1	run-02	0	47	37	3	3	23	37	47	47	37	right	left	1.0	340.84119999897666	True	True	win	31	126.2893705368042	104236.2836613	1789673808193.3564	126.59324502944946	104236.5882783	1789673808497.231	126.93408622944844	104236.9291195	1789673808838.0723	104237.1816051	127.81977725028992	104237.8142454	1789673809723.7632	104237.8142454	628.8669386407157	300.0	0.0	104109.9922656	1789673681903.986	601.1811232566833	104711.1852826	1789674283085.1091
sub-10052	ses-1	run-02	0	48	37	3	4	23	37	47	47	37	right	left	2.0	865.0607000017771	False	False	loss	32	128.8214921951294	104238.8158345	1789673810725.4783	129.12523865699768	104239.1201252	1789673811029.2246	129.99029935699946	104239.9851859	1789673811894.2854	104240.241372	130.84130907058716	104240.8357498	1789673812745.2952	104240.8357498	590.1654270998154	300.0	0.0	104109.9922656	1789673681903.986	601.1811232566833	104711.1852826	1789674283085.1091
sub-10052	ses-1	run-02	0	49	37	3	5	23	37	47	47	37	right	left	2.0	442.5617999950191	False	False	loss	32	131.8436200618744	104241.8381827	1789673813747.606	132.1481237411499	104242.1425434	1789673814052.1096	132.59068554114492	104242.58510519999	1789673814494.6714	104242.8414706	133.51226472854614	104243.5067875	1789673815416.2507	104243.5067875	661.5373302934365	300.0	0.0	104109.9922656	1789673681903.986	601.1811232566833	104711.1852826	1789674283085.1091
sub-10052	ses-1	run-02	0	50	37	3	6	23	37	47	37	47	left	right	1.0	388.1543000024976	True	False	loss	32	134.514221906662	104244.508953	1789673816418.2078	134.81858801841736	104244.8131354	1789673816722.574	135.20674231841986	104245.20128970001	1789673817110.7283	104245.4568675	136.04425883293152	104246.0388747	1789673817948.2449	104246.0388747	577.4311592532823	300.0	0.0	104109.9922656	1789673681903.986	601.1811232566833	104711.1852826	1789674283085.1091
sub-10052	ses-1	run-02	0	51	37	3	7	23	37	47	37	47	left	right	2.0	200.19719999982044	False	True	win	31	137.04606175422668	104247.0405277	1789673818950.0479	137.35034227371216	104247.344909	1789673819254.3284	137.55053947371198	104247.5451062	1789673819454.5256	104247.7977645	138.49473786354065	104248.4893442	1789673820398.7239	104248.4893442	687.7984683080358	300.0	0.0	104109.9922656	1789673681903.986	601.1811232566833	104711.1852826	1789674283085.1091
sub-10052	ses-1	run-02	0	52	37	3	8	23	37	47	47	37	right	left	1.0	1052.878700007568	True	True	win	31	139.49792408943176	104249.4924312	1789673821401.9102	139.80196070671082	104249.7964789	1789673821705.9468	140.85483940671838	104250.8493576	1789673822758.8254	104251.1027966	141.6843762397766	104251.6790858	1789673823588.3623	104251.6790858	572.1992360755728	300.0	0.0	104109.9922656	1789673681903.986	601.1811232566833	104711.1852826	1789674283085.1091
sub-10052	ses-1	run-02	0	53	37	3	9	23	37	47	37	47	left	right	1.0	847.4220000061905	True	True	win	31	142.6871359348297	104252.6817362	1789673824591.1218	142.99109029769897	104252.9858031	1789673824895.0762	143.83851229770517	104253.83322510001	1789673825742.4983	104254.0859228	144.69267559051514	104254.6873481	1789673826596.6616	104254.6873481	597.8417655137877	300.0	0.0	104109.9922656	1789673681903.986	601.1811232566833	104711.1852826	1789674283085.1091
sub-10052	ses-1	run-02	0	54	37	3	10	23	37	47	47	37	right	left	1.0	591.1054000025615	True	False	loss	32	145.69482946395874	104255.6895364	1789673827598.8154	145.99938130378723	104255.9941748	1789673827903.3672	146.5904867037898	104256.5852802	1789673828494.4727	104256.838448	147.53963255882263	104257.5344951	1789673829443.6187	104257.5344951	692.7401382001767	300.0	0.0	104109.9922656	1789673681903.986	601.1811232566833	104711.1852826	1789674283085.1091
sub-10052	ses-1	run-02	0	55	37	3	11	23	37	47	47	37	right	left	1.0	664.5065000047907	True	False	loss	32	148.54036593437195	104258.5359576	1789673830444.3518	148.8457624912262	104258.8406704	1789673830749.7485	149.510268991231	104259.5051769	1789673831414.2551	104259.7601267	150.3384838104248	104260.3333922	1789673832242.4697	104260.3333922	568.2406301258291	300.0	0.0	104109.9922656	1789673681903.986	601.1811232566833	104711.1852826	1789674283085.1091
sub-10052	ses-1	run-02	0	56	37	3	12	23	37	47	47	37	right	left	2.0	617.5723000051221	False	True	win	31	151.34082508087158	104261.3356194	1789673833244.811	151.6448197364807	104261.6397476	1789673833548.8057	152.26239203648583	104262.2573199	1789673834166.378	104262.5140469	153.08498334884644	104263.0799538	1789673834988.9692	104263.0799538	561.0473678687069	300.0	0.0	104109.9922656	1789673681903.986	601.1811232566833	104711.1852826	1789674283085.1091
sub-10052	ses-1	run-02	0	57	37	3	13	23	37	47	47	37	right	left	1.0	607.1809999994002	True	True	win	31	154.0867829322815	104264.0815629	1789673835990.7688	154.39101791381836	104264.3860108	1789673836295.004	154.99819891381776	104264.9931918	1789673836902.1848	104265.2455336	155.81010961532593	104265.8051259	1789673837714.0957	104265.8051259	555.3029337311744	300.0	0.0	104109.9922656	1789673681903.986	601.1811232566833	104711.1852826	1789674283085.1091
sub-10052	ses-1	run-02	0	58	37	3	14	23	37	47	37	47	left	right	1.0	681.7949000105727	True	True	win	31	156.81196093559265	104266.8068144	1789673838715.947	157.11649751663208	104267.1115232	1789673839020.4834	157.79829241664265	104267.79331810001	1789673839702.2783	104268.0466348	158.64296627044678	104268.6380348	1789673840546.9521	104268.6380348	587.4631259518949	300.0	0.0	104109.9922656	1789673681903.986	601.1811232566833	104711.1852826	1789674283085.1091
sub-10052	ses-1	run-02	0	59	37	3	15	23	37	47	37	47	left	right	1.0	665.8084000082454	True	False	loss	32	159.64413142204285	104269.6392622	1789673841548.1174	159.94752192497253	104269.9433767	1789673841851.5078	160.61333032498078	104270.60918510001	1789673842517.3162	104270.8631592	161.38016939163208	104271.3753619	1789673843284.1553	104271.3753619	508.952534846559	300.0	0.0	104109.9922656	1789673681903.986	601.1811232566833	104711.1852826	1789674283085.1091
sub-10052	ses-1	run-02	0	60	37	3	16	23	37	47	37	47	left	right	1.0	542.8871999902185	True	True	win	31	162.3827521800995	104272.377978	1789673844286.738	162.68722558021545	104272.6823619	1789673844591.2117	163.23011278020567	104273.2252491	1789673845134.0989	104273.4814051	164.14003157615662	104274.1351969	1789673846044.0176	104274.1351969	649.7444301044353	300.0	0.0	104109.9922656	1789673681903.986	601.1811232566833	104711.1852826	1789674283085.1091
sub-10052	ses-1	run-02	0	61	37	3	17	23	37	47	47	37	right	left	1.0	607.8513999964343	True	True	win	31	165.142187833786	104275.1372024	1789673847046.1738	165.44608187675476	104275.4412787	1789673847350.0679	166.0539332767512	104276.0491301	1789673847957.9192	104276.3065419	167.00676345825195	104277.0018367	1789673848910.7495	104277.0018367	690.8115964957424	300.0	0.0	104109.9922656	1789673681903.986	601.1811232566833	104711.1852826	1789674283085.1091
sub-10052	ses-1	run-02	0	62	37	3	18	23	37	47	47	37	right	left	1.0	596.93219998735	True	False	loss	32	168.00750613212585	104278.0034967	1789673849911.4922	168.31299924850464	104278.3082635	1789673850216.985	168.909931448492	104278.90519569999	1789673850813.9172	104279.1574549	169.83282160758972	104279.82811	1789673851736.8076	104279.82811	666.4578884028896	300.0	0.0	104109.9922656	1789673681903.986	601.1811232566833	104711.1852826	1789674283085.1091
sub-10052	ses-1	run-02	0	63	37	3	19	23	37	47	37	47	left	right	1.0	506.77220000943635	True	True	win	31	170.83473944664001	104280.8298941	1789673852738.7253	171.1389684677124	104281.1342862	1789673853042.9543	171.64574066772184	104281.64105840001	1789673853549.7266	104281.8933301	172.54662346839905	104282.5419307	1789673854450.6094	104282.5419307	644.0331912815378	300.0	0.0	104109.9922656	1789673681903.986	601.1811232566833	104711.1852826	1789674283085.1091
sub-10052	ses-1	run-02	0	64	37	3	20	23	37	47	37	47	left	right	1.0	665.1066000049468	True	True	win	31	173.54796385765076	104283.5432166	1789673855451.95	173.85258436203003	104283.8479332	1789673855756.5703	174.51769096203498	104284.5130398	1789673856421.677	104284.7671486	175.28293108940125	104285.2782696	1789673857186.917	104285.2782696	507.248847068845	300.0	0.0	104109.9922656	1789673681903.986	601.1811232566833	104711.1852826	1789674283085.1091
sub-10052	ses-1	run-02	0	65	37	3	21	23	37	47	47	37	right	left	1.0	448.7040999956662	True	True	win	31	176.284850358963	104286.2802214	1789673858188.8364	176.58855986595154	104286.5843947	1789673858492.546	177.0372639659472	104287.03309879999	1789673858941.25	104287.2883222	177.92622065544128	104287.9215563	1789673859830.2065	104287.9215563	629.2664067215414	300.0	0.0	104109.9922656	1789673681903.986	601.1811232566833	104711.1852826	1789674283085.1091
sub-10052	ses-1	run-02	0	66	37	3	22	23	37	47	37	47	left	right	1.0	643.7160999921616	True	True	win	31	178.92863702774048	104288.9248594	1789673860832.623	179.2338089942932	104289.2294094	1789673861137.795	179.87752509428537	104289.87312549999	1789673861781.511	104290.129256	180.83573365211487	104290.8311834	1789673862739.7197	104290.8311834	697.1973041601647	300.0	0.0	104109.9922656	1789673681903.986	601.1811232566833	104711.1852826	1789674283085.1091
sub-10052	ses-1	run-02	0	67	47	4	0	22	37	47	37	47	left	right	1.0	559.8864999919897	False	False	loss	32	181.83774495124817	104291.8331142	1789673863741.731	182.14170789718628	104292.1372856	1789673864045.6938	182.70159439717827	104292.69717209999	1789673864605.5803	104292.9519442	183.50661325454712	104293.5021485	1789673865410.599	104293.5021485	546.724442749879	300.0	0.0	104109.9922656	1789673681903.986	601.1811232566833	104711.1852826	1789674283085.1091
sub-10052	ses-1	run-02	0	68	47	4	1	22	37	47	47	37	right	left					miss	33	184.50878715515137	104294.5042609	1789673866412.7732	184.81314253807068	104294.808771	1789673866717.1284					186.68412923812866	104296.6797838	1789673868588.1152	104296.6797838	612.4832883578508	300.0	0.0	104109.9922656	1789673681903.986	601.1811232566833	104711.1852826	1789674283085.1091
sub-10052	ses-1	run-02	0	69	47	4	2	22	37	47	47	37	right	left	1.0	623.0803000071319	False	True	win	31	187.68611574172974	104297.6818162	1789673869590.1018	187.99028873443604	104297.9859362	1789673869894.2747	188.61336903444317	104298.6090165	1789673870517.355	104298.8649565	189.55398106575012	104299.5496757	1789673871457.967	104299.5496757	680.2807001309449	300.0	0.0	104109.9922656	1789673681903.986	601.1811232566833	104711.1852826	1789674283085.1091
sub-10052	ses-1	run-02	0	70	47	4	3	22	37	47	47	37	right	left	1.0	577.2714000049746	False	False	loss	32	190.55555605888367	104300.5512513	1789673872459.542	190.86016249656677	104300.8558885	1789673872764.1484	191.43743389657175	104301.4331599	1789673873341.42	104301.6859465	192.29888010025024	104302.2946352	1789673874202.866	104302.2946352	604.7163720647428	300.0	0.0	104109.9922656	1789673681903.986	601.1811232566833	104711.1852826	1789674283085.1091
sub-10052	ses-1	run-02	0	71	47	4	4	22	37	47	47	37	right	left	1.0	544.2449999973178	False	False	loss	32	193.30049991607666	104303.2969649	1789673875204.4858	193.60509133338928	104303.6008674	1789673875509.0774	194.1493363333866	104304.1451124	1789673876053.3225	104304.4000591	195.059636592865	104305.0554477	1789673876963.6226	104305.0554477	650.1929656259086	300.0	0.0	104109.9922656	1789673681903.986	601.1811232566833	104711.1852826	1789674283085.1091
sub-10052	ses-1	run-02	0	72	47	4	5	22	37	47	47	37	right	left	1.0	575.3819000092335	False	False	loss	32	196.0606496334076	104306.0570452	1789673877964.6355	196.36581683158875	104306.3616601	1789673878269.8027	196.94119873159798	104306.937042	1789673878845.1846	104307.1911891	197.81379866600037	104307.8096492	1789673879717.7847	104307.8096492	614.1894712433495	300.0	0.0	104109.9922656	1789673681903.986	601.1811232566833	104711.1852826	1789674283085.1091
sub-10052	ses-1	run-02	0	73	47	4	6	22	37	47	37	47	left	right	1.0	276.61970000190195	False	False	loss	32	198.81635689735413	104308.8121392	1789673880720.3428	199.12055802345276	104309.1164336	1789673881024.544	199.39717772345466	104309.3930533	1789673881301.1636	104309.6492568	200.24293208122253	104310.2388451	1789673882146.918	104310.2388451	585.2255571623833	300.0	0.0	104109.9922656	1789673681903.986	601.1811232566833	104711.1852826	1789674283085.1091
sub-10052	ses-1	run-02	0	74	47	4	7	22	37	47	37	47	left	right	1.0	768.0625999928452	False	False	loss	32	201.24483370780945	104311.2406604	1789673883148.8196	201.54908180236816	104311.5450127	1789673883453.0679	202.317144402361	104312.31307529999	1789673884221.1304	104312.5695394	203.11756300926208	104313.113571	1789673885021.549	104313.113571	539.1022166080559	300.0	0.0	104109.9922656	1789673681903.986	601.1811232566833	104711.1852826	1789674283085.1091
sub-10052	ses-1	run-02	0	75	47	4	8	22	37	47	37	47	left	right	1.0	1188.551400002325	False	True	win	31	204.12063026428223	104314.1166658	1789673886024.6162	204.42457175254822	104314.4205617	1789673886328.5576	205.61312315255054	104315.6091131	1789673887517.1091	104315.8614365	206.4971182346344	104316.4931971	1789673888401.1042	104316.4931971	627.3339983699564	300.0	0.0	104109.9922656	1789673681903.986	601.1811232566833	104711.1852826	1789674283085.1091
sub-10052	ses-1	run-02	0	76	47	4	9	22	37	47	37	47	left	right	1.0	778.0715999979293	False	False	loss	32	207.49896001815796	104317.4948383	1789673889402.946	207.80297255516052	104317.7990125	1789673889706.9585	208.58104415515845	104318.5770841	1789673890485.03	104318.8338392	209.37002611160278	104319.3661555	1789673891274.0122	104319.3661555	528.5052257154687	300.0	0.0	104109.9922656	1789673681903.986	601.1811232566833	104711.1852826	1789674283085.1091
sub-10052	ses-1	run-02	0	77	47	4	10	22	37	47	37	47	left	right	2.0	520.3897999890614	True	True	win	31	210.37181425094604	104320.3682145	1789673892275.8003	210.67664074897766	104320.6727597	1789673892580.6267	211.19703054896672	104321.19314949999	1789673893101.0166	104321.4467716	212.01810503005981	104322.0142248	1789673893922.091	104322.0142248	563.361183124905	300.0	0.0	104109.9922656	1789673681903.986	601.1811232566833	104711.1852826	1789674283085.1091
sub-10052	ses-1	run-02	0	78	47	4	11	22	37	47	37	47	left	right	1.0	889.1500000027008	False	True	win	31	213.01951599121094	104323.0156416	1789673894923.502	213.32364797592163	104323.319865	1789673895227.634	214.21279797592433	104324.209015	1789673896116.784	104324.4647602	215.140953540802	104325.1372696	1789673897044.9395	104325.1372696	667.1169591114983	300.0	0.0	104109.9922656	1789673681903.986	601.1811232566833	104711.1852826	1789674283085.1091
sub-10052	ses-1	run-02	0	79	47	4	12	22	37	47	37	47	left	right	1.0	565.8792000031099	False	False	loss	32	216.14241290092468	104326.1386442	1789673898046.399	216.44694185256958	104326.4431639	1789673898350.9277	217.0128210525727	104327.0090431	1789673898916.807	104327.2619469	217.78496408462524	104327.7812551	1789673899688.95	104327.7812551	515.095119171634	300.0	0.0	104109.9922656	1789673681903.986	601.1811232566833	104711.1852826	1789674283085.1091
sub-10052	ses-1	run-02	0	80	47	4	13	22	37	47	47	37	right	left	2.0	1025.6234999978915	True	True	win	31	218.7867283821106	104328.7830887	1789673900690.7144	219.09107637405396	104329.0874312	1789673900995.0623	220.11669987405185	104330.11305469999	1789673902020.6858	104330.3676061	220.989675283432	104330.9858191	1789673902893.6614	104330.9858191	614.8150995799233	300.0	0.0	104109.9922656	1789673681903.986	601.1811232566833	104711.1852826	1789674283085.1091
sub-10052	ses-1	run-02	0	81	47	4	14	22	37	47	37	47	left	right	2.0	883.7969000014709	True	True	win	31	221.9923801422119	104331.9887399	1789673903896.3662	222.2968168258667	104332.2932156	1789673904200.8027	223.18061372586817	104333.1770125	1789673905084.5996	104333.4331664	224.13073658943176	104334.1271266	1789673906034.7227	104334.1271266	689.2780511323289	300.0	0.0	104109.9922656	1789673681903.986	601.1811232566833	104711.1852826	1789674283085.1091
sub-10052	ses-1	run-02	0	82	47	4	15	22	37	47	37	47	left	right	1.0	687.5408999912906	False	True	win	31	225.1333076953888	104335.1296321	1789673907037.2937	225.4370949268341	104335.4335557	1789673907341.0808	226.1246358268254	104336.12109659999	1789673908028.6218	104336.3777149	226.95615887641907	104336.9526747	1789673908860.1448	104336.9526747	570.4492405072589	300.0	0.0	104109.9922656	1789673681903.986	601.1811232566833	104711.1852826	1789674283085.1091
sub-10052	ses-1	run-02	0	83	47	4	16	22	37	47	47	37	right	left	1.0	598.0509999935748	False	True	win	31	227.95790934562683	104337.954358	1789673909861.8953	228.26254105567932	104338.2590415	1789673910166.527	228.8605920556729	104338.8570925	1789673910764.5781	104339.1128543	229.7316632270813	104339.7282322	1789673911635.6492	104339.7282322	611.7595335504511	300.0	0.0	104109.9922656	1789673681903.986	601.1811232566833	104711.1852826	1789674283085.1091
sub-10052	ses-1	run-02	0	84	47	4	17	22	37	47	37	47	left	right	1.0	789.7082999988925	False	False	loss	32	230.73396182060242	104340.7306029	1789673912637.9478	231.03850030899048	104341.0353152	1789673912942.4863	231.82820860898937	104341.8250235	1789673913732.1946	104342.0809653	232.60625219345093	104342.6026746	1789673914510.2383	104342.6026746	517.193091266182	300.0	0.0	104109.9922656	1789673681903.986	601.1811232566833	104711.1852826	1789674283085.1091
sub-10052	ses-1	run-02	0	85	47	4	18	22	37	47	37	47	left	right	1.0	812.1329999994487	False	True	win	31	233.60784935951233	104343.6043514	1789673915511.8354	233.91231727600098	104343.9089483	1789673915816.3032	234.72445027600043	104344.7210813	1789673916628.4363	104344.9740358	235.6064257621765	104345.6030886	1789673917510.4116	104345.6030886	624.251632504969	300.0	0.0	104109.9922656	1789673681903.986	601.1811232566833	104711.1852826	1789674283085.1091
sub-10052	ses-1	run-02	0	86	47	4	19	22	37	47	37	47	left	right	1.0	475.09990000980906	False	False	loss	32	236.60913014411926	104346.6058158	1789673918513.1162	236.91329097747803	104346.909938	1789673918817.2769	237.38839087748784	104347.3850379	1789673919292.3767	104347.6396561	238.21496200561523	104348.2116192	1789673920118.948	104348.2116192	568.7478090988436	300.0	0.0	104109.9922656	1789673681903.986	601.1811232566833	104711.1852826	1789674283085.1091
sub-10052	ses-1	run-02	0	87	47	4	20	22	37	47	37	47	left	right	1.0	747.3822999891127	False	False	loss	32	239.21658992767334	104349.2132465	1789673921120.576	239.52092027664185	104349.5176559	1789673921424.9062	240.26830257663096	104350.26503819998	1789673922172.2886	104350.5172581	241.14031314849854	104351.1369375	1789673923044.299	104351.1369375	615.7277107183988	300.0	0.0	104109.9922656	1789673681903.986	601.1811232566833	104711.1852826	1789674283085.1091
sub-10052	ses-1	run-02	0	88	47	4	21	22	37	47	47	37	right	left	1.0	1190.013999992516	False	False	loss	32	242.14197182655334	104352.138717	1789673924045.9578	242.4463713169098	104352.4430642	1789673924350.3572	243.6363853169023	104353.63307819999	1789673925540.371	104353.8898425	244.42454862594604	104354.4213505	1789673926328.5347	104354.4213505	527.3464814059869	300.0	0.0	104109.9922656	1789673681903.986	601.1811232566833	104711.1852826	1789674283085.1091
sub-10052	ses-1	run-02	0	89	37	5	0	20	37	47	37	47	left	right	2.0	568.9208999974653	False	False	loss	32	245.42685198783875	104355.4237601	1789673927330.838	245.73137760162354	104355.7282563	1789673927635.3635	246.300298501621	104356.2971772	1789673928204.2844	104356.5526644	247.07696080207825	104357.0745073	1789673928980.9468	104357.0745073	518.2697607604812	300.0	0.0	104109.9922656	1789673681903.986	601.1811232566833	104711.1852826	1789674283085.1091
sub-10052	ses-1	run-02	0	90	37	5	1	20	37	47	37	47	left	right	2.0	403.7985999893863	False	False	loss	32	248.08026814460754	104358.0771684	1789673929984.2542	248.38437962532043	104358.3812521	1789673930288.3657	248.78817822530982	104358.7850507	1789673930692.1643	104359.0408351	249.64813137054443	104359.6450575	1789673931552.1174	104359.6450575	599.0388241439624	300.0	0.0	104109.9922656	1789673681903.986	601.1811232566833	104711.1852826	1789674283085.1091
sub-10052	ses-1	run-02	0	91	37	5	2	20	37	47	37	47	left	right	1.0	610.0110999977915	True	True	win	31	250.64980149269104	104360.6466885	1789673932553.7874	250.95324158668518	104360.9510024	1789673932857.2275	251.56325268668297	104361.5610135	1789673933467.2385	104361.8160333	252.5220911502838	104362.5194913	1789673934426.0771	104362.5194913	699.3738948184779	300.0	0.0	104109.9922656	1789673681903.986	601.1811232566833	104711.1852826	1789674283085.1091
sub-10052	ses-1	run-02	0	92	37	5	3	20	37	47	47	37	right	left	1.0	687.7325999957975	True	False	loss	32	253.52384638786316	104363.5207689	1789673935427.8323	253.82850790023804	104363.8253717	1789673935732.494	254.51624050023383	104364.5131043	1789673936420.2266	104364.7701836	255.33270001411438	104365.3297451	1789673937236.686	104365.3297451	555.6635770157827	300.0	0.0	104109.9922656	1789673681903.986	601.1811232566833	104711.1852826	1789674283085.1091
sub-10052	ses-1	run-02	0	93	37	5	4	20	37	47	47	37	right	left	1.0	444.6100000059232	True	True	win	31	256.33493185043335	104366.3319128	1789673938238.9177	256.6393768787384	104366.6365161	1789673938543.3628	257.0839868787443	104367.0811261	1789673938987.973	104367.3352852	257.9936411380768	104367.991075	1789673939897.6272	104367.991075	652.8452991841391	300.0	0.0	104109.9922656	1789673681903.986	601.1811232566833	104711.1852826	1789674283085.1091
sub-10052	ses-1	run-02	0	94	37	5	5	20	37	47	37	47	left	right	1.0	447.11829999869224	True	True	win	31	258.9960947036743	104368.9931224	1789673940900.0806	259.3007469177246	104369.2979014	1789673941204.733	259.7478652177233	104369.7450197	1789673941651.8513	104370.0014159	260.5637764930725	104370.5609179	1789673942467.7625	104370.5609179	555.1826784789217	300.0	0.0	104109.9922656	1789673681903.986	601.1811232566833	104711.1852826	1789674283085.1091
sub-10052	ses-1	run-02	0	95	37	5	6	20	37	47	47	37	right	left	1.0	510.0864999985788	True	True	win	31	261.565541267395	104371.5626935	1789673943469.5273	261.86978244781494	104371.8669396	1789673943773.7683	262.3798689478135	104372.3770261	1789673944283.8547	104372.6306761	263.30407667160034	104373.301144	1789673945208.0627	104373.301144	666.2292883940437	300.0	0.0	104109.9922656	1789673681903.986	601.1811232566833	104711.1852826	1789674283085.1091
sub-10052	ses-1	run-02	0	96	37	5	7	20	37	47	47	37	right	left	1.0	409.8180000000866	True	False	loss	32	264.30560994148254	104374.3028995	1789673946209.596	264.60997200012207	104374.6072302	1789673946513.958	265.01979000012216	104375.0170482	1789673946923.7761	104375.2707358	265.83083271980286	104375.8282166	1789673947734.8186	104375.8282166	553.2073248130648	300.0	0.0	104109.9922656	1789673681903.986	601.1811232566833	104711.1852826	1789674283085.1091
sub-10052	ses-1	run-02	0	97	37	5	8	20	37	47	47	37	right	left	1.0	353.2145000062883	True	True	win	31	266.8339810371399	104376.8314012	1789673948737.967	267.1386251449585	104377.1359405	1789673949042.611	267.4918396449648	104377.489155	1789673949395.8257	104377.7447552	268.43404054641724	104378.4321452	1789673950338.0266	104378.4321452	683.8194464002411	300.0	0.0	104109.9922656	1789673681903.986	601.1811232566833	104711.1852826	1789674283085.1091
sub-10052	ses-1	run-02	0	98	37	5	9	20	37	47	37	47	left	right	1.0	573.1208000070183	True	False	loss	32	269.43758487701416	104379.4348454	1789673951341.5708	269.7426686286926	104379.7400318	1789673951646.6545	270.31578942869965	104380.3131526	1789673952219.7754	104380.5692385	271.2549569606781	104381.2521825	1789673953158.9429	104381.2521825	678.7784921026662	300.0	0.0	104109.9922656	1789673681903.986	601.1811232566833	104711.1852826	1789674283085.1091
sub-10052	ses-1	run-02	0	99	37	5	10	20	37	47	47	37	right	left	1.0	587.1257999970112	True	True	win	31	272.256142616272	104382.2535157	1789673954160.1287	272.56071519851685	104382.5581041	1789673954464.7012	273.14784099851386	104383.1452299	1789673955051.827	104383.3974848	274.0553686618805	104384.0528484	1789673955959.3547	104384.0528484	651.42205546877	300.0	0.0	104109.9922656	1789673681903.986	601.1811232566833	104711.1852826	1789674283085.1091
sub-10052	ses-1	run-02	0	100	37	5	11	20	37	47	47	37	right	left	1.0	882.0760999951744	True	True	win	31	275.05747747421265	104385.0549531	1789673956961.4634	275.36151599884033	104385.358968	1789673957265.502	276.2435920988355	104386.2410441	1789673958147.5781	104386.4940345	277.14690947532654	104387.1448449	1789673959050.8955	104387.1448449	646.3232378040838	300.0	0.0	104109.9922656	1789673681903.986	601.1811232566833	104711.1852826	1789674283085.1091
sub-10052	ses-1	run-02	0	101	37	5	12	20	37	47	47	37	right	left	1.0	742.684900003951	True	True	win	31	278.1483852863312	104388.1459153	1789673960052.3713	278.4528012275696	104388.4503611	1789673960356.787	279.19548612757353	104389.193046	1789673961099.472	104389.4451102	280.07094621658325	104390.0685052	1789673961974.9321	104390.0685052	619.4125810083681	300.0	0.0	104109.9922656	1789673681903.986	601.1811232566833	104711.1852826	1789674283085.1091
sub-10052	ses-1	run-02	0	102	37	5	13	20	37	47	37	47	left	right	1.0	569.3635999923572	True	False	loss	32	281.0736994743347	104391.0712577	1789673962977.6855	281.3781313896179	104391.3757025	1789673963282.1174	281.9474949896103	104391.94506609999	1789673963851.481	104392.2008288	282.7624514102936	104392.7601367	1789673964666.4375	104392.7601367	555.7410548539125	300.0	0.0	104109.9922656	1789673681903.986	601.1811232566833	104711.1852826	1789674283085.1091
sub-10052	ses-1	run-02	0	103	37	5	14	20	37	47	37	47	left	right	1.0	678.7557000061497	True	True	win	31	283.76453590393066	104393.7620658	1789673965668.522	284.06879782676697	104394.0662916	1789673965972.7837	284.7475535267731	104394.7450473	1789673966651.5393	104395.0012994	285.6899175643921	104395.6875691	1789673967593.9036	104395.6875691	682.3465216415226	300.0	0.0	104109.9922656	1789673681903.986	601.1811232566833	104711.1852826	1789674283085.1091
sub-10052	ses-1	run-02	0	104	37	5	15	20	37	47	47	37	right	left	1.0	591.3756999943871	True	True	win	31	286.6917004585266	104396.6893076	1789673968595.6865	286.9958300590515	104396.9937395	1789673968899.816	287.5872057590459	104397.5851152	1789673969491.1917	104397.8391743	288.44854640960693	104398.4462939	1789673970352.5325	104398.4462939	603.8892954868658	300.0	0.0	104109.9922656	1789673681903.986	601.1811232566833	104711.1852826	1789674283085.1091
sub-10052	ses-1	run-02	0	105	37	5	16	20	37	47	47	37	right	left	1.0	784.654999995837	True	True	win	31	289.4507336616516	104399.4483799	1789673971354.7197	289.754714012146	104399.7524435	1789673971658.7	290.53936901214183	104400.53709849999	1789673972443.355	104400.7930853	291.44148349761963	104401.4395427	1789673973345.4695	104401.4395427	642.5487357040608	300.0	0.0	104109.9922656	1789673681903.986	601.1811232566833	104711.1852826	1789674283085.1091
sub-10052	ses-1	run-02	0	106	37	5	17	20	37	47	37	47	left	right	1.0	663.2731999998214	True	False	loss	32	292.44280457496643	104402.4409406	1789673974346.7905	292.747998714447	104402.7458624	1789673974651.9846	293.41127191444684	104403.4091356	1789673975315.2578	104403.66533	294.30798506736755	104404.3058563	1789673976211.971	104404.3058563	636.1116962847555	300.0	0.0	104109.9922656	1789673681903.986	601.1811232566833	104711.1852826	1789674283085.1091
sub-10052	ses-1	run-02	0	107	37	5	18	20	37	47	47	37	right	left	1.0	628.8615000084974	True	True	win	31	295.3101119995117	104405.3079004	1789673977214.098	295.6142978668213	104405.6122326	1789673977518.284	296.2431593668298	104406.24109410001	1789673978147.1455	104406.4968237	297.11377692222595	104407.1122852	1789673979017.763	104407.1122852	611.7406373085341	300.0	0.0	104109.9922656	1789673681903.986	601.1811232566833	104711.1852826	1789674283085.1091
sub-10052	ses-1	run-02	0	108	37	5	19	20	37	47	47	37	right	left	1.0	446.7919000016991	True	True	win	31	298.11481738090515	104408.1132252	1789673980018.8035	298.4204089641571	104408.4181981	1789673980324.395	298.8672008641588	104408.86499	1789673980771.187	104409.1222741	299.65174198150635	104409.6502263	1789673981555.728	104409.6502263	523.2939034113482	300.0	0.0	104109.9922656	1789673681903.986	601.1811232566833	104711.1852826	1789674283085.1091
sub-10052	ses-1	run-02	0	109	47	6	0	22	37	47	47	37	right	left	1.0	541.3718999916455	False	False	loss	32	300.6536238193512	104410.6514945	1789673982557.6099	300.9579818248749	104410.9558676	1789673982861.9678	301.4993537248665	104411.4972395	1789673983403.3396	104411.7504786	302.3535907268524	104412.3519196	1789673984257.5767	104412.3519196	597.6212126121582	300.0	0.0	104109.9922656	1789673681903.986	601.1811232566833	104711.1852826	1789674283085.1091
sub-10052	ses-1	run-02	0	110	47	6	1	22	37	47	37	47	left	right	1.0	590.9488000033889	False	False	loss	32	303.35583686828613	104413.3537855	1789673985259.8228	303.660187959671	104413.6581937	1789673985564.1738	304.2511367596744	104414.2491425	1789673986155.1226	104414.5027543	305.1677119731903	104415.1657371	1789673987071.698	104415.1657371	659.003976823966	300.0	0.0	104109.9922656	1789673681903.986	601.1811232566833	104711.1852826	1789674283085.1091
sub-10052	ses-1	run-02	0	111	47	6	2	22	37	47	37	47	left	right	1.0	424.91570000129286	False	False	loss	32	306.1695737838745	104416.1680964	1789673988073.5598	306.47405910491943	104416.4721549	1789673988378.0452	306.8989748049207	104416.8970706	1789673988802.961	104417.1511464	307.67631816864014	104417.6743856	1789673989580.3042	104417.6743856	519.9363594421903	300.0	0.0	104109.9922656	1789673681903.986	601.1811232566833	104711.1852826	1789674283085.1091
sub-10052	ses-1	run-02	0	112	47	6	3	22	37	47	37	47	left	right	1.0	603.0597999924794	False	False	loss	32	308.6796748638153	104418.6777382	1789673990583.661	308.9838843345642	104418.9820849	1789673990887.8704	309.5869441345567	104419.58514469999	1789673991490.9302	104419.8415829	310.5379068851471	104420.5361226	1789673992441.8928	104420.5361226	690.1713849842549	300.0	0.0	104109.9922656	1789673681903.986	601.1811232566833	104711.1852826	1789674283085.1091
sub-10052	ses-1	run-02	0	113	47	6	4	22	37	47	37	47	left	right	2.0	294.60500000277534	True	True	win	31	311.5389633178711	104421.5377589	1789673993442.9492	311.8436782360077	104421.8424774	1789673993747.6643	312.13828323601047	104422.1370824	1789673994042.2693	104422.3914215	313.0055332183838	104423.0037852	1789673994909.5193	104423.0037852	608.4519478839745	300.0	0.0	104109.9922656	1789673681903.986	601.1811232566833	104711.1852826	1789674283085.1091
sub-10052	ses-1	run-02	0	114	47	6	5	22	37	47	47	37	right	left	2.0	467.4883999978192	True	True	win	31	314.00673484802246	104424.0053579	1789673995910.7207	314.31138706207275	104424.3096773	1789673996215.373	314.7788754620706	104424.7771657	1789673996682.8613	104425.0334337	315.7281005382538	104425.7264305	1789673997632.0864	104425.7264305	689.7248523327873	300.0	0.0	104109.9922656	1789673681903.986	601.1811232566833	104711.1852826	1789674283085.1091
sub-10052	ses-1	run-02	0	115	47	6	6	22	37	47	47	37	right	left	2.0	528.2394999958342	True	True	win	31	316.7299439907074	104426.7280789	1789673998633.93	317.034428358078	104427.0327728	1789673998938.4143	317.56266785807384	104427.5610123	1789673999466.6538	104427.8175633	318.3866410255432	104428.3849146	1789674000290.627	104428.3849146	562.7952061664978	300.0	0.0	104109.9922656	1789673681903.986	601.1811232566833	104711.1852826	1789674283085.1091
sub-10052	ses-1	run-02	0	116	47	6	7	22	37	47	37	47	left	right					miss	33	319.38837599754333	104429.3866997	1789674001292.362	319.6913080215454	104429.6897163	1789674001595.294					321.5118103027344	104431.5109864	1789674003415.7964	104431.5109864	562.3129508680549	300.0	0.0	104109.9922656	1789673681903.986	601.1811232566833	104711.1852826	1789674283085.1091
sub-10052	ses-1	run-02	0	117	47	6	8	22	37	47	37	47	left	right	2.0	1121.4107999985572	True	True	win	31	322.51284193992615	104432.511796	1789674004416.828	322.81638741493225	104432.8156464	1789674004721.3743	323.9377982149308	104433.9370572	1789674005842.7852	104434.1921166	324.7874231338501	104434.7859215	1789674006691.4092	104434.7859215	589.5903769984914	300.0	0.0	104109.9922656	1789673681903.986	601.1811232566833	104711.1852826	1789674283085.1091
sub-10052	ses-1	run-02	0	118	47	6	9	22	37	47	47	37	right	left	2.0	580.6422000023304	True	False	loss	32	325.7882535457611	104435.7874655	1789674007692.2395	326.0938832759857	104436.0923289	1789674007997.8691	326.67452547598805	104436.67297110001	1789674008578.5112	104436.9264202	327.54562497138977	104437.5441884	1789674009449.6108	104437.5441884	613.4599475088681	300.0	0.0	104109.9922656	1789673681903.986	601.1811232566833	104711.1852826	1789674283085.1091
sub-10052	ses-1	run-02	0	119	47	6	10	22	37	47	37	47	left	right	2.0	574.7986000060337	True	True	win	31	328.5473554134369	104438.5457396	1789674010451.3413	328.8515362739563	104438.8502002	1789674010755.5222	329.42633487396233	104439.42499880001	1789674011330.3208	104439.6799399	330.25158071517944	104440.2501717	1789674012155.5667	104440.2501717	566.3834627576585	300.0	0.0	104109.9922656	1789673681903.986	601.1811232566833	104711.1852826	1789674283085.1091
sub-10052	ses-1	run-02	0	120	47	6	11	22	37	47	37	47	left	right	2.0	796.6597999911755	True	True	win	31	331.25245666503906	104441.2518222	1789674013156.4426	331.55767798423767	104441.55633	1789674013461.664	332.35433778422885	104442.3529898	1789674014258.324	104442.6062262	333.13014912605286	104443.1288461	1789674015034.135	104443.1288461	518.3744255581687	300.0	0.0	104109.9922656	1789673681903.986	601.1811232566833	104711.1852826	1789674283085.1091
sub-10052	ses-1	run-02	0	121	47	6	12	22	37	47	37	47	left	right	2.0	694.7633000090718	True	True	win	31	334.1311264038086	104444.1303329	1789674016035.1123	334.4355220794678	104444.434227	1789674016339.508	335.13028537947685	104445.12899030001	1789674017034.2712	104445.3835556	335.9133393764496	104445.9120753	1789674017817.3254	104445.9120753	524.5992254717632	300.0	0.0	104109.9922656	1789673681903.986	601.1811232566833	104711.1852826	1789674283085.1091
sub-10052	ses-1	run-02	0	122	47	6	13	22	37	47	47	37	right	left	2.0	550.9185999981128	True	True	win	31	336.9150056838989	104446.9137574	1789674018818.9917	337.2187249660492	104447.218056	1789674019122.711	337.7696435660473	104447.7689746	1789674019673.6296	104448.0226137	338.66817259788513	104448.6670119	1789674020572.1587	104448.6670119	640.7226167942869	300.0	0.0	104109.9922656	1789673681903.986	601.1811232566833	104711.1852826	1789674283085.1091
sub-10052	ses-1	run-02	0	123	47	6	14	22	37	47	37	47	left	right	2.0	715.7411999942269	True	True	win	31	339.6696949005127	104449.6691662	1789674021573.681	339.9736912250519	104449.9733045	1789674021878.6782	340.6894324250461	104450.6890457	1789674022594.4194	104450.9430964	341.6100878715515	104451.6093324	1789674023514.0737	104451.6093324	661.2514351071256	300.0	0.0	104109.9922656	1789673681903.986	601.1811232566833	104711.1852826	1789674283085.1091
sub-10052	ses-1	run-02	0	124	47	6	15	22	37	47	47	37	right	left	1.0	550.3066999954171	False	False	loss	32	342.6115953922272	104452.6105108	1789674024515.5813	342.91580152511597	104452.914665	1789674024819.7876	343.4661082251114	104453.4649717	1789674025370.0942	104453.7187131	344.2582252025604	104454.2571285	1789674026162.2112	104454.2571285	534.1386406674732	300.0	0.0	104109.9922656	1789673681903.986	601.1811232566833	104711.1852826	1789674283085.1091
sub-10052	ses-1	run-02	0	125	47	6	16	22	37	47	47	37	right	left	2.0	436.98420000146143	True	True	win	31	345.2599632740021	104455.2589368	1789674027163.9492	345.5650532245636	104455.5639896	1789674027469.0393	346.00203742456506	104456.00097380001	1789674027906.0234	104456.2576207	346.80367398262024	104456.8028336	1789674028707.66	104456.8028336	541.202529745741	300.0	0.0	104109.9922656	1789673681903.986	601.1811232566833	104711.1852826	1789674283085.1091
sub-10052	ses-1	run-02	0	126	47	6	17	22	37	47	37	47	left	right	2.0	484.4945000077132	True	True	win	31	347.8045995235443	104457.8036729	1789674029708.5854	348.1096532344818	104458.1086377	1789674030013.6392	348.5941477344895	104458.59313220001	1789674030498.1335	104458.8468272	349.51352643966675	104459.5125253	1789674031417.5125	104459.5125253	661.3625289891602	300.0	0.0	104109.9922656	1789673681903.986	601.1811232566833	104711.1852826	1789674283085.1091
sub-10052	ses-1	run-02	0	127	47	6	18	22	37	47	37	47	left	right	2.0	454.61629999044817	True	True	win	31	350.5151250362396	104460.5140571	1789674032419.111	350.81937193870544	104460.818362	1789674032723.358	351.2739882386959	104461.2729783	1789674033177.974	104461.5279818	352.1775212287903	104462.1764725	1789674034081.5073	104462.1764725	644.5515341618194	300.0	0.0	104109.9922656	1789673681903.986	601.1811232566833	104711.1852826	1789674283085.1091
sub-10052	ses-1	run-02	0	128	47	6	19	22	37	47	37	47	left	right	2.0	686.8386999994982	True	False	loss	32	353.17897272109985	104463.178027	1789674035082.9587	353.48314142227173	104463.4821913	1789674035387.1274	354.1699801222712	104464.16903	1789674036073.966	104464.4218356	355.1220238208771	104465.121593	1789674037026.0098	104465.121593	695.134848108412	300.0	0.0	104109.9922656	1789673681903.986	601.1811232566833	104711.1852826	1789674283085.1091
sub-10052	ses-1	run-02	0	129	47	6	20	22	37	47	37	47	left	right	1.0	437.1372000023257	False	False	loss	32	356.1236481666565	104466.1227028	1789674038027.634	356.4288215637207	104466.4278839	1789674038332.8076	356.86595876372303	104466.8650211	1789674038769.9448	104467.1226203	357.767774105072	104467.76702	1789674039671.76	104467.76702	640.8115595639003	300.0	0.0	104109.9922656	1789673681903.986	601.1811232566833	104711.1852826	1789674283085.1091
sub-10052	ses-1	run-02	0	130	47	6	21	22	37	47	47	37	right	left	1.0	336.07010000559967	False	False	loss	32	358.76943612098694	104468.7686151	1789674040673.422	359.0737102031708	104469.0729408	1789674040977.6963	359.4097803031764	104469.40901090001	1789674041313.7664	104469.6614055	360.2565350532532	104470.2557383	1789674042160.521	104470.2557383	590.7650741429012	300.0	0.0	104109.9922656	1789673681903.986	601.1811232566833	104711.1852826	1789674283085.1091
sub-10052	ses-1	run-02	0	131	37	7	0	20	37	47	37	47	left	right	1.0	527.4769999959972	True	True	win	31	361.2582859992981	104471.2576527	1789674043162.272	361.5615231990814	104471.5615575	1789674043465.5093	362.0890001990774	104472.0890345	1789674043992.9863	104472.3454318	362.8540825843811	104472.8533447	1789674044758.0686	104472.8533447	503.2491998480946	300.0	0.0	104109.9922656	1789673681903.986	601.1811232566833	104711.1852826	1789674283085.1091
sub-10052	ses-1	run-02	0	132	37	7	1	20	37	47	47	37	right	left	1.0	472.2528999991482	True	True	win	31	363.8574643135071	104473.8567372	1789674045761.4502	364.16066217422485	104474.160745	1789674046064.6482	364.632915074224	104474.6329979	1789674046536.9011	104474.8908563	365.45664072036743	104475.4559916	1789674047360.6267	104475.4559916	561.3639509491924	300.0	0.0	104109.9922656	1789673681903.986	601.1811232566833	104711.1852826	1789674283085.1091
sub-10052	ses-1	run-02	0	133	37	7	2	20	37	47	47	37	right	left	1.0	470.6478000007337	True	True	win	31	366.45831775665283	104476.4579304	1789674048362.3037	366.76305294036865	104476.7623437	1789674048667.0388	367.2337007403694	104477.2329915	1789674049137.6865	104477.4868184	368.10157203674316	104478.1009699	1789674050005.558	104478.1009699	610.5773330096471	300.0	0.0	104109.9922656	1789673681903.986	601.1811232566833	104711.1852826	1789674283085.1091
sub-10052	ses-1	run-02	0	134	37	7	3	20	37	47	47	37	right	left	1.0	402.4416000029305	True	False	loss	32	369.10270071029663	104479.1027662	1789674051006.6868	369.40627217292786	104479.4064689	1789674051310.258	369.8087137729308	104479.8089105	1789674051712.6997	104480.064982	370.60247468948364	104480.6019538	1789674052506.4607	104480.6019538	532.8682977060297	300.0	0.0	104109.9922656	1789673681903.986	601.1811232566833	104711.1852826	1789674283085.1091
sub-10052	ses-1	run-02	0	135	37	7	4	20	37	47	47	37	right	left	1.0	509.13829999626614	True	False	loss	32	371.6041567325592	104481.6035309	1789674053508.1428	371.9083342552185	104481.9077781	1789674053812.3203	372.4174725552148	104482.41691639999	1789674054321.4585	104482.6717442	373.20778131484985	104483.2072638	1789674055111.7673	104483.2072638	531.8594203434424	300.0	0.0	104109.9922656	1789673681903.986	601.1811232566833	104711.1852826	1789674283085.1091
sub-10052	ses-1	run-02	0	136	37	7	5	20	37	47	47	37	right	left	2.0	358.9485999982571	False	False	loss	32	374.20943880081177	104484.209072	1789674056113.4248	374.51458406448364	104484.5140656	1789674056418.57	374.8735326644819	104484.8730142	1789674056777.5186	104485.127206	375.6811275482178	104485.6814105	1789674057585.1135	104485.6814105	550.9564188846078	300.0	0.0	104109.9922656	1789673681903.986	601.1811232566833	104711.1852826	1789674283085.1091
sub-10052	ses-1	run-02	0	137	37	7	6	20	37	47	37	47	left	right	2.0	357.3769000067841	False	False	loss	32	376.6839280128479	104486.6834048	1789674058587.914	376.98823976516724	104486.9876448	1789674058892.2258	377.345616665174	104487.3450217	1789674059249.6028	104487.6008801	378.12122225761414	104488.1208271	1789674060025.2083	104488.1208271	515.0352466040442	300.0	0.0	104109.9922656	1789673681903.986	601.1811232566833	104711.1852826	1789674283085.1091
sub-10052	ses-1	run-02	0	138	37	7	7	20	37	47	47	37	right	left	2.0	365.5372999928659	False	False	loss	32	379.1237277984619	104489.1234023	1789674061027.7139	379.42787194252014	104489.427486	1789674061331.858	379.793409242513	104489.7930233	1789674061697.3953	104490.0458677	380.7453281879425	104490.7449758	1789674062649.3142	104490.7449758	695.10173658839	300.0	0.0	104109.9922656	1789673681903.986	601.1811232566833	104711.1852826	1789674283085.1091
sub-10052	ses-1	run-02	0	139	37	7	8	20	37	47	37	47	left	right	2.0	461.27899999555666	False	False	loss	32	381.7479360103607	104491.747656	1789674063651.9219	382.0517966747284	104492.0518281	1789674063955.7827	382.51307567472395	104492.51310709999	1789674064417.0618	104492.7648435	383.2850561141968	104493.2847596	1789674065189.042	104493.2847596	516.3679034884251	300.0	0.0	104109.9922656	1789673681903.986	601.1811232566833	104711.1852826	1789674283085.1091
sub-10052	ses-1	run-02	0	140	37	7	9	20	37	47	47	37	right	left	2.0	578.2046999956947	False	True	win	31	384.2868103981018	104494.2865085	1789674066190.7964	384.5910439491272	104494.5908216	1789674066495.03	385.1692486491229	104495.16902629999	1789674067073.2346	104495.4254508	385.9458372592926	104495.9456691	1789674067849.8232	104495.9456691	516.7194863046177	300.0	0.0	104109.9922656	1789673681903.986	601.1811232566833	104711.1852826	1789674283085.1091
sub-10052	ses-1	run-02	0	141	37	7	10	20	37	47	37	47	left	right	2.0	517.4142000032589	False	False	loss	32	386.94768381118774	104496.9474188	1789674068851.6697	387.2518548965454	104497.2516326	1789674069155.8408	387.76926909654867	104497.76904680001	1789674069673.2551	104498.025399	388.69194436073303	104498.6917738	1789674070595.9304	104498.6917738	662.7077215927866	300.0	0.0	104109.9922656	1789673681903.986	601.1811232566833	104711.1852826	1789674283085.1091
sub-10052	ses-1	run-02	0	142	37	7	11	20	37	47	47	37	right	left	2.0	626.9223000126658	False	False	loss	32	389.6931664943695	104499.6935997	1789674071597.1526	389.9982454776764	104499.9980562	1789674071902.2314	390.62516777768906	104500.62497850001	1789674072529.1538	104500.8770626	391.5159261226654	104501.5161414	1789674073419.912	104501.5161414	635.4668953831999	300.0	0.0	104109.9922656	1789673681903.986	601.1811232566833	104711.1852826	1789674283085.1091
sub-10052	ses-1	run-02	0	143	37	7	12	20	37	47	37	47	left	right	2.0	427.31079999066424	False	True	win	31	392.5175783634186	104502.5173902	1789674074421.5645	392.8218674659729	104502.8217738	1789674074725.8535	393.24917826596356	104503.24908459999	1789674075153.1643	104503.5056391	394.0146553516388	104504.0145396	1789674075918.6414	104504.0145396	504.3287715684501	300.0	0.0	104109.9922656	1789673681903.986	601.1811232566833	104711.1852826	1789674283085.1091
sub-10052	ses-1	run-02	0	144	37	7	13	20	37	47	37	47	left	right	2.0	727.7888000098756	False	False	loss	32	395.0163950920105	104505.016496	1789674076920.381	395.32114481925964	104505.3211333	1789674077225.1309	396.0489336192695	104506.04892210002	1789674077952.9197	104506.3063046	396.95824337005615	104506.9581641	1789674078862.2292	104506.9581641	648.9096635355888	300.0	0.0	104109.9922656	1789673681903.986	601.1811232566833	104711.1852826	1789674283085.1091
sub-10052	ses-1	run-02	0	145	37	7	14	20	37	47	37	47	left	right	2.0	672.8686999995261	False	False	loss	32	397.9602544307709	104507.9601702	1789674079864.2405	398.2641649246216	104508.2641393	1789674080168.151	398.9370336246211	104508.937008	1789674080841.0195	104509.1932844	399.83659958839417	104509.8366625	1789674081740.5854	104509.8366625	639.4847741378395	300.0	0.0	104109.9922656	1789673681903.986	601.1811232566833	104711.1852826	1789674283085.1091
sub-10052	ses-1	run-02	0	146	37	7	15	20	37	47	47	37	right	left	1.0	634.7177999996347	True	True	win	31	400.83799624443054	104510.838182	1789674082741.9822	401.1423373222351	104511.1423163	1789674083046.3232	401.77705512223474	104511.7770341	1789674083681.041	104512.0317137	402.58246183395386	104512.5826496	1789674084486.4478	104512.5826496	547.5407253037308	300.0	0.0	104109.9922656	1789673681903.986	601.1811232566833	104711.1852826	1789674283085.1091
sub-10052	ses-1	run-02	0	147	37	7	16	20	37	47	37	47	left	right	1.0	344.96539999963716	True	True	win	31	403.58369731903076	104513.5837919	1789674085487.6833	403.8879418373108	104513.8880602	1789674085791.9277	404.2329072373104	104514.2330256	1789674086136.893	104514.4873415	405.0046043395996	104515.0047925	1789674086908.5903	104515.0047925	513.0467348117836	300.0	0.0	104109.9922656	1789673681903.986	601.1811232566833	104711.1852826	1789674283085.1091
sub-10052	ses-1	run-02	0	148	37	7	17	20	37	47	37	47	left	right	1.0	482.5152999983402	True	False	loss	32	406.00508093833923	104516.0059939	1789674087909.067	406.3102731704712	104516.3104565	1789674088214.259	406.79278847046953	104516.7929718	1789674088696.7744	104517.0498878	407.61668610572815	104517.6173927	1789674089520.672	104517.6173927	563.874440171678	300.0	0.0	104109.9922656	1789673681903.986	601.1811232566833	104711.1852826	1789674283085.1091
sub-10052	ses-1	run-02	0	149	37	7	18	20	37	47	47	37	right	left	1.0	518.6407000001054	True	False	loss	32	408.6183543205261	104518.6185022	1789674090522.3403	408.9221408367157	104518.9223985	1789674090826.1267	409.4407815367158	104519.4410392	1789674091344.7673	104519.6964379	410.22276544570923	104520.223042	1789674092126.7515	104520.223042	522.7299700727073	300.0	0.0	104109.9922656	1789673681903.986	601.1811232566833	104711.1852826	1789674283085.1091
sub-10052	ses-1	run-02	0	150	37	7	19	20	37	47	47	37	right	left	1.0	479.18579999532085	True	False	loss	32	411.2252252101898	104521.2254957	1789674093129.2112	411.52946877479553	104521.5297818	1789674093433.4548	412.00865457479085	104522.00896759999	1789674093912.6406	104522.2644072	412.93926906585693	104522.939627	1789674094843.2551	104522.939627	670.0574254066568	300.0	0.0	104109.9922656	1789673681903.986	601.1811232566833	104711.1852826	1789674283085.1091
sub-10052	ses-1	run-02	0	151	47	8	0	21	37	47	47	37	right	left	1.0	386.3857999967877	False	False	loss	32	413.9411053657532	104523.9418004	1789674095845.0913	414.245792388916	104524.246555	1789674096149.7783	414.6321781889128	104524.6329408	1789674096536.164	104524.8855336	415.4052538871765	104525.4056491	1789674097309.2397	104525.4056491	516.4485649207629	300.0	0.0	104109.9922656	1789673681903.986	601.1811232566833	104711.1852826	1789674283085.1091
sub-10052	ses-1	run-02	0	152	47	8	1	21	37	47	37	47	left	right	1.0	521.3615999964532	False	True	win	31	416.40628576278687	104526.4070404	1789674098310.2717	416.71078419685364	104526.7115939	1789674098614.7703	417.2321457968501	104527.2329555	1789674099136.1318	104527.4857391	417.9915153980255	104527.9919775	1789674099895.5015	104527.9919775	502.0542373304879	300.0	0.0	104109.9922656	1789673681903.986	601.1811232566833	104711.1852826	1789674283085.1091
sub-10052	ses-1	run-02	0	153	47	8	2	21	37	47	37	47	left	right	1.0	646.8677999946522	False	False	loss	32	418.9925718307495	104528.9937415	1789674100896.5579	419.2976460456848	104529.2981198	1789674101201.632	419.94451384567947	104529.9449876	1789674101848.5	104530.1976766	420.7434244155884	104530.7439347	1789674102647.4104	104530.7439347	542.4152783853514	300.0	0.0	104109.9922656	1789673681903.986	601.1811232566833	104711.1852826	1789674283085.1091
sub-10052	ses-1	run-02	0	154	47	8	3	21	37	47	47	37	right	left	1.0	430.30520000320394	False	True	win	31	421.7452893257141	104531.7464643	1789674103649.2754	422.0500497817993	104532.0505651	1789674103954.0356	422.4803549818025	104532.4808703	1789674104384.3408	104532.7350492	423.29311537742615	104533.2940709	1789674105197.1013	104533.2940709	555.7759299694171	300.0	0.0	104109.9922656	1789673681903.986	601.1811232566833	104711.1852826	1789674283085.1091
sub-10052	ses-1	run-02	0	155	47	8	4	21	37	47	47	37	right	left	1.0	665.2412999974331	False	True	win	31	424.29431676864624	104534.2952102	1789674106198.3027	424.5994827747345	104534.6000646	1789674106503.4688	425.26472407473193	104535.2653059	1789674107168.71	104535.5196752	426.04636120796204	104536.0469702	1789674107950.3472	104536.0469702	523.6787093455591	300.0	0.0	104109.9922656	1789673681903.986	601.1811232566833	104711.1852826	1789674283085.1091
sub-10052	ses-1	run-02	0	156	47	8	5	21	37	47	37	47	left	right	2.0	824.9762999912491	True	True	win	31	427.0476334095001	104537.0485598	1789674108951.6194	427.3511390686035	104537.351997	1789674109255.125	428.17611536859476	104538.1769733	1789674110080.1013	104538.4326762	429.0073826313019	104539.0080761	1789674110911.3687	104539.0080761	571.9875706217408	300.0	0.0	104109.9922656	1789673681903.986	601.1811232566833	104711.1852826	1789674283085.1091
sub-10052	ses-1	run-02	0	157	47	8	6	21	37	47	47	37	right	left	2.0	477.94660000363365	True	False	loss	32	430.0094859600067	104540.0104315	1789674111913.472	430.3143539428711	104540.3150314	1789674112218.3398	430.7923005428747	104540.792978	1789674112696.2864	104541.0486935	431.71503829956055	104541.7157526	1789674113619.0242	104541.7157526	663.2360228951493	300.0	0.0	104109.9922656	1789673681903.986	601.1811232566833	104711.1852826	1789674283085.1091
sub-10052	ses-1	run-02	0	158	47	8	7	21	37	47	37	47	left	right	1.0	666.9346999988193	False	False	loss	32	432.71700644493103	104542.717732	1789674114620.9924	433.0213086605072	104543.0220082	1789674114925.2947	433.688243360506	104543.6889429	1789674115592.2295	104543.9429265	434.48415207862854	104544.4849147	1789674116388.138	104544.4849147	538.3290302219954	300.0	0.0	104109.9922656	1789673681903.986	601.1811232566833	104711.1852826	1789674283085.1091
sub-10052	ses-1	run-02	0	159	47	8	8	21	37	47	47	37	right	left	1.0	432.87799999234267	False	False	loss	32	435.48637866973877	104545.4874649	1789674117390.3647	435.79137134552	104545.7920695	1789674117695.3574	436.22424934551236	104546.2249475	1789674118128.2354	104546.48088	437.1259536743164	104547.1272659	1789674119029.9397	104547.1272659	642.3397322107443	300.0	0.0	104109.9922656	1789673681903.986	601.1811232566833	104711.1852826	1789674283085.1091
sub-10052	ses-1	run-02	0	160	47	8	9	21	37	47	47	37	right	left	2.0	576.4933000027668	True	True	win	31	438.1276698112488	104548.1283704	1789674120031.6558	438.43154525756836	104548.4324081	1789674120335.5312	439.0080385575711	104549.0089014	1789674120912.0247	104549.2609501	439.91053891181946	104549.9114354	1789674121814.525	104549.9114354	646.6467110649089	300.0	0.0	104109.9922656	1789673681903.986	601.1811232566833	104711.1852826	1789674283085.1091
sub-10052	ses-1	run-02	0	161	47	8	10	21	37	47	47	37	right	left	1.0	527.08800000255	False	False	loss	32	440.91285276412964	104550.9137007	1789674122816.8386	441.2168638706207	104551.2177904	1789674123120.8499	441.7439518706233	104551.7448784	1789674123647.9377	104552.0022955	442.6326231956482	104552.6335687	1789674124536.6091	104552.6335687	627.5111020832725	300.0	0.0	104109.9922656	1789673681903.986	601.1811232566833	104711.1852826	1789674283085.1091
sub-10052	ses-1	run-02	0	162	47	8	11	21	37	47	37	47	left	right	2.0	668.4282999922289	True	False	loss	32	443.63493728637695	104553.6358658	1789674125538.9233	443.9395487308502	104553.9405218	1789674125843.5347	444.60797703084245	104554.6089501	1789674126511.963	104554.8648903	445.45125365257263	104555.4522936	1789674127355.2397	104555.4522936	583.8449049016934	300.0	0.0	104109.9922656	1789673681903.986	601.1811232566833	104711.1852826	1789674283085.1091
sub-10052	ses-1	run-02	0	163	47	8	12	21	37	47	37	47	left	right	1.0	530.9248999983538	False	True	win	31	446.4527187347412	104556.4537571	1789674128356.7046	446.75696754455566	104556.7579561	1789674128660.9536	447.287892444554	104557.288881	1789674129191.8784	104557.5417494	448.11200857162476	104558.1130199	1789674130015.9946	104558.1130199	567.8739035776201	300.0	0.0	104109.9922656	1789673681903.986	601.1811232566833	104711.1852826	1789674283085.1091
sub-10052	ses-1	run-02	0	164	47	8	13	21	37	47	47	37	right	left	2.0	534.1072000010172	True	True	win	31	449.1136667728424	104559.1146509	1789674131017.6528	449.41770362854004	104559.4188215	1789674131321.6897	449.95181082854106	104559.9529287	1789674131855.7969	104560.2076699	450.88595962524414	104560.8872237	1789674132789.9456	104560.8872237	675.3782413576203	300.0	0.0	104109.9922656	1789673681903.986	601.1811232566833	104711.1852826	1789674283085.1091
sub-10052	ses-1	run-02	0	165	47	8	14	21	37	47	37	47	left	right	2.0	519.4812000117963	True	True	win	31	451.8877806663513	104561.888977	1789674133791.7666	452.19227170944214	104562.193408	1789674134096.2576	452.71175290945393	104562.71288920002	1789674134615.7388	104562.9677807	453.6699969768524	104563.6712068	1789674135573.983	104563.6712068	699.768174937132	300.0	0.0	104109.9922656	1789673681903.986	601.1811232566833	104711.1852826	1789674283085.1091
sub-10052	ses-1	run-02	0	166	47	8	15	21	37	47	37	47	left	right	2.0	711.9679000024917	True	False	loss	32	454.67167258262634	104564.6728259	1789674136575.6584	454.975697517395	104564.9769379	1789674136879.6836	455.6876654173975	104565.68890580001	1789674137591.6516	104565.9420204	456.47616624832153	104566.4773521	1789674138380.1523	104566.4773521	531.881296912661	300.0	0.0	104109.9922656	1789673681903.986	601.1811232566833	104711.1852826	1789674283085.1091
sub-10052	ses-1	run-02	0	167	47	8	16	21	37	47	37	47	left	right	2.0	553.0063000041991	True	True	win	31	457.4783887863159	104567.4797244	1789674139382.3748	457.7825856208801	104567.7838822	1789674139686.5715	458.3355919208843	104568.33688850001	1789674140239.578	104568.5926448	459.20271587371826	104569.203997	1789674141106.702	104569.203997	607.0112835778257	300.0	0.0	104109.9922656	1789673681903.986	601.1811232566833	104711.1852826	1789674283085.1091
sub-10052	ses-1	run-02	0	168	47	8	17	21	37	47	37	47	left	right	2.0	266.6023000056157	True	True	win	31	460.20441031455994	104570.2056201	1789674142108.3962	460.5090219974518	104570.5103079	1789674142413.008	460.7756242974574	104570.7769102	1789674142679.6104	104571.0333408	461.6474380493164	104571.6487519	1789674143551.424	104571.6487519	611.877696152969	300.0	0.0	104109.9922656	1789673681903.986	601.1811232566833	104711.1852826	1789674283085.1091
sub-10052	ses-1	run-02	0	169	47	8	18	21	37	47	37	47	left	right	2.0	357.6052999997046	True	False	loss	32	462.64925956726074	104572.6505977	1789674144553.2456	462.9539051055908	104572.9552559	1789674144857.891	463.3115104055905	104573.3128612	1789674145215.4963	104573.569387	464.2042591571808	104574.2055849	1789674146108.245	104574.2055849	632.7746868594753	300.0	0.0	104109.9922656	1789673681903.986	601.1811232566833	104711.1852826	1789674283085.1091
sub-10052	ses-1	run-02	0	170	47	8	19	21	37	47	37	47	left	right	1.0	385.6127000035485	False	True	win	31	465.2051088809967	104575.2071904	1789674147109.095	465.5098135471344	104575.5112641	1789674147413.7996	465.89542624713795	104575.8968768	1789674147799.4124	104576.1493931	466.75373125076294	104576.7552384	1789674148657.7173	104576.7552384	601.3741860396246	300.0	0.0	104109.9922656	1789673681903.986	601.1811232566833	104711.1852826	1789674283085.1091
sub-10052	ses-1	run-02	0	171	47	8	20	21	37	47	47	37	right	left	1.0	410.98019998753443	False	True	win	31	467.7562987804413	104577.7578063	1789674149660.2847	468.0605752468109	104578.0619572	1789674149964.5613	468.47155544679845	104578.47293739999	1789674150375.5415	104578.7256717	469.25926208496094	104579.2607433	1789674151163.248	104579.2607433	530.8824292318055	300.0	0.0	104109.9922656	1789673681903.986	601.1811232566833	104711.1852826	1789674283085.1091
sub-10052	ses-1	run-02	0	172	37	9	0	21	37	47	47	37	right	left	1.0	545.1573999889661	True	False	loss	32	470.2621080875397	104580.2634778	1789674152166.094	470.56621623039246	104580.567712	1789674152470.2021	471.1113736303814	104581.11286939999	1789674153015.3596	104581.3665784	471.90177845954895	104581.9038784	1789674153805.7644	104581.9038784	532.285330782646	300.0	0.0	104109.9922656	1789673681903.986	601.1811232566833	104711.1852826	1789674283085.1091
sub-10052	ses-1	run-02	0	173	37	9	1	21	37	47	37	47	left	right	2.0	359.52779999934137	False	True	win	31	472.9035105705261	104582.9053043	1789674154807.4966	473.20781683921814	104583.2094359	1789674155111.8027	473.5673446392175	104583.5689637	1789674155471.3306	104583.8227626	474.51836490631104	104584.5199803	1789674156422.3508	104584.5199803	693.268334454288	300.0	0.0	104109.9922656	1789673681903.986	601.1811232566833	104711.1852826	1789674283085.1091
sub-10052	ses-1	run-02	0	174	37	9	2	21	37	47	47	37	right	left	2.0	454.43040000100154	False	True	win	31	475.5201301574707	104585.5216529	1789674157424.1162	475.8250048160553	104585.8265765	1789674157728.9907	476.2794352160563	104586.2810069	1789674158183.4211	104586.5354667	477.1778345108032	104587.1795694	1789674159081.8206	104587.1795694	640.9371934435195	300.0	0.0	104109.9922656	1789673681903.986	601.1811232566833	104711.1852826	1789674283085.1091
sub-10052	ses-1	run-02	0	175	37	9	3	21	37	47	47	37	right	left	2.0	539.3679999979213	False	False	loss	32	478.1797754764557	104588.1813214	1789674160083.7615	478.4840581417084	104588.4855855	1789674160388.0442	479.0234261417063	104589.0249535	1789674160927.412	104589.2801393	479.84963512420654	104589.8515437	1789674161753.621	104589.8515437	567.9913766328538	300.0	0.0	104109.9922656	1789673681903.986	601.1811232566833	104711.1852826	1789674283085.1091
sub-10052	ses-1	run-02	0	176	37	9	4	21	37	47	47	37	right	left	1.0	593.9574999938486	True	True	win	31	480.8524227142334	104590.8539853	1789674162756.4087	481.15719842910767	104591.1589855	1789674163061.1843	481.7511559291015	104591.752943	1789674163655.1418	104592.0091929	482.61310839653015	104592.6157208	1789674164517.0945	104592.6157208	602.2667251987983	300.0	0.0	104109.9922656	1789673681903.986	601.1811232566833	104711.1852826	1789674283085.1091
sub-10052	ses-1	run-02	0	177	37	9	5	21	37	47	47	37	right	left	1.0	213.85829999053385	True	False	loss	32	483.6167061328888	104593.6183867	1789674165520.6921	483.9212417602539	104593.9230733	1789674165825.2278	484.13510006024444	104594.13693159999	1789674166039.0862	104594.3913781	485.0724895000458	104595.0750454	1789674166976.4756	104595.0750454	679.3811654471251	300.0	0.0	104109.9922656	1789673681903.986	601.1811232566833	104711.1852826	1789674283085.1091
sub-10052	ses-1	run-02	0	178	37	9	6	21	37	47	37	47	left	right	2.0	307.2794000036083	False	True	win	31	486.07513904571533	104596.0773468	1789674167979.125	486.37986612319946	104596.3816839	1789674168283.852	486.68714552320307	104596.68896330001	1789674168591.1313	104596.946029	487.459196805954	104597.4610404	1789674169363.1829	104597.4610404	510.1943179444325	300.0	0.0	104109.9922656	1789673681903.986	601.1811232566833	104711.1852826	1789674283085.1091
sub-10052	ses-1	run-02	0	179	37	9	7	21	37	47	47	37	right	left	1.0	401.0294000036083	True	False	loss	32	488.4612100124359	104598.4633762	1789674170365.196	488.7658734321594	104598.7678169	1789674170669.8594	489.16690283216303	104599.1688463	1789674171070.8887	104599.4206595	490.05957412719727	104600.0614642	1789674171963.56	104600.0614642	636.8987066653787	300.0	0.0	104109.9922656	1789673681903.986	601.1811232566833	104711.1852826	1789674283085.1091
sub-10052	ses-1	run-02	0	180	37	9	8	21	37	47	37	47	left	right	1.0	368.5172999976203	True	True	win	31	491.06117963790894	104601.0632415	1789674172965.1655	491.36600947380066	104601.3684462	1789674173269.9954	491.7345267737983	104601.73696349999	1789674173638.5127	104601.9922153	492.54763984680176	104602.5495861	1789674174451.6257	104602.5495861	553.8970308552667	300.0	0.0	104109.9922656	1789673681903.986	601.1811232566833	104711.1852826	1789674283085.1091
sub-10052	ses-1	run-02	0	181	37	9	9	21	37	47	47	37	right	left	1.0	225.0744999910239	True	False	loss	32	493.54946994781494	104603.5514206	1789674175453.4558	493.8539526462555	104603.8558811	1789674175757.9387	494.0790271462465	104604.08095559999	1789674175983.0132	104604.3339898	494.8891954421997	104604.8912057	1789674176793.1814	104604.8912057	553.6899397308777	300.0	0.0	104109.9922656	1789673681903.986	601.1811232566833	104711.1852826	1789674283085.1091
sub-10052	ses-1	run-02	0	182	37	9	10	21	37	47	37	47	left	right	2.0	250.50239999836776	False	False	loss	32	495.8921973705292	104605.894056	1789674177796.1833	496.1964809894562	104606.198499	1789674178100.467	496.44698338945454	104606.4490014	1789674178350.9695	104606.7012885	497.3033218383789	104607.3053282	1789674179207.3079	104607.3053282	599.686429610811	300.0	0.0	104109.9922656	1789673681903.986	601.1811232566833	104711.1852826	1789674283085.1091
sub-10052	ses-1	run-02	0	183	37	9	11	21	37	47	37	47	left	right	1.0	477.0280999946408	True	False	loss	32	498.3046290874481	104608.3072689	1789674180208.615	498.60974645614624	104608.6118813	1789674180513.7324	499.0867745561409	104609.0889094	1789674180990.7605	104609.3457225	500.04145908355713	104610.0435843	1789674181945.445	104610.0435843	693.575969802421	300.0	0.0	104109.9922656	1789673681903.986	601.1811232566833	104711.1852826	1789674283085.1091
sub-10052	ses-1	run-02	0	184	37	9	12	21	37	47	37	47	left	right	1.0	362.3088999884203	True	False	loss	32	501.043892621994	104611.0459692	1789674182947.8787	501.34853959083557	104611.3506193	1789674183252.5256	501.710848490824	104611.7129282	1789674183614.8345	104611.9690593	502.66468262672424	104612.6667269	1789674184568.6687	104612.6667269	693.6954113792282	300.0	0.0	104109.9922656	1789673681903.986	601.1811232566833	104711.1852826	1789674283085.1091
sub-10052	ses-1	run-02	0	185	37	9	13	21	37	47	37	47	left	right	2.0	523.5819000081392	False	False	loss	32	503.666836977005	104613.6689577	1789674185570.823	503.9711775779724	104613.9734434	1789674185875.1636	504.49475947798055	104614.4970253	1789674186398.7454	104614.7525785	505.3204011917114	104615.3225167	1789674187224.3872	104615.3225167	565.1664050483522	300.0	0.0	104109.9922656	1789673681903.986	601.1811232566833	104711.1852826	1789674283085.1091
sub-10052	ses-1	run-02	0	186	37	9	14	21	37	47	37	47	left	right	2.0	348.2279000018025	False	False	loss	32	506.3217782974243	104616.3245252	1789674188225.7642	506.62654304504395	104616.6287341	1789674188530.529	506.97477094504575	104616.976962	1789674188878.7568	104617.2325311	507.78894567489624	104617.7912414	1789674189692.9316	104617.7912414	554.4248696921645	300.0	0.0	104109.9922656	1789673681903.986	601.1811232566833	104711.1852826	1789674283085.1091
sub-10052	ses-1	run-02	0	187	37	9	15	21	37	47	37	47	left	right	1.0	495.04199999501	True	True	win	31	508.79146361351013	104618.7937141	1789674190695.4497	509.0954999923706	104619.0978807	1789674190999.486	509.5905419923656	104619.5929227	1789674191494.528	104619.8473865	510.524210691452	104620.5270639	1789674192428.1968	104620.5270639	675.165995916099	300.0	0.0	104109.9922656	1789673681903.986	601.1811232566833	104711.1852826	1789674283085.1091
sub-10052	ses-1	run-02	0	188	37	9	16	21	37	47	37	47	left	right	1.0	408.83040000335313	True	False	loss	32	511.5255801677704	104621.5278044	1789674193429.5662	511.829781293869	104621.8321816	1789674193733.7673	512.2386116938724	104622.241012	1789674194142.5977	104622.4955899	513.1109838485718	104623.1139545	1789674195014.9697	104623.1139545	614.8348088417235	300.0	0.0	104109.9922656	1789673681903.986	601.1811232566833	104711.1852826	1789674283085.1091
sub-10052	ses-1	run-02	0	189	37	9	17	21	37	47	47	37	right	left	2.0	397.2341999906348	False	True	win	31	514.113080739975	104624.1155082	1789674196017.0667	514.4172682762146	104624.419756	1789674196321.2542	514.8145024762052	104624.8169902	1789674196718.4883	104625.0741905	515.6111092567444	104625.6136041	1789674197515.0952	104625.6136041	535.3422864933614	300.0	0.0	104109.9922656	1789673681903.986	601.1811232566833	104711.1852826	1789674283085.1091
sub-10052	ses-1	run-02	0	190	37	9	18	21	37	47	37	47	left	right	1.0	248.37110000953544	True	False	loss	32	516.6135146617889	104626.6160004	1789674198517.5007	516.9181225299835	104626.9205468	1789674198822.1084	517.166493629993	104627.16891790001	1789674199070.4795	104627.4232532	518.0510468482971	104628.0535636	1789674199955.0327	104628.0535636	626.2818662799604	300.0	0.0	104109.9922656	1789673681903.986	601.1811232566833	104711.1852826	1789674283085.1091
sub-10052	ses-1	run-02	0	191	37	9	19	21	37	47	47	37	right	left	2.0	865.0269000063417	False	False	loss	32	519.0525500774384	104629.0557087	1789674200956.5361	519.3574149608612	104629.3599768	1789674201261.401	520.2224418608675	104630.2250037	1789674202126.4277	104630.4802603	521.0290153026581	104631.0316384	1789674202933.0012	104631.0316384	547.3574424819976	300.0	0.0	104109.9922656	1789673681903.986	601.1811232566833	104711.1852826	1789674283085.1091
sub-10052	ses-1	run-02	0	192	37	9	20	21	37	47	47	37	right	left	2.0	311.2829000019701	False	False	loss	32	522.0307083129883	104632.0332834	1789674203934.6943	522.3349997997284	104632.3376399	1789674204238.9858	522.6462826997304	104632.6489228	1789674204550.2688	104632.9056714	523.4084331989288	104633.4111088	1789674205312.4192	104633.4111088	502.3067226419082	300.0	0.0	104109.9922656	1789673681903.986	601.1811232566833	104711.1852826	1789674283085.1091
sub-10052	ses-1	run-02	0	193	47	10	0	20	37	47	47	37	right	left	1.0	291.2243999890052	False	False	loss	32	524.4103765487671	104634.413017	1789674206314.3625	524.7150793075562	104634.7177848	1789674206619.0652	525.0063037075452	104635.00900919999	1789674206910.2896	104635.2611954	525.8160922527313	104635.8187776	1789674207720.0781	104635.8187776	553.2712360191284	300.0	0.0	104109.9922656	1789673681903.986	601.1811232566833	104711.1852826	1789674283085.1091
sub-10052	ses-1	run-02	0	194	47	10	1	20	37	47	37	47	left	right	2.0	28.18070001376327	True	True	win	31	526.8171138763428	104636.8203352	1789674208721.0999	527.1221699714661	104637.1248348	1789674209026.156	527.1503506714798	104637.15301550001	1789674209054.3367	104637.4072083	527.9569971561432	104637.9597716	1789674209860.9832	104637.9597716	547.997276983408	300.0	0.0	104109.9922656	1789673681903.986	601.1811232566833	104711.1852826	1789674283085.1091
sub-10052	ses-1	run-02	0	195	47	10	2	20	37	47	47	37	right	left	1.0	190.3745000017807	False	False	loss	32	528.9592530727386	104638.9619477	1789674210863.239	529.2638535499573	104639.266634	1789674211167.8396	529.454228049959	104639.4570085	1789674211358.214	104639.7093887	530.2269403934479	104640.229736	1789674212130.9263	104640.229736	516.7027257265833	300.0	0.0	104109.9922656	1789673681903.986	601.1811232566833	104711.1852826	1789674283085.1091
sub-10052	ses-1	run-02	0	196	47	10	3	20	37	47	37	47	left	right	2.0	176.68699999921955	True	True	win	31	531.2292263507843	104641.2319429	1789674213133.2124	531.5335130691528	104641.5362876	1789674213437.499	531.710200069152	104641.7129746	1789674213614.186	104641.9700796	532.5016000270844	104642.5044612	1789674214405.586	104642.5044612	530.3647626421158	300.0	0.0	104109.9922656	1789673681903.986	601.1811232566833	104711.1852826	1789674283085.1091
sub-10052	ses-1	run-02	0	197	47	10	4	20	37	47	37	47	left	right	2.0	230.9698000026401	True	True	win	31	533.5031797885895	104643.5060912	1789674215407.1658	533.8071269989014	104643.8100148	1789674215711.113	534.038096798904	104644.0409846	1789674215942.0828	104644.2931433	534.9028429985046	104644.9056306	1789674216806.8289	104644.9056306	608.4282650630433	300.0	0.0	104109.9922656	1789673681903.986	601.1811232566833	104711.1852826	1789674283085.1091
sub-10052	ses-1	run-02	0	198	47	10	5	20	37	47	47	37	right	left	1.0	228.62710000481457	False	False	loss	32	535.9043579101562	104645.9078288	1789674217808.344	536.2093017101288	104646.2123356	1789674218113.2876	536.4379288101336	104646.4409627	1789674218341.9148	104646.6951905	537.2186131477356	104647.2215475	1789674219122.599	104647.2215475	522.4868424222594	300.0	0.0	104109.9922656	1789673681903.986	601.1811232566833	104711.1852826	1789674283085.1091
sub-10052	ses-1	run-02	0	199	47	10	6	20	37	47	47	37	right	left	1.0	241.3901999971131	False	False	loss	32	538.219450712204	104648.2231624	1789674220123.4368	538.5244934558868	104648.5274439	1789674220428.4795	538.765883655884	104648.7688341	1789674220669.8696	104649.0252879	539.5569033622742	104649.5598834	1789674221460.8894	104649.5598834	530.0819753145639	300.0	0.0	104109.9922656	1789673681903.986	601.1811232566833	104711.1852826	1789674283085.1091
sub-10052	ses-1	run-02	0	200	47	10	7	20	37	47	47	37	right	left	1.0	510.9286999941105	False	True	win	31	540.5585432052612	104650.5613867	1789674222462.5293	540.86292719841	104650.8660066	1789674222766.913	541.3738558984041	104651.3769353	1789674223277.8418	104651.6302121	542.2420406341553	104652.2450918	1789674224146.0266	104652.2450918	610.6421771926007	300.0	0.0	104109.9922656	1789673681903.986	601.1811232566833	104711.1852826	1789674283085.1091
sub-10052	ses-1	run-02	0	201	47	10	8	20	37	47	47	37	right	left	2.0	401.4538000046741	True	True	win	31	543.2443492412567	104653.2475012	1789674225148.3352	543.5486443042755	104653.5515632	1789674225452.6304	543.9500981042802	104653.953017	1789674225854.0842	104654.2047918	544.8215517997742	104654.8246182	1789674226725.5378	104654.8246182	616.6435170899188	300.0	0.0	104109.9922656	1789673681903.986	601.1811232566833	104711.1852826	1789674283085.1091
sub-10052	ses-1	run-02	0	202	47	10	9	20	37	47	37	47	left	right	1.0	533.856800000649	False	False	loss	32	545.8226981163025	104655.8264838	1789674227726.684	546.1278593540192	104656.1309888	1789674228031.8452	546.6617161540198	104656.6648456	1789674228565.702	104656.9202947	547.5653474330902	104657.5684948	1789674229469.3335	104657.5684948	644.8689036529372	300.0	0.0	104109.9922656	1789673681903.986	601.1811232566833	104711.1852826	1789674283085.1091
sub-10052	ses-1	run-02	0	203	47	10	10	20	37	47	37	47	left	right	1.0	326.5265999943949	False	False	loss	32	548.5669753551483	104658.5701126	1789674230470.9614	548.871125459671	104658.8743435	1789674230775.1113	549.1976520596654	104659.2008701	1789674231101.638	104659.4576748	550.0659210681915	104660.0691385	1789674231969.907	104660.0691385	607.0896930117378	300.0	0.0	104109.9922656	1789673681903.986	601.1811232566833	104711.1852826	1789674283085.1091
sub-10052	ses-1	run-02	0	204	47	10	11	20	37	47	37	47	left	right	1.0	617.770400000154	False	False	loss	32	551.0678226947784	104661.0710165	1789674232971.8086	551.371782541275	104661.3750456	1789674233275.7686	551.9895529412752	104661.992816	1789674233893.539	104662.2485244	552.9148390293121	104662.9181319	1789674234818.825	104662.9181319	666.8676096010605	300.0	0.0	104109.9922656	1789673681903.986	601.1811232566833	104711.1852826	1789674283085.1091
sub-10052	ses-1	run-02	0	205	47	10	12	20	37	47	47	37	right	left	1.0	384.12430000607856	False	False	loss	32	553.9170453548431	104663.9203518	1789674235821.0312	554.220930814743	104664.2247418	1789674236124.9167	554.6050551147491	104664.60886610001	1789674236509.041	104664.8643062	555.3965618610382	104665.3999221	1789674237300.5479	104665.3999221	531.9137921610205	300.0	0.0	104109.9922656	1789673681903.986	601.1811232566833	104711.1852826	1789674283085.1091
sub-10052	ses-1	run-02	0	206	47	10	13	20	37	47	37	47	left	right	2.0	582.3667000076966	True	True	win	31	556.398909330368	104666.4022039	1789674238302.8953	556.7030770778656	104666.7064298	1789674238607.063	557.2854437778733	104667.28879650001	1789674239189.4297	104667.546186	558.1399064064026	104668.1432099	1789674240043.8923	104668.1432099	592.070681795016	300.0	0.0	104109.9922656	1789673681903.986	601.1811232566833	104711.1852826	1789674283085.1091
sub-10052	ses-1	run-02	0	207	47	10	14	20	37	47	47	37	right	left	1.0	367.6092000096105	False	True	win	31	559.1414275169373	104669.1446937	1789674241045.4136	559.4458706378937	104669.4492583	1789674241349.8567	559.8134798379033	104669.8168675	1789674241717.4658	104670.0729378	560.5905818939209	104670.5940378	1789674242494.5679	104670.5940378	517.1961963911333	300.0	0.0	104109.9922656	1789673681903.986	601.1811232566833	104711.1852826	1789674283085.1091
sub-10052	ses-1	run-02	0	208	47	10	15	20	37	47	47	37	right	left	2.0	957.302199996775	True	True	win	31	561.5920820236206	104671.5954144	1789674243496.068	561.895987033844	104671.8994727	1789674243799.973	562.8532892338408	104672.85677489999	1789674244757.2751	104673.1095451	563.768518447876	104673.7720584	1789674245672.5044	104673.7720584	658.8398399226791	300.0	0.0	104109.9922656	1789673681903.986	601.1811232566833	104711.1852826	1789674283085.1091
sub-10052	ses-1	run-02	0	209	47	10	16	20	37	47	47	37	right	left	2.0	1179.033399996115	True	True	win	31	564.7702708244324	104674.773748	1789674246674.2568	565.0744640827179	104675.0779393	1789674246978.45	566.253497482714	104676.2569727	1789674248157.4834	104676.5090623	567.0816242694855	104677.0851815	1789674248985.6104	104677.0851815	571.7123556725769	300.0	0.0	104109.9922656	1789673681903.986	601.1811232566833	104711.1852826	1789674283085.1091
sub-10052	ses-1	run-02	0	210	47	10	17	20	37	47	47	37	right	left	1.0	849.6618999924976	False	False	loss	32	568.0835440158844	104678.0870921	1789674249987.53	568.387542963028	104678.3913361	1789674250291.529	569.2372048630205	104679.240998	1789674251141.191	104679.4966064	570.167515039444	104680.1712379	1789674252071.501	104680.1712379	670.0640682380649	300.0	0.0	104109.9922656	1789673681903.986	601.1811232566833	104711.1852826	1789674283085.1091
sub-10052	ses-1	run-02	0	211	47	10	18	20	37	47	47	37	right	left	1.0	898.5900000116089	False	False	loss	32	571.170487165451	104681.1739825	1789674253074.4731	571.4741714000702	104681.4782776	1789674253378.1575	572.3727614000818	104682.37686760002	1789674254276.7476	104682.6286001	573.2375509738922	104683.2412065	1789674255141.5369	104683.2412065	608.7914225620891	300.0	0.0	104109.9922656	1789673681903.986	601.1811232566833	104711.1852826	1789674283085.1091
sub-10052	ses-1	run-02	0	212	47	10	19	20	37	47	47	37	right	left	1.0	462.05770000233315	False	True	win	31	574.238730430603	104684.2425046	1789674256142.7163	574.5430891513824	104684.5468015	1789674256447.0752	575.0051468513848	104685.0088592	1789674256909.1328	104685.2663071	575.8407185077667	104685.8445007	1789674257744.7046	104685.8445007	574.0231995002518	300.0	0.0	104109.9922656	1789673681903.986	601.1811232566833	104711.1852826	1789674283085.1091
sub-10052	ses-1	run-02	0	213	37	11	0	24	37	47	47	37	right	left	1.0	610.4733999964083	True	False	loss	32	576.8415915966034	104686.8459938	1789674258745.5776	577.1466085910797	104687.1503069	1789674259050.5945	577.7570819910761	104687.7607803	1789674259661.0679	104688.0146594	578.6481168270111	104688.651923	1789674260552.1028	104688.651923	632.7830881457431	300.0	0.0	104109.9922656	1789673681903.986	601.1811232566833	104711.1852826	1789674283085.1091
sub-10052	ses-1	run-02	0	214	37	11	1	24	37	47	47	37	right	left	1.0	602.3429000051692	True	True	win	31	579.6503946781158	104689.6541256	1789674261554.3806	579.954699754715	104689.9585024	1789674261858.6858	580.5570426547201	104690.5608453	1789674262461.0288	104690.817109	581.3405556678772	104691.3442808	1789674263244.5417	104691.3442808	522.7331196100189	300.0	0.0	104109.9922656	1789673681903.986	601.1811232566833	104711.1852826	1789674283085.1091
sub-10052	ses-1	run-02	0	215	37	11	2	24	37	47	37	47	left	right	2.0	550.8735000039451	False	False	loss	32	582.3421986103058	104692.3459927	1789674264246.1846	582.6462113857269	104692.6500561	1789674264550.1973	583.1970848857309	104693.2009296	1789674265101.0708	104693.4540103	584.0755910873413	104694.0795603	1789674265979.5771	104694.0795603	621.981378285726	300.0	0.0	104109.9922656	1789673681903.986	601.1811232566833	104711.1852826	1789674283085.1091
sub-10052	ses-1	run-02	0	216	37	11	3	24	37	47	37	47	left	right	1.0	496.25470000319183	True	True	win	31	585.0765669345856	104695.0810908	1789674266980.553	585.3799295425415	104695.3846575	1789674267283.9155	585.8761842425447	104695.88091220001	1789674267780.1702	104696.1334712	586.803745508194	104696.8078345	1789674268707.7314	104696.8078345	670.4119153827111	300.0	0.0	104109.9922656	1789673681903.986	601.1811232566833	104711.1852826	1789674283085.1091
sub-10052	ses-1	run-02	0	217	37	11	4	24	37	47	37	47	left	right	1.0	654.8820999887539	True	True	win	31	587.8054187297821	104697.8101002	1789674269709.4048	588.1100509166718	104698.1140488	1789674270014.0369	588.7649330166605	104698.76893089998	1789674270668.919	104699.0231957	589.5234735012054	104699.5275612	1789674271427.4595	104699.5275612	500.9499814349978	300.0	0.0	104109.9922656	1789673681903.986	601.1811232566833	104711.1852826	1789674283085.1091
sub-10052	ses-1	run-02	0	218	37	11	5	24	37	47	47	37	right	left	1.0	591.3398999982746	True	True	win	31	590.5252783298492	104700.5292488	1789674272429.2644	590.8289601802826	104700.8334734	1789674272732.946	591.4203000802809	104701.4248133	1789674273324.286	104701.6779095	592.2132480144501	104702.2173158	1789674274117.234	104702.2173158	535.4218939562132	300.0	0.0	104109.9922656	1789673681903.986	601.1811232566833	104711.1852826	1789674283085.1091
sub-10052	ses-1	run-02	0	219	37	11	6	24	37	47	47	37	right	left	1.0	325.0243000074988	True	True	win	31	593.215060710907	104703.2191443	1789674275119.0466	593.5196747779846	104703.5237886	1789674275423.6606	593.8446990779921	104703.8488129	1789674275748.685	104704.1017036	594.6076591014862	104704.6117911	1789674276511.645	104704.6117911	505.806416443782	300.0	0.0	104109.9922656	1789673681903.986	601.1811232566833	104711.1852826	1789674283085.1091
sub-10052	ses-1	run-02	0	220	37	11	7	24	37	47	37	47	left	right	1.0	650.9310999972513	True	False	loss	32	595.6094114780426	104705.6134843	1789674277513.3975	595.9136817455292	104705.9178549	1789674277817.6677	596.5646128455264	104706.568786	1789674278468.5989	104706.8230004	597.4614312648773	104707.4656306	1789674279365.4172	104707.4656306	638.0302567996381	300.0	0.0	104109.9922656	1789673681903.986	601.1811232566833	104711.1852826	1789674283085.1091
sub-10052	ses-1	run-02	0	221	37	11	8	24	37	47	37	47	left	right	1.0	541.2896999914665	True	True	win	31	598.4630677700043	104708.467271	1789674280367.0537	598.7672944068909	104708.7715519	1789674280671.2803	599.3085841068823	104709.3128416	1789674281212.57	104709.5655569	600.1794843673706	104710.1842513	1789674282083.4705	104710.1842513	614.2464404160735	300.0	0.0	104109.9922656	1789673681903.986	601.1811232566833	104711.1852826	1789674283085.1091
