subject_id	session_id	run	localizer	trial_num	current_good	contingency_id	trial_in_contingency	contingency_trials	flower1	flower2	left_stimulus	right_stimulus	slot1_position	slot2_position	choice	rt	correct	reward	outcome	feedback_marker	trial_start_task_time	trial_start_lsl_time	trial_start_unix_time	choice_window_onset_task_time	choice_window_onset_lsl_time	choice_window_onset_unix_time	choice_onset_task_time	choice_onset_lsl_time	choice_onset_unix_time	choice_marker_send_lsl_time	feedback_onset_task_time	feedback_onset_lsl_time	feedback_onset_unix_time	lsl_marker_send_time	wait_time	iti	run_start_task_time	run_start_lsl_time	run_start_unix_time	run_end_task_time	run_end_lsl_time	run_end_unix_time
sub-10034	ses-1	run-01	0	1	15	1	0	21	15	40	15	40	left	right	1.0	450.43100000475533	True	True	win	31	0.0	174345.5797234	1789743919295.394	0.34163737297058105	174345.9210855	1789743919637.0312	0.7920683729753364	174346.37151650002	1789743920087.4622	174346.6254247	1.7249550819396973	174347.3044507	1789743921020.349	174347.3044507	674.3836886096245	300.0	0.0	174345.5796496	1789743919295.394	600.2031807899475	174945.7698542	1789744519498.5747
sub-10034	ses-1	run-01	0	2	15	1	1	21	15	40	15	40	left	right	1.0	384.5470999949612	True	False	loss	32	2.7271809577941895	174348.3067539	1789743922022.575	3.0314414501190186	174348.6109555	1789743922326.8354	3.4159885501139797	174348.99550259998	1789743922711.3826	174349.2494807	4.331628322601318	174349.9114255	1789743923627.0222	174349.9114255	658.9502400823484	300.0	0.0	174345.5796496	1789743919295.394	600.2031807899475	174945.7698542	1789744519498.5747
sub-10034	ses-1	run-01	0	3	15	1	2	21	15	40	40	15	right	left	1.0	442.3907999880612	True	False	loss	32	5.333324670791626	174350.9130111	1789743924628.7185	5.637532711029053	174351.217009	1789743924932.9268	6.079923511017114	174351.6593998	1789743925375.3176	174351.9151255	6.942759275436401	174352.5221261	1789743926238.1533	174352.5221261	603.4236997481675	300.0	0.0	174345.5796496	1789743919295.394	600.2031807899475	174945.7698542	1789744519498.5747
sub-10034	ses-1	run-01	0	4	15	1	3	21	15	40	40	15	right	left	2.0	471.671300008893	False	False	loss	32	7.944484710693359	174353.5238921	1789743927239.8787	8.24846363067627	174353.8279123	1789743927543.8577	8.720134930685163	174354.29958360002	1789743928015.529	174354.5528973	9.629555702209473	174355.2091292	1789743928924.9497	174355.2091292	652.1134124571892	300.0	0.0	174345.5796496	1789743919295.394	600.2031807899475	174945.7698542	1789744519498.5747
sub-10034	ses-1	run-01	0	5	15	1	4	21	15	40	40	15	right	left	1.0	440.01570000546053	True	False	loss	32	10.631883144378662	174356.2112084	1789743929927.277	10.935677289962769	174356.5154889	1789743930231.0713	11.375692989968229	174356.95550460002	1789743930671.087	174357.2092192	12.192075252532959	174357.7714922	1789743931487.4692	174357.7714922	558.7185062108351	300.0	0.0	174345.5796496	1789743919295.394	600.2031807899475	174945.7698542	1789744519498.5747
sub-10034	ses-1	run-01	0	6	15	1	5	21	15	40	40	15	right	left	1.0	469.5880000072066	True	True	win	31	13.19392704963684	174358.7733753	1789743932489.321	13.498520612716675	174359.0779631	1789743932793.9146	13.968108612723881	174359.5475511	1789743933263.5024	174359.8016878	14.752374410629272	174360.3318615	1789743934047.7683	174360.3318615	526.0492713098586	300.0	0.0	174345.5796496	1789743919295.394	600.2031807899475	174945.7698542	1789744519498.5747
sub-10034	ses-1	run-01	0	7	15	1	6	21	15	40	15	40	left	right	1.0	357.3374999978114	True	False	loss	32	15.754205465316772	174361.3334705	1789743935049.5994	16.05824565887451	174361.6380398	1789743935353.6396	16.415583158872323	174361.9953773	1789743935710.977	174362.2511444	17.332831382751465	174362.9122122	1789743936628.2253	174362.9122122	657.0733864232718	300.0	0.0	174345.5796496	1789743919295.394	600.2031807899475	174945.7698542	1789744519498.5747
sub-10034	ses-1	run-01	0	8	15	1	7	21	15	40	40	15	right	left	2.0	488.0881999852136	False	False	loss	32	18.33531618118286	174363.9147037	1789743937630.7102	18.640154361724854	174364.2193288	1789743937935.5483	19.128242561710067	174364.707417	1789743938423.6365	174364.9632409	20.03849458694458	174365.6178155	1789743939333.8884	174365.6178155	650.1344878916715	300.0	0.0	174345.5796496	1789743919295.394	600.2031807899475	174945.7698542	1789744519498.5747
sub-10034	ses-1	run-01	0	9	15	1	8	21	15	40	15	40	left	right	1.0	263.6550000170246	True	True	win	31	21.04022765159607	174366.6194454	1789743940335.6216	21.344499111175537	174366.9238203	1789743940639.893	21.60815411119256	174367.18747530002	1789743940903.548	174367.4423695	22.559436082839966	174368.138649	1789743941854.83	174368.138649	692.0700092836139	300.0	0.0	174345.5796496	1789743919295.394	600.2031807899475	174945.7698542	1789744519498.5747
sub-10034	ses-1	run-01	0	10	15	1	9	21	15	40	40	15	right	left	2.0	286.98530001565814	False	True	win	31	23.560587167739868	174369.1405474	1789743942855.9812	23.865143537521362	174369.444427	1789743943160.5376	24.15212883753702	174369.73141230003	1789743943447.523	174369.9882966	25.084287881851196	174370.6635904	1789743944379.682	174370.6635904	671.4236387631618	300.0	0.0	174345.5796496	1789743919295.394	600.2031807899475	174945.7698542	1789744519498.5747
sub-10034	ses-1	run-01	0	11	15	1	10	21	15	40	40	15	right	left	2.0	362.30520001845434	False	True	win	31	26.08559775352478	174371.6652526	1789743945380.9917	26.389799118041992	174371.9690892	1789743945685.193	26.752104318060447	174372.3313944	1789743946047.4983	174372.5876333	27.574734210968018	174373.1540109	1789743946870.1282	174373.1540109	562.7706263430009	300.0	0.0	174345.5796496	1789743919295.394	600.2031807899475	174945.7698542	1789744519498.5747
sub-10034	ses-1	run-01	0	12	15	1	11	21	15	40	40	15	right	left	2.0	405.748199991649	False	True	win	31	28.576852798461914	174374.1567184	1789743947872.2468	28.88239359855652	174374.4616379	1789743948177.7876	29.288141798548168	174374.8673861	1789743948583.536	174375.1201522	30.1903235912323	174375.7695471	1789743949485.7175	174375.7695471	645.0349059674777	300.0	0.0	174345.5796496	1789743919295.394	600.2031807899475	174945.7698542	1789744519498.5747
sub-10034	ses-1	run-01	0	13	15	1	12	21	15	40	15	40	left	right	2.0	432.01970000518486	False	True	win	31	31.19166398048401	174376.7710147	1789743950487.0579	31.49616050720215	174377.0753535	1789743950791.5544	31.928180207207333	174377.5073732	1789743951223.5742	174377.7638356	32.821861028671265	174378.4010638	1789743952117.255	174378.4010638	632.8927051637404	300.0	0.0	174345.5796496	1789743919295.394	600.2031807899475	174945.7698542	1789744519498.5747
sub-10034	ses-1	run-01	0	14	15	1	13	21	15	40	15	40	left	right	2.0	535.7477999932598	False	False	loss	32	33.82399606704712	174379.4032515	1789743953119.39	34.12793827056885	174379.7076455	1789743953423.3323	34.66368607056211	174380.24339329998	1789743953959.08	174380.4976821	35.56652641296387	174381.1457361	1789743954861.9204	174381.1457361	644.902236677064	300.0	0.0	174345.5796496	1789743919295.394	600.2031807899475	174945.7698542	1789744519498.5747
sub-10034	ses-1	run-01	0	15	15	1	14	21	15	40	40	15	right	left	1.0	368.0224000127055	True	False	loss	32	36.56794810295105	174382.1473562	1789743955863.342	36.872255086898804	174382.4514198	1789743956167.649	37.24027748691151	174382.8194422	1789743956535.6714	174383.0745784	38.0716507434845	174383.6508084	1789743957367.0447	174383.6508084	572.9349777900088	300.0	0.0	174345.5796496	1789743919295.394	600.2031807899475	174945.7698542	1789744519498.5747
sub-10034	ses-1	run-01	0	16	15	1	15	21	15	40	40	15	right	left	2.0	374.5782999903895	False	False	loss	32	39.07299041748047	174384.6522024	1789743958368.3843	39.37772274017334	174384.9568307	1789743958673.1167	39.75230104016373	174385.33140899998	1789743959047.695	174385.5846319	40.64930963516235	174386.2284388	1789743959944.7036	174386.2284388	639.1559139138435	300.0	0.0	174345.5796496	1789743919295.394	600.2031807899475	174945.7698542	1789744519498.5747
sub-10034	ses-1	run-01	0	17	15	1	16	21	15	40	40	15	right	left	2.0	277.43610000470653	False	False	loss	32	41.64993119239807	174387.2296894	1789743960945.3252	41.95479393005371	174387.5339118	1789743961250.188	42.23223003005842	174387.81134790002	1789743961527.624	174388.0673993	43.012391328811646	174388.5915984	1789743962307.7852	174388.5915984	519.8369502310861	300.0	0.0	174345.5796496	1789743919295.394	600.2031807899475	174945.7698542	1789744519498.5747
sub-10034	ses-1	run-01	0	18	15	1	17	21	15	40	15	40	left	right	1.0	449.1396000084933	True	False	loss	32	44.01506543159485	174389.5941742	1789743963310.4595	44.31844353675842	174389.8982831	1789743963613.8374	44.767583136766916	174390.3474227	1789743964062.977	174390.6021515	45.6317081451416	174391.2107816	1789743964927.102	174391.2107816	604.1254476965229	300.0	0.0	174345.5796496	1789743919295.394	600.2031807899475	174945.7698542	1789744519498.5747
sub-10034	ses-1	run-01	0	19	15	1	18	21	15	40	15	40	left	right	2.0	350.5226999986917	False	False	loss	32	46.6325421333313	174392.2122714	1789743965927.936	46.937946796417236	174392.5168284	1789743966233.3408	47.28846949641593	174392.8673511	1789743966583.8635	174393.1198895	48.18008303642273	174393.7592625	1789743967475.477	174393.7592625	635.9181911427102	300.0	0.0	174345.5796496	1789743919295.394	600.2031807899475	174945.7698542	1789744519498.5747
sub-10034	ses-1	run-01	0	20	15	1	19	21	15	40	40	15	right	left	2.0	465.28330000001006	False	False	loss	32	49.18315052986145	174394.7621282	1789743968478.5444	49.48705744743347	174395.0660422	1789743968782.4514	49.95234074743348	174395.5313255	1789743969247.7346	174395.7856823	50.71334648132324	174396.2924042	1789743970008.7405	174396.2924042	502.65121986738427	300.0	0.0	174345.5796496	1789743919295.394	600.2031807899475	174945.7698542	1789744519498.5747
sub-10034	ses-1	run-01	0	21	15	1	20	21	15	40	40	15	right	left	1.0	740.8883000025526	True	True	win	31	51.71485209465027	174397.2946711	1789743971010.246	52.01966834068298	174397.5986412	1789743971315.0623	52.760556640685536	174398.3395295	1789743972055.9504	174398.5942501	53.64648652076721	174399.2253179	1789743972941.8804	174399.2253179	626.9298401726402	300.0	0.0	174345.5796496	1789743919295.394	600.2031807899475	174945.7698542	1789744519498.5747
sub-10034	ses-1	run-01	0	22	40	2	0	21	15	40	40	15	right	left	1.0	384.01280000107363	False	True	win	31	54.64841651916504	174400.2273212	1789743973943.8105	54.952595710754395	174400.5315488	1789743974247.9897	55.33660851075547	174400.9155616	1789743974632.0024	174401.1697594	56.09597444534302	174401.6749465	1789743975391.3684	174401.6749465	500.7578294455801	300.0	0.0	174345.5796496	1789743919295.394	600.2031807899475	174945.7698542	1789744519498.5747
sub-10034	ses-1	run-01	0	23	40	2	1	21	15	40	40	15	right	left	1.0	406.8033999938052	False	False	loss	32	57.09714221954346	174402.6766437	1789743976392.5361	57.401639223098755	174402.9805959	1789743976697.0332	57.80844262309256	174403.3873993	1789743977103.8367	174403.6444701	58.70584535598755	174404.2847953	1789743978001.2393	174404.2847953	636.4447215172137	300.0	0.0	174345.5796496	1789743919295.394	600.2031807899475	174945.7698542	1789744519498.5747
sub-10034	ses-1	run-01	0	24	40	2	2	21	15	40	15	40	left	right	2.0	403.87519999057986	True	True	win	31	59.70756506919861	174405.2864181	1789743979002.959	60.012505769729614	174405.5914754	1789743979307.8997	60.416380969720194	174405.9953506	1789743979711.775	174406.250032	61.17958879470825	174406.759127	1789743980474.9827	174406.759127	504.6917066573019	300.0	0.0	174345.5796496	1789743919295.394	600.2031807899475	174945.7698542	1789744519498.5747
sub-10034	ses-1	run-01	0	25	40	2	3	21	15	40	40	15	right	left	2.0	354.80629999074154	True	True	win	31	62.18119478225708	174407.7604747	1789743981476.5886	62.48573350906372	174408.0645921	1789743981781.1274	62.84053980905446	174408.4193984	1789743982135.9338	174408.6735066	63.779582262039185	174409.3585301	1789743983074.9763	174409.3585301	680.0989511009541	300.0	0.0	174345.5796496	1789743919295.394	600.2031807899475	174945.7698542	1789744519498.5747
sub-10034	ses-1	run-01	0	26	40	2	4	21	15	40	40	15	right	left	2.0	361.79389999597333	True	True	win	31	64.78228688240051	174410.3610197	1789743984077.681	65.08619999885559	174410.6655647	1789743984381.594	65.44799389885156	174411.0273586	1789743984743.388	174411.2837133	66.29633140563965	174411.8752339	1789743985591.7253	174411.8752339	587.4046408635853	300.0	0.0	174345.5796496	1789743919295.394	600.2031807899475	174945.7698542	1789744519498.5747
sub-10034	ses-1	run-01	0	27	40	2	5	21	15	40	15	40	left	right	2.0	374.488699977519	True	True	win	31	67.29845333099365	174412.8771676	1789743986593.8472	67.6020770072937	174413.1809269	1789743986897.471	67.97656570727122	174413.55541559999	1789743987271.9597	174413.8099646	68.76444244384766	174414.3434447	1789743988059.8364	174414.3434447	529.0524137249382	300.0	0.0	174345.5796496	1789743919295.394	600.2031807899475	174945.7698542	1789744519498.5747
sub-10034	ses-1	run-01	0	28	40	2	6	21	15	40	15	40	left	right	2.0	394.1880000056699	True	False	loss	32	69.76608085632324	174415.3448331	1789743989061.4749	70.0702531337738	174415.649116	1789743989365.647	70.46444113377947	174416.043304	1789743989759.835	174416.2974891	71.36741185188293	174416.9462395	1789743990662.806	174416.9462395	645.5831333419526	300.0	0.0	174345.5796496	1789743919295.394	600.2031807899475	174945.7698542	1789744519498.5747
sub-10034	ses-1	run-01	0	29	40	2	7	21	15	40	15	40	left	right	1.0	399.25960000255145	False	False	loss	32	72.3693675994873	174417.9481454	1789743991664.7615	72.67330193519592	174418.2521038	1789743991968.6958	73.07256153519847	174418.65136340001	1789743992367.9553	174418.9068319	73.88835859298706	174419.4671361	1789743993183.7524	174419.4671361	556.0772488831108	300.0	0.0	174345.5796496	1789743919295.394	600.2031807899475	174945.7698542	1789744519498.5747
sub-10034	ses-1	run-01	0	30	40	2	8	21	15	40	15	40	left	right	1.0	405.5754999862984	False	False	loss	32	74.8900499343872	174420.4695722	1789743994185.4438	75.1949315071106	174420.7737577	1789743994490.3254	75.6005070070969	174421.17933319998	1789743994895.901	174421.4324198	76.35962271690369	174421.938349	1789743995655.0166	174421.938349	501.5381580926618	300.0	0.0	174345.5796496	1789743919295.394	600.2031807899475	174945.7698542	1789744519498.5747
sub-10034	ses-1	run-01	0	31	40	2	9	21	15	40	40	15	right	left	2.0	534.1775999986567	True	True	win	31	77.36129188537598	174422.9402777	1789743996656.6858	77.66638946533203	174423.2451477	1789743996961.7834	78.20056706533069	174423.7793253	1789743997495.961	174424.0340611	79.07094311714172	174424.6498139	1789743998366.3372	174424.6498139	611.6899730838744	300.0	0.0	174345.5796496	1789743919295.394	600.2031807899475	174945.7698542	1789744519498.5747
sub-10034	ses-1	run-01	0	32	40	2	10	21	15	40	15	40	left	right	2.0	414.9432000122033	True	True	win	31	80.07313418388367	174425.651699	1789743999368.528	80.37766337394714	174425.9563647	1789743999673.0574	80.79260657395935	174426.3713079	1789744000088.0005	174426.6247559	81.7433180809021	174427.3221332	1789744001038.712	174427.3221332	693.4600364906898	300.0	0.0	174345.5796496	1789743919295.394	600.2031807899475	174945.7698542	1789744519498.5747
sub-10034	ses-1	run-01	0	33	40	2	11	21	15	40	40	15	right	left	2.0	471.50119999423623	True	False	loss	32	82.74494361877441	174428.3235786	1789744002040.3376	83.04906225204468	174428.6278408	1789744002344.4563	83.52056345203891	174429.099342	1789744002815.9575	174429.3514028	84.41417193412781	174429.992883	1789744003709.566	174429.992883	637.5176616149515	300.0	0.0	174345.5796496	1789743919295.394	600.2031807899475	174945.7698542	1789744519498.5747
sub-10034	ses-1	run-01	0	34	40	2	12	21	15	40	15	40	left	right	1.0	351.72849998343736	False	False	loss	32	85.41462802886963	174430.9940821	1789744004710.022	85.72093486785889	174431.2996504	1789744005016.3289	86.07266336784232	174431.6513789	1789744005368.0574	174431.9080039	86.96756744384766	174432.5462411	1789744006262.9614	174432.5462411	634.1971585901938	300.0	0.0	174345.5796496	1789743919295.394	600.2031807899475	174945.7698542	1789744519498.5747
sub-10034	ses-1	run-01	0	35	40	2	13	21	15	40	15	40	left	right	2.0	439.8542999988422	True	True	win	31	87.96934604644775	174433.5479284	1789744007264.74	88.27286720275879	174433.8515704	1789744007568.2612	88.71272150275763	174434.2914247	1789744008008.1155	174434.5449761	89.64478611946106	174435.2234286	1789744008940.1802	174435.2234286	674.6074043151874	300.0	0.0	174345.5796496	1789743919295.394	600.2031807899475	174945.7698542	1789744519498.5747
sub-10034	ses-1	run-01	0	36	40	2	14	21	15	40	40	15	right	left	2.0	417.65099999611266	True	False	loss	32	90.6465437412262	174436.2251112	1789744009941.9377	90.95104908943176	174436.5296658	1789744010246.443	91.36870008942788	174436.94731679998	1789744010664.094	174437.2028522	92.24649500846863	174437.8252227	1789744011541.889	174437.8252227	617.0613677147081	300.0	0.0	174345.5796496	1789743919295.394	600.2031807899475	174945.7698542	1789744519498.5747
sub-10034	ses-1	run-01	0	37	40	2	15	21	15	40	15	40	left	right	1.0	360.27679999824613	False	False	loss	32	93.24795579910278	174438.8266605	1789744012543.3499	93.55259871482849	174439.1312937	1789744012847.9927	93.91287551482674	174439.4915705	1789744013208.2695	174439.7450675	94.74179983139038	174440.3203735	1789744014037.1938	174440.3203735	571.5075985008821	300.0	0.0	174345.5796496	1789743919295.394	600.2031807899475	174945.7698542	1789744519498.5747
sub-10034	ses-1	run-01	0	38	40	2	16	21	15	40	15	40	left	right	1.0	512.6585000252817	False	False	loss	32	95.7435245513916	174441.3220625	1789744015038.9185	96.04796147346497	174441.6266605	1789744015343.3555	96.56061997349025	174442.13931900004	1789744015856.014	174442.395425	97.50104236602783	174443.0795814	1789744016796.4363	174443.0795814	680.29787444174	300.0	0.0	174345.5796496	1789743919295.394	600.2031807899475	174945.7698542	1789744519498.5747
sub-10034	ses-1	run-01	0	39	40	2	17	21	15	40	15	40	left	right	2.0	385.7072000100743	True	True	win	31	98.50290989875793	174444.081507	1789744017798.304	98.80718159675598	174444.3856123	1789744018102.5754	99.19288879676606	174444.7713195	1789744018488.2827	174445.0247229	100.0857527256012	174445.6649528	1789744019381.1467	174445.6649528	636.7109885354752	300.0	0.0	174345.5796496	1789743919295.394	600.2031807899475	174945.7698542	1789744519498.5747
sub-10034	ses-1	run-01	0	40	40	2	18	21	15	40	15	40	left	right	2.0	417.0013000257313	True	False	loss	32	101.0878038406372	174446.6663243	1789744020383.1978	101.39187932014465	174446.9703489	1789744020687.2732	101.80888062017038	174447.38735020004	1789744021104.2744	174447.6440713	102.65623688697815	174448.2347241	1789744021951.6309	174448.2347241	586.3208638980517	300.0	0.0	174345.5796496	1789743919295.394	600.2031807899475	174945.7698542	1789744519498.5747
sub-10034	ses-1	run-01	0	41	40	2	19	21	15	40	15	40	left	right	1.0	381.1095999844838	False	False	loss	32	103.65889525413513	174449.2373696	1789744022954.2893	103.96389865875244	174449.5423067	1789744023259.2925	104.34500825873693	174449.92341629998	1789744023640.402	174450.176328	105.16751623153687	174450.7466445	1789744024462.9102	174450.7466445	566.1576908316827	300.0	0.0	174345.5796496	1789743919295.394	600.2031807899475	174945.7698542	1789744519498.5747
sub-10034	ses-1	run-01	0	42	40	2	20	21	15	40	15	40	left	right	1.0	391.38730001286604	False	False	loss	32	106.16831469535828	174451.7476121	1789744025463.7087	106.47357082366943	174452.0520402	1789744025768.9648	106.8649581236823	174452.44342750002	1789744026160.352	174452.6956038	107.70052289962769	174453.2790371	1789744026995.9167	174453.2790371	579.5423466614967	300.0	0.0	174345.5796496	1789743919295.394	600.2031807899475	174945.7698542	1789744519498.5747
sub-10034	ses-1	run-01	0	43	15	3	0	21	15	40	15	40	left	right	2.0	658.829699998023	False	False	loss	32	108.70151424407959	174454.2805711	1789744027996.9082	109.00615406036377	174454.5846483	1789744028301.548	109.66498376036179	174455.243478	1789744028960.3777	174455.5000573	110.5978672504425	174456.1769161	1789744029893.2612	174456.1769161	672.0338798183598	300.0	0.0	174345.5796496	1789743919295.394	600.2031807899475	174945.7698542	1789744519498.5747
sub-10034	ses-1	run-01	0	44	15	3	1	21	15	40	15	40	left	right	1.0	273.649300012039	True	True	win	31	111.59923505783081	174457.1775121	1789744030894.629	111.90334415435791	174457.4817732	1789744031198.738	112.17699345436995	174457.75542250002	1789744031472.3875	174458.0096942	112.93898177146912	174458.5174484	1789744032234.3757	174458.5174484	503.48382864607487	300.0	0.0	174345.5796496	1789743919295.394	600.2031807899475	174945.7698542	1789744519498.5747
sub-10034	ses-1	run-01	0	45	15	3	2	21	15	40	15	40	left	right	1.0	395.96480000182055	True	True	win	31	113.940749168396	174459.5191509	1789744033236.143	114.24516773223877	174459.8234641	1789744033540.5618	114.64113253224059	174460.2194289	1789744033936.5266	174460.4721129	115.57729911804199	174461.1558356	1789744034872.693	174461.1558356	679.968834812378	300.0	0.0	174345.5796496	1789743919295.394	600.2031807899475	174945.7698542	1789744519498.5747
sub-10034	ses-1	run-01	0	46	15	3	3	21	15	40	15	40	left	right	1.0	403.5225000116043	True	False	loss	32	116.58006310462952	174462.1589042	1789744035875.457	116.88545656204224	174462.4638834	1789744036180.8506	117.28897906205384	174462.8674059	1789744036584.373	174463.1222548	118.21323347091675	174463.7917221	1789744037508.6274	174463.7917221	665.5219328746861	300.0	0.0	174345.5796496	1789743919295.394	600.2031807899475	174945.7698542	1789744519498.5747
sub-10034	ses-1	run-01	0	47	15	3	4	21	15	40	40	15	right	left	2.0	441.59380000201054	False	False	loss	32	119.2143223285675	174464.7934646	1789744038509.7163	119.51962804794312	174465.097869	1789744038815.022	119.96122184794513	174465.5394628	1789744039256.6157	174465.7917087	120.71794080734253	174466.2965983	1789744040013.3347	174466.2965983	500.74260646928104	300.0	0.0	174345.5796496	1789743919295.394	600.2031807899475	174945.7698542	1789744519498.5747
sub-10034	ses-1	run-01	0	48	15	3	5	21	15	40	40	15	right	left	1.0	719.6418000094127	True	True	win	31	121.7210385799408	174467.2991694	1789744041016.4326	122.0252332687378	174467.6037473	1789744041320.6272	122.7448750687472	174468.3233891	1789744042040.269	174468.5782598	123.64496755599976	174469.2232454	1789744042940.3616	174469.2232454	641.0778441920199	300.0	0.0	174345.5796496	1789743919295.394	600.2031807899475	174945.7698542	1789744519498.5747
sub-10034	ses-1	run-01	0	49	15	3	6	21	15	40	15	40	left	right	1.0	385.4006000037771	True	True	win	31	124.64714455604553	174470.2257207	1789744043942.5386	124.9519293308258	174470.5300638	1789744044247.3232	125.33732993082958	174470.9154644	1789744044632.7239	174471.1683105	126.09393286705017	174471.672592	1789744045389.327	174471.672592	500.7812139018065	300.0	0.0	174345.5796496	1789743919295.394	600.2031807899475	174945.7698542	1789744519498.5747
sub-10034	ses-1	run-01	0	50	15	3	7	21	15	40	40	15	right	left	1.0	448.93689997843467	True	False	loss	32	127.09532189369202	174472.6742593	1789744046390.7158	127.40030097961426	174472.9784884	1789744046695.6948	127.84923787959269	174473.42742529997	1789744047144.6318	174473.6822467	128.70707273483276	174474.285209	1789744048002.4668	174474.285209	598.8246614133295	300.0	0.0	174345.5796496	1789743919295.394	600.2031807899475	174945.7698542	1789744519498.5747
sub-10034	ses-1	run-01	0	51	15	3	8	21	15	40	15	40	left	right	2.0	363.1176999770105	False	False	loss	32	129.7097635269165	174475.2880295	1789744049005.1575	130.01407527923584	174475.592248	1789744049309.4692	130.37719297921285	174475.95536569998	1789744049672.587	174476.2105272	131.2945921421051	174476.8726918	1789744050589.986	174476.8726918	658.977704258166	300.0	0.0	174345.5796496	1789743919295.394	600.2031807899475	174945.7698542	1789744519498.5747
sub-10034	ses-1	run-01	0	52	15	3	9	21	15	40	15	40	left	right	2.0	512.021000002278	False	False	loss	32	132.29690384864807	174477.8748611	1789744051592.2979	132.6009213924408	174478.1793563	1789744051896.3154	133.11294239244307	174478.6913773	1789744052408.3364	174478.9481496	133.91245222091675	174479.4904676	1789744053207.8462	174479.4904676	538.3513462511308	300.0	0.0	174345.5796496	1789743919295.394	600.2031807899475	174945.7698542	1789744519498.5747
sub-10034	ses-1	run-01	0	53	15	3	10	21	15	40	40	15	right	left	1.0	367.08250001538545	True	True	win	31	134.91405725479126	174480.4923134	1789744054209.4512	135.2181704044342	174480.7961576	1789744054513.5645	135.5852529044496	174481.16324010002	1789744054880.647	174481.4202405	136.4154567718506	174481.993403	1789744055710.8508	174481.993403	568.3453331890234	300.0	0.0	174345.5796496	1789743919295.394	600.2031807899475	174945.7698542	1789744519498.5747
sub-10034	ses-1	run-01	0	54	15	3	11	21	15	40	15	40	left	right	1.0	439.5991000055801	True	False	loss	32	137.4175865650177	174482.99539	1789744056712.9805	137.72177267074585	174483.2997025	1789744057017.1665	138.16137177075143	174483.7393016	1789744057456.7656	174483.9926991	139.0403265953064	174484.6181218	1789744058335.7205	174484.6181218	621.8644230533357	300.0	0.0	174345.5796496	1789743919295.394	600.2031807899475	174945.7698542	1789744519498.5747
sub-10034	ses-1	run-01	0	55	15	3	12	21	15	40	15	40	left	right	2.0	359.20869998517446	False	False	loss	32	140.04189658164978	174485.619717	1789744059337.2905	140.34621405601501	174485.9240789	1789744059641.608	140.7054227560002	174486.28328759997	1789744060000.8167	174486.5377484	141.5329658985138	174487.1115836	1789744060828.3599	174487.1115836	569.0846836130777	300.0	0.0	174345.5796496	1789743919295.394	600.2031807899475	174945.7698542	1789744519498.5747
sub-10034	ses-1	run-01	0	56	15	3	13	21	15	40	15	40	left	right	2.0	313.6499999964144	False	False	loss	32	142.5359308719635	174488.1136866	1789744061831.3247	142.83984661102295	174488.417655	1789744062135.2405	143.15349661101936	174488.731305	1789744062448.8904	174488.986247	144.109760761261	174489.6875077	1789744063405.1548	174489.6875077	697.7175669947874	300.0	0.0	174345.5796496	1789743919295.394	600.2031807899475	174945.7698542	1789744519498.5747
sub-10034	ses-1	run-01	0	57	15	3	14	21	15	40	15	40	left	right	1.0	489.000000001397	True	True	win	31	145.11222887039185	174490.6900383	1789744064407.6228	145.41649889945984	174490.9942858	1789744064711.8928	145.90549889946124	174491.4832858	1789744065200.8928	174491.738444	146.86233711242676	174492.4400297	1789744066157.731	174492.4400297	697.1380894222399	300.0	0.0	174345.5796496	1789743919295.394	600.2031807899475	174945.7698542	1789744519498.5747
sub-10034	ses-1	run-01	0	58	15	3	15	21	15	40	40	15	right	left	1.0	449.37479999498464	True	False	loss	32	147.86311411857605	174493.4415354	1789744067158.508	148.16829252243042	174493.7459239	1789744067463.6865	148.6176673224254	174494.19529869998	1789744067913.0613	174494.4498242	149.52959847450256	174495.107231	1789744068824.9924	174495.107231	653.2518481909271	300.0	0.0	174345.5796496	1789743919295.394	600.2031807899475	174945.7698542	1789744519498.5747
sub-10034	ses-1	run-01	0	59	15	3	16	21	15	40	40	15	right	left	2.0	390.15720001771115	False	False	loss	32	150.53104972839355	174496.1089754	1789744069826.4436	150.8355324268341	174496.4131043	1789744070130.9263	151.22568962685182	174496.80326150003	1789744070521.0835	174497.0561112	152.1684489250183	174497.7460075	1789744071463.8428	174497.7460075	685.9495755301339	300.0	0.0	174345.5796496	1789743919295.394	600.2031807899475	174945.7698542	1789744519498.5747
sub-10034	ses-1	run-01	0	60	15	3	17	21	15	40	40	15	right	left	1.0	391.5125999774318	True	True	win	31	153.1693935394287	174498.7475236	1789744072464.7876	153.47419357299805	174499.0517459	1789744072769.5874	153.86570617297548	174499.4432585	1789744073161.1	174499.7009057	154.64650130271912	174500.2240204	1789744073941.8953	174500.2240204	518.8050829649222	300.0	0.0	174345.5796496	1789743919295.394	600.2031807899475	174945.7698542	1789744519498.5747
sub-10034	ses-1	run-01	0	61	15	3	18	21	15	40	40	15	right	left	1.0	568.9225999813061	True	True	win	31	155.6487317085266	174501.2263754	1789744074944.1257	155.95300483703613	174501.5303741	1789744075248.3987	156.52192743701744	174502.09929669998	1789744075817.3213	174502.3543512	157.33808541297913	174502.9155183	1789744076633.4792	174502.9155183	557.8528120753945	300.0	0.0	174345.5796496	1789743919295.394	600.2031807899475	174945.7698542	1789744519498.5747
sub-10034	ses-1	run-01	0	62	15	3	19	21	15	40	15	40	left	right	2.0	765.9214999875985	False	True	win	31	158.33977127075195	174503.9170129	1789744077635.1653	158.64354586601257	174504.2213387	1789744077938.9397	159.40946736600017	174504.9872602	1789744078704.861	174505.2407288	160.20782113075256	174505.7855972	1789744079503.215	174505.7855972	541.1082812469995	300.0	0.0	174345.5796496	1789743919295.394	600.2031807899475	174945.7698542	1789744519498.5747
sub-10034	ses-1	run-01	0	63	15	3	20	21	15	40	15	40	left	right	2.0	367.8975999937393	False	False	loss	32	161.20980596542358	174506.7871241	1789744080505.2	161.51400923728943	174507.0913796	1789744080809.403	161.88190683728317	174507.4592772	1789744081177.3008	174507.7146149	162.70537447929382	174508.2826872	1789744082000.7683	174508.2826872	564.0736171094754	300.0	0.0	174345.5796496	1789743919295.394	600.2031807899475	174945.7698542	1789744519498.5747
sub-10034	ses-1	run-01	0	64	40	4	0	20	15	40	15	40	left	right	1.0	350.6909999996424	False	False	loss	32	163.7070815563202	174509.2843366	1789744083002.4756	164.01128768920898	174509.5885878	1789744083306.6816	164.36197868920863	174509.9392788	1789744083657.3726	174510.1919052	165.2040297985077	174510.781255	1789744084499.4238	174510.781255	585.6841122412542	300.0	0.0	174345.5796496	1789743919295.394	600.2031807899475	174945.7698542	1789744519498.5747
sub-10034	ses-1	run-01	0	65	40	4	1	20	15	40	40	15	right	left	2.0	747.8301000082865	True	True	win	31	166.20585942268372	174511.7829653	1789744085501.2534	166.51017951965332	174512.0874686	1789744085805.5735	167.2580096196616	174512.8352987	1789744086553.4036	174513.0919383	168.17011404037476	174513.7473066	1789744087465.508	174513.7473066	651.3850342788132	300.0	0.0	174345.5796496	1789743919295.394	600.2031807899475	174945.7698542	1789744519498.5747
sub-10034	ses-1	run-01	0	66	40	4	2	20	15	40	40	15	right	left	2.0	374.0618000156246	True	True	win	31	169.17184615135193	174514.7489692	1789744088467.24	169.4761233329773	174515.0532638	1789744088771.5173	169.85018513299292	174515.4273256	1789744089145.579	174515.6814167	170.65313601493835	174516.230653	1789744089948.53	174516.230653	545.1518233201856	300.0	0.0	174345.5796496	1789743919295.394	600.2031807899475	174945.7698542	1789744519498.5747
sub-10034	ses-1	run-01	0	67	40	4	3	20	15	40	15	40	left	right	2.0	418.06610001367517	True	False	loss	32	171.6564302444458	174517.2333757	1789744090951.8242	171.96019339561462	174517.537245	1789744091255.5874	172.3782594956283	174517.95531110003	1789744091673.6536	174518.2107016	173.29199624061584	174518.8690624	1789744092587.3901	174518.8690624	654.0974404967759	300.0	0.0	174345.5796496	1789743919295.394	600.2031807899475	174945.7698542	1789744519498.5747
sub-10034	ses-1	run-01	0	68	40	4	4	20	15	40	40	15	right	left	1.0	363.93219997989945	False	False	loss	32	174.293869972229	174519.8707843	1789744093589.264	174.598290681839	174520.1753618	1789744093893.6846	174.9622228818189	174520.539294	1789744094257.6167	174520.7943652	175.76024198532104	174521.3372663	1789744095055.636	174521.3372663	539.8789037749492	300.0	0.0	174345.5796496	1789743919295.394	600.2031807899475	174945.7698542	1789744519498.5747
sub-10034	ses-1	run-01	0	69	40	4	5	20	15	40	15	40	left	right	2.0	398.81750001222827	True	False	loss	32	176.7631287574768	174522.3400323	1789744096058.5227	177.0672824382782	174522.6444689	1789744096362.6763	177.46609993829043	174523.0432864	1789744096761.4937	174523.2974975	178.2936406135559	174523.8705385	1789744097589.0347	174523.8705385	568.7221928998882	300.0	0.0	174345.5796496	1789743919295.394	600.2031807899475	174945.7698542	1789744519498.5747
sub-10034	ses-1	run-01	0	70	40	4	6	20	15	40	40	15	right	left	1.0	394.11939997808076	False	False	loss	32	179.29520773887634	174524.8721304	1789744098590.6016	179.6003167629242	174525.177292	1789744098895.7107	179.99443616290228	174525.5714114	1789744099289.83	174525.8261426	180.92076468467712	174526.4977316	1789744100216.1587	174526.4977316	667.015371296709	300.0	0.0	174345.5796496	1789743919295.394	600.2031807899475	174945.7698542	1789744519498.5747
sub-10034	ses-1	run-01	0	71	40	4	7	20	15	40	15	40	left	right	2.0	407.68560001743026	True	False	loss	32	181.92262649536133	174527.4994368	1789744101218.0205	182.22686433792114	174527.8036374	1789744101522.2583	182.63454993793857	174528.21132300003	1789744101929.9438	174528.4683083	183.52857542037964	174529.1053302	1789744102823.9695	174529.1053302	633.7492037102288	300.0	0.0	174345.5796496	1789743919295.394	600.2031807899475	174945.7698542	1789744519498.5747
sub-10034	ses-1	run-01	0	72	40	4	8	20	15	40	15	40	left	right	1.0	446.9637000001967	False	False	loss	32	184.53088474273682	174530.1076962	1789744103826.2788	184.83567595481873	174530.4123735	1789744104131.0698	185.28263965481892	174530.8593372	1789744104578.0334	174531.1161174	186.0985357761383	174531.6753922	1789744105393.9297	174531.6753922	554.2033771453995	300.0	0.0	174345.5796496	1789743919295.394	600.2031807899475	174945.7698542	1789744519498.5747
sub-10034	ses-1	run-01	0	73	40	4	9	20	15	40	40	15	right	left	1.0	509.6086999983527	False	False	loss	32	187.10072374343872	174532.6774601	1789744106396.1177	187.40494298934937	174532.9816378	1789744106700.337	187.91455168934772	174533.4912465	1789744107209.9456	174533.7464661	188.71189522743225	174534.2886406	1789744108007.289	174534.2886406	537.1292749564914	300.0	0.0	174345.5796496	1789743919295.394	600.2031807899475	174945.7698542	1789744519498.5747
sub-10034	ses-1	run-01	0	74	40	4	10	20	15	40	40	15	right	left	2.0	624.6750999998767	True	False	loss	32	189.71342253684998	174535.2900861	1789744109008.8164	190.01759266853333	174535.5946293	1789744109312.9866	190.6422677685332	174536.2193044	1789744109937.6616	174536.4740369	191.51942944526672	174537.0960168	1789744110814.8235	174537.0960168	618.7463548638444	300.0	0.0	174345.5796496	1789743919295.394	600.2031807899475	174945.7698542	1789744519498.5747
sub-10034	ses-1	run-01	0	75	40	4	11	20	15	40	40	15	right	left	2.0	473.0144999921322	True	True	win	31	192.52167868614197	174538.0981357	1789744111817.0725	192.82573747634888	174538.4023317	1789744112121.1313	193.298751976341	174538.8753462	1789744112594.1458	174539.1309064	194.14308834075928	174539.720338	1789744113438.4822	174539.720338	585.1483202980563	300.0	0.0	174345.5796496	1789743919295.394	600.2031807899475	174945.7698542	1789744519498.5747
sub-10034	ses-1	run-01	0	76	40	4	12	20	15	40	40	15	right	left	2.0	400.9473999904003	True	True	win	31	195.14570498466492	174540.7220991	1789744114441.0989	195.4498805999756	174541.0263658	1789744114745.2747	195.850827999966	174541.4273132	1789744115146.2222	174541.6800501	196.74226999282837	174542.3187211	1789744116037.6638	174542.3187211	634.9520210312983	300.0	0.0	174345.5796496	1789743919295.394	600.2031807899475	174945.7698542	1789744519498.5747
sub-10034	ses-1	run-01	0	77	40	4	13	20	15	40	40	15	right	left	2.0	330.441800004337	True	True	win	31	197.7442021369934	174543.320695	1789744117039.5962	198.04853534698486	174543.624919	1789744117343.9292	198.3789771469892	174543.9553608	1789744117674.371	174544.2074947	199.1819202899933	174544.7582739	1789744118477.3142	174544.7582739	546.0762015948535	300.0	0.0	174345.5796496	1789743919295.394	600.2031807899475	174945.7698542	1789744519498.5747
sub-10034	ses-1	run-01	0	78	40	4	14	20	15	40	40	15	right	left	2.0	530.9929999930318	True	True	win	31	200.1834580898285	174545.7598521	1789744119478.852	200.48804926872253	174546.0643392	1789744119783.443	201.01904226871557	174546.5953322	1789744120314.436	174546.8487375	201.9592616558075	174547.5356081	1789744121254.6555	174547.5356081	682.3340592205968	300.0	0.0	174345.5796496	1789743919295.394	600.2031807899475	174945.7698542	1789744519498.5747
sub-10034	ses-1	run-01	0	79	40	4	15	20	15	40	40	15	right	left	2.0	353.54679997544736	True	True	win	31	202.96107530593872	174548.5373145	1789744122256.4692	203.26546549797058	174548.8417757	1789744122560.8594	203.61901229794603	174549.1953225	1789744122914.4062	174549.4512731	204.53077840805054	174550.1070403	1789744123826.1724	174550.1070403	651.8495313592276	300.0	0.0	174345.5796496	1789743919295.394	600.2031807899475	174945.7698542	1789744519498.5747
sub-10034	ses-1	run-01	0	80	40	4	16	20	15	40	15	40	left	right	2.0	525.2212999912445	True	False	loss	32	205.53375816345215	174551.1100343	1789744124829.152	205.837895154953	174551.4141387	1789744125133.289	206.36311645494425	174551.93936	1789744125658.5103	174552.19322	207.12147998809814	174552.6976611	1789744126416.874	174552.6976611	500.1888852697585	300.0	0.0	174345.5796496	1789743919295.394	600.2031807899475	174945.7698542	1789744519498.5747
sub-10034	ses-1	run-01	0	81	40	4	17	20	15	40	15	40	left	right	1.0	406.20930001023225	False	False	loss	32	208.12297177314758	174553.6997747	1789744127418.3657	208.42844367027283	174554.0050318	1789744127723.8376	208.83465297028306	174554.41124110002	1789744128130.0469	174554.6644294	209.60970640182495	174555.1858168	1789744128905.1003	174555.1858168	517.4968539366267	300.0	0.0	174345.5796496	1789743919295.394	600.2031807899475	174945.7698542	1789744519498.5747
sub-10034	ses-1	run-01	0	82	40	4	18	20	15	40	15	40	left	right	1.0	254.71330000436865	False	True	win	31	210.61166882514954	174556.1877449	1789744129907.0627	210.91657733917236	174556.4925949	1789744130211.9712	211.17129063917673	174556.7473082	1789744130466.6846	174557.0009641	212.09882378578186	174557.6748322	1789744131394.2178	174557.6748322	669.6676131572646	300.0	0.0	174345.5796496	1789743919295.394	600.2031807899475	174945.7698542	1789744519498.5747
sub-10034	ses-1	run-01	0	83	40	4	19	20	15	40	40	15	right	left	1.0	500.6363000138663	False	False	loss	32	213.10149431228638	174558.678169	1789744132396.8882	213.4067418575287	174558.9827145	1789744132702.1357	213.90737815754255	174559.4833508	1789744133202.772	174559.735848	214.79845333099365	174560.3744272	1789744134093.8472	174560.3744272	634.788140478616	300.0	0.0	174345.5796496	1789743919295.394	600.2031807899475	174945.7698542	1789744519498.5747
sub-10034	ses-1	run-01	0	84	15	5	0	22	15	40	15	40	left	right	2.0	354.3189999763854	False	True	win	31	215.80088710784912	174561.3766969	1789744135096.281	216.10521697998047	174561.6810268	1789744135400.6108	216.45953597995685	174562.0353458	1789744135754.93	174562.2896337	217.31555819511414	174562.8920421	1789744136610.9521	174562.8920421	597.8472853382518	300.0	0.0	174345.5796496	1789743919295.394	600.2031807899475	174945.7698542	1789744519498.5747
sub-10034	ses-1	run-01	0	85	15	5	1	22	15	40	15	40	left	right	2.0	469.78309997939505	False	True	win	31	218.31738686561584	174563.8934344	1789744137612.7808	218.62172317504883	174564.1974777	1789744137917.1172	219.09150627502822	174564.6672608	1789744138386.9004	174564.9220751	219.95265245437622	174565.5283809	1789744139248.0464	174565.5283809	601.1401510615524	300.0	0.0	174345.5796496	1789743919295.394	600.2031807899475	174945.7698542	1789744519498.5747
sub-10034	ses-1	run-01	0	86	15	5	2	22	15	40	40	15	right	left	2.0	496.2146000179928	False	False	loss	32	220.95496344566345	174566.5306325	1789744140250.3574	221.2594337463379	174566.8351263	1789744140554.8276	221.75564834635588	174567.3313409	1789744141051.0422	174567.5838943	222.5274646282196	174568.1032478	1789744141822.8586	174568.1032478	515.6041899318143	300.0	0.0	174345.5796496	1789743919295.394	600.2031807899475	174945.7698542	1789744519498.5747
sub-10034	ses-1	run-01	0	87	15	5	3	22	15	40	40	15	right	left	1.0	249.6419999806676	True	True	win	31	223.5298411846161	174569.1061586	1789744142825.235	223.8339602947235	174569.4097517	1789744143129.3542	224.08360229470418	174569.65939369999	1789744143378.9963	174569.9117824	224.99939131736755	174570.5751719	1789744144294.7852	174570.5751719	659.7998316480722	300.0	0.0	174345.5796496	1789743919295.394	600.2031807899475	174945.7698542	1789744519498.5747
sub-10034	ses-1	run-01	0	88	15	5	4	22	15	40	15	40	left	right	2.0	378.0265999957919	False	False	loss	32	226.00157356262207	174571.577347	1789744145296.9675	226.30496501922607	174571.8812675	1789744145600.359	226.68299161922187	174572.2592941	1789744145978.3855	174572.5151684	227.63682293891907	174573.2124228	1789744146932.2168	174573.2124228	693.5520949182492	300.0	0.0	174345.5796496	1789743919295.394	600.2031807899475	174945.7698542	1789744519498.5747
sub-10034	ses-1	run-01	0	89	15	5	5	22	15	40	40	15	right	left	1.0	380.3594999772031	True	False	loss	32	228.6389832496643	174574.214609	1789744147934.3772	228.94344353675842	174574.5189445	1789744148238.8374	229.32380303673563	174574.899304	1789744148619.197	174575.1532853	230.2532503604889	174575.8288626	1789744149548.6443	174575.8288626	671.2884471655344	300.0	0.0	174345.5796496	1789743919295.394	600.2031807899475	174945.7698542	1789744519498.5747
sub-10034	ses-1	run-01	0	90	15	5	6	22	15	40	40	15	right	left	2.0	381.52749999426305	False	False	loss	32	231.25414419174194	174576.8304581	1789744150549.538	231.558185338974	174577.1337561	1789744150853.5793	231.93971283896826	174577.5152836	1789744151235.107	174577.7729176	232.79100370407104	174578.3665392	1789744152086.3977	174578.3665392	589.1962308898414	300.0	0.0	174345.5796496	1789743919295.394	600.2031807899475	174945.7698542	1789744519498.5747
sub-10034	ses-1	run-01	0	91	15	5	7	22	15	40	40	15	right	left	1.0	602.6292000024114	True	False	loss	32	233.79279017448425	174579.368383	1789744153088.184	234.09712028503418	174579.6726739	1789744153392.5142	234.6997494850366	174580.2753031	1789744153995.1433	174580.5275421	235.50621819496155	174581.0817382	1789744154801.612	174581.0817382	550.9653624641968	300.0	0.0	174345.5796496	1789743919295.394	600.2031807899475	174945.7698542	1789744519498.5747
sub-10034	ses-1	run-01	0	92	15	5	8	22	15	40	15	40	left	right	2.0	239.69610000494868	False	False	loss	32	236.50788187980652	174582.0833366	1789744155803.276	236.8124041557312	174582.3876856	1789744156107.798	237.05210025573615	174582.6273817	1789744156347.4941	174582.8806061	237.91726803779602	174583.4927087	1789744157212.6619	174583.4927087	608.9688722265577	300.0	0.0	174345.5796496	1789743919295.394	600.2031807899475	174945.7698542	1789744519498.5747
sub-10034	ses-1	run-01	0	93	15	5	9	22	15	40	40	15	right	left	1.0	435.98010001005605	True	True	win	31	238.91953206062317	174584.4948474	1789744158214.926	239.22401213645935	174584.7993312	1789744158519.406	239.6599922364694	174585.2353113	1789744158955.386	174585.4874114	240.54983258247375	174586.1253394	1789744159845.2266	174586.1253394	633.7931076105763	300.0	0.0	174345.5796496	1789743919295.394	600.2031807899475	174945.7698542	1789744519498.5747
sub-10034	ses-1	run-01	0	94	15	5	10	22	15	40	15	40	left	right	1.0	355.33600000781007	True	True	win	31	241.5515420436859	174587.1273692	1789744160846.936	241.85664653778076	174587.4319334	1789744161152.0405	242.21198253778857	174587.7872694	1789744161507.3765	174588.0401544	243.0332968235016	174588.6087433	1789744162328.6907	174588.6087433	564.6632931774647	300.0	0.0	174345.5796496	1789743919295.394	600.2031807899475	174945.7698542	1789744519498.5747
sub-10034	ses-1	run-01	0	95	15	5	11	22	15	40	15	40	left	right	1.0	391.196000011405	True	True	win	31	244.03624367713928	174589.611371	1789744163331.6377	244.34076857566833	174589.91602	1789744163636.1626	244.73196457567974	174590.30721600002	1789744164027.3586	174590.5598949	245.60303568840027	174591.1782567	1789744164898.4297	174591.1782567	614.0458649835033	300.0	0.0	174345.5796496	1789743919295.394	600.2031807899475	174945.7698542	1789744519498.5747
sub-10034	ses-1	run-01	0	96	15	5	12	22	15	40	40	15	right	left	1.0	366.75519999698736	True	True	win	31	246.60511994361877	174592.18031	1789744165900.514	246.90931606292725	174592.484511	1789744166204.71	247.27607126292423	174592.85126619998	1789744166571.465	174593.1079525	248.1451735496521	174593.720319	1789744167440.5674	174593.720319	608.7417371153641	300.0	0.0	174345.5796496	1789743919295.394	600.2031807899475	174945.7698542	1789744519498.5747
sub-10034	ses-1	run-01	0	97	15	5	13	22	15	40	15	40	left	right	1.0	656.8226000235882	True	True	win	31	249.14701914787292	174594.7221647	1789744168442.413	249.45150709152222	174595.0265564	1789744168746.9011	250.1083296915458	174595.68337900002	1789744169403.7236	174595.9355366	251.00452303886414	174596.5794701	1789744170299.917	174596.5794701	639.6910230561707	300.0	0.0	174345.5796496	1789743919295.394	600.2031807899475	174945.7698542	1789744519498.5747
sub-10034	ses-1	run-01	0	98	15	5	14	22	15	40	15	40	left	right	1.0	453.3903999836184	True	True	win	31	252.00633668899536	174597.5813276	1789744171301.7307	252.31087398529053	174597.8858868	1789744171606.2678	252.76426438527415	174598.3392772	1789744172059.6582	174598.5947818	253.67542552947998	174599.2505009	1789744172970.8196	174599.2505009	651.0920791203087	300.0	0.0	174345.5796496	1789743919295.394	600.2031807899475	174945.7698542	1789744519498.5747
sub-10034	ses-1	run-01	0	99	15	5	15	22	15	40	15	40	left	right	1.0	446.7119000037201	True	False	loss	32	254.67764496803284	174600.2525065	1789744173973.0388	254.98169088363647	174600.5565412	1789744174277.0847	255.4284027836402	174601.0032531	1789744174723.7966	174601.2554507	256.2839021682739	174601.8586987	1789744175579.2961	174601.8586987	599.4236364255532	300.0	0.0	174345.5796496	1789743919295.394	600.2031807899475	174945.7698542	1789744519498.5747
sub-10034	ses-1	run-01	0	100	15	5	16	22	15	40	15	40	left	right	2.0	405.5657999997493	False	False	loss	32	257.2854497432709	174602.8611941	1789744176580.8438	257.5908839702606	174603.1657045	1789744176886.2778	257.99644977026037	174603.5712703	1789744177291.8438	174603.8242677	258.8774456977844	174604.4523479	1789744178172.8396	174604.4523479	624.8387679312966	300.0	0.0	174345.5796496	1789743919295.394	600.2031807899475	174945.7698542	1789744519498.5747
sub-10034	ses-1	run-01	0	101	15	5	17	22	15	40	40	15	right	left	1.0	916.7813000094611	True	True	win	31	259.87960052490234	174605.4545747	1789744179174.9944	260.1835837364197	174605.7585112	1789744179478.9778	261.10036503642914	174606.6752925	1789744180395.759	174606.9291812	262.03974413871765	174607.6145547	1789744181335.1382	174607.6145547	681.2688578951005	300.0	0.0	174345.5796496	1789743919295.394	600.2031807899475	174945.7698542	1789744519498.5747
sub-10034	ses-1	run-01	0	102	15	5	18	22	15	40	40	15	right	left	1.0	378.4073000133503	True	True	win	31	263.0410420894623	174608.6164381	1789744182336.436	263.34599900245667	174608.9208005	1789744182641.393	263.72440630247	174609.2992078	1789744183019.8003	174609.5543975	264.62783193588257	174610.2026271	1789744183923.2258	174610.2026271	644.1582580565624	300.0	0.0	174345.5796496	1789743919295.394	600.2031807899475	174945.7698542	1789744519498.5747
sub-10034	ses-1	run-01	0	103	15	5	19	22	15	40	40	15	right	left	1.0	438.79819998983294	True	True	win	31	265.62960863113403	174611.2042619	1789744184925.0027	265.93388295173645	174611.508447	1789744185229.2769	266.3726811517263	174611.9472452	1789744185668.075	174612.2022332	267.1906564235687	174612.7652071	1789744186486.0503	174612.7652071	559.2973137583635	300.0	0.0	174345.5796496	1789743919295.394	600.2031807899475	174945.7698542	1789744519498.5747
sub-10034	ses-1	run-01	0	104	15	5	20	22	15	40	15	40	left	right	2.0	420.25950000970624	False	False	loss	32	268.192645072937	174613.7671579	1789744187488.039	268.4963297843933	174614.0710156	1789744187791.7236	268.916589284403	174614.4912751	1789744188211.9832	174614.7445387	269.76525831222534	174615.3399108	1789744189060.6523	174615.3399108	591.8674492387513	300.0	0.0	174345.5796496	1789743919295.394	600.2031807899475	174945.7698542	1789744519498.5747
sub-10034	ses-1	run-01	0	105	15	5	21	22	15	40	15	40	left	right	1.0	838.3013000129722	True	True	win	31	270.76620984077454	174616.3414149	1789744190061.6038	271.0703330039978	174616.644919	1789744190365.727	271.9086343040108	174617.48322030003	1789744191204.0283	174617.736474	272.72051310539246	174618.2949748	1789744192015.907	174618.2949748	553.4335177418851	300.0	0.0	174345.5796496	1789743919295.394	600.2031807899475	174945.7698542	1789744519498.5747
sub-10034	ses-1	run-01	0	106	40	6	0	23	15	40	40	15	right	left	1.0	361.8725000123959	False	True	win	31	273.72123646736145	174619.2964648	1789744193016.6304	274.0269787311554	174619.601359	1789744193322.3726	274.3888512311678	174619.9632315	1789744193684.245	174620.2201124	275.31207156181335	174620.8865673	1789744194607.4656	174620.8865673	662.7802243859288	300.0	0.0	174345.5796496	1789743919295.394	600.2031807899475	174945.7698542	1789744519498.5747
sub-10034	ses-1	run-01	0	107	40	6	1	23	15	40	40	15	right	left	1.0	643.1880000163801	False	False	loss	32	276.31382298469543	174621.8881977	1789744195609.217	276.61766505241394	174622.1921174	1789744195913.059	277.2608530524303	174622.83530540002	1789744196556.247	174623.0916513	278.1172034740448	174623.6915925	1789744197412.5974	174623.6915925	595.9235352687242	300.0	0.0	174345.5796496	1789743919295.394	600.2031807899475	174945.7698542	1789744519498.5747
sub-10034	ses-1	run-01	0	108	40	6	2	23	15	40	40	15	right	left	2.0	358.63960001734085	True	True	win	31	279.1188657283783	174624.6932082	1789744198414.2598	279.42213559150696	174624.9965817	1789744198717.5295	279.7807751915243	174625.3552213	1789744199076.1692	174625.6096741	280.6769757270813	174626.2518276	1789744199972.3696	174626.2518276	638.8070142103088	300.0	0.0	174345.5796496	1789743919295.394	600.2031807899475	174945.7698542	1789744519498.5747
sub-10034	ses-1	run-01	0	109	40	6	3	23	15	40	40	15	right	left	2.0	373.80290002329275	True	True	win	31	281.67877674102783	174627.2530209	1789744200974.1707	281.98335099220276	174627.5575299	1789744201278.7449	282.35715389222605	174627.9313328	1789744201652.5479	174628.1868459	283.19914650917053	174628.7734804	1789744202494.5405	174628.7734804	582.5707130570462	300.0	0.0	174345.5796496	1789743919295.394	600.2031807899475	174945.7698542	1789744519498.5747
sub-10034	ses-1	run-01	0	110	40	6	4	23	15	40	15	40	left	right	2.0	339.820499997586	True	True	win	31	284.2008008956909	174629.7751241	1789744203496.1948	284.50444078445435	174630.079394	1789744203799.8347	284.84426128445193	174630.4192145	1789744204139.6553	174630.6730204	285.7200765609741	174631.2944538	1789744205015.4705	174631.2944538	617.4934215883735	300.0	0.0	174345.5796496	1789743919295.394	600.2031807899475	174945.7698542	1789744519498.5747
sub-10034	ses-1	run-01	0	111	40	6	5	23	15	40	40	15	right	left	2.0	386.45289998385124	True	True	win	31	286.7222857475281	174632.2964959	1789744206017.6797	287.0266282558441	174632.6008333	1789744206322.0222	287.41308115582797	174632.9872862	1789744206708.475	174633.2398867	288.2432200908661	174633.8172501	1789744207538.614	174633.8172501	573.8463652987243	300.0	0.0	174345.5796496	1789743919295.394	600.2031807899475	174945.7698542	1789744519498.5747
sub-10034	ses-1	run-01	0	112	40	6	6	23	15	40	15	40	left	right	2.0	319.22400000621565	True	True	win	31	289.2445833683014	174634.8192359	1789744208539.9773	289.5497512817383	174635.1239484	1789744208845.1453	289.8689752817445	174635.4431724	1789744209164.3694	174635.697086	290.8047363758087	174636.3788447	1789744210100.1304	174636.3788447	677.3370396255405	300.0	0.0	174345.5796496	1789743919295.394	600.2031807899475	174945.7698542	1789744519498.5747
sub-10034	ses-1	run-01	0	113	40	6	7	23	15	40	15	40	left	right	2.0	534.6327000006568	True	True	win	31	291.80642318725586	174637.3804618	1789744211101.8171	292.11062145233154	174637.6846451	1789744211406.0154	292.6452541523322	174638.2192778	1789744211940.6482	174638.4737029	293.5330927371979	174639.1069932	1789744212828.4866	174639.1069932	629.7512574863198	300.0	0.0	174345.5796496	1789743919295.394	600.2031807899475	174945.7698542	1789744519498.5747
sub-10034	ses-1	run-01	0	114	40	6	8	23	15	40	40	15	right	left	2.0	389.44219998666085	True	False	loss	32	294.535902261734	174640.1099681	1789744213831.2961	294.83995366096497	174640.4139632	1789744214135.3477	295.2293958609516	174640.8034054	1789744214524.7898	174641.058187	296.1803479194641	174641.7543353	1789744215475.742	174641.7543353	692.1206740576597	300.0	0.0	174345.5796496	1789743919295.394	600.2031807899475	174945.7698542	1789744519498.5747
sub-10034	ses-1	run-01	0	115	40	6	9	23	15	40	15	40	left	right	1.0	414.67220001504757	False	True	win	31	297.1825661659241	174642.7565908	1789744216477.9602	297.4857761859894	174643.0605202	1789744216781.1702	297.9004483860044	174643.47519240002	1789744217195.8423	174643.7288502	298.7288546562195	174644.3027902	1789744218024.2485	174644.3027902	570.6922020270841	300.0	0.0	174345.5796496	1789743919295.394	600.2031807899475	174945.7698542	1789744519498.5747
sub-10034	ses-1	run-01	0	116	40	6	10	23	15	40	40	15	right	left	1.0	458.62119999947026	False	False	loss	32	299.7296507358551	174645.3043315	1789744219025.0447	300.03469133377075	174645.6086818	1789744219330.0852	300.4933125337702	174646.067303	1789744219788.7063	174646.3232167	301.4326047897339	174647.0064604	1789744220727.9988	174647.0064604	679.9736795035773	300.0	0.0	174345.5796496	1789743919295.394	600.2031807899475	174945.7698542	1789744519498.5747
sub-10034	ses-1	run-01	0	117	40	6	11	23	15	40	15	40	left	right	2.0	482.56830000900663	True	False	loss	32	302.4345259666443	174648.0082315	1789744221729.92	302.73876762390137	174648.3126358	1789744222034.1616	303.2213359239104	174648.7952041	1789744222516.73	174649.0514461	304.08005809783936	174649.653839	1789744223375.4521	174649.653839	598.7710713022225	300.0	0.0	174345.5796496	1789743919295.394	600.2031807899475	174945.7698542	1789744519498.5747
sub-10034	ses-1	run-01	0	118	40	6	12	23	15	40	40	15	right	left	1.0	411.114800022915	False	False	loss	32	305.0825288295746	174650.6563446	1789744224377.9229	305.3863079547882	174650.9600529	1789744224681.702	305.7974227548111	174651.3711677	1789744225092.8167	174651.6235253	306.7042145729065	174652.2786766	1789744225999.6084	174652.2786766	650.7097886068558	300.0	0.0	174345.5796496	1789743919295.394	600.2031807899475	174945.7698542	1789744519498.5747
sub-10034	ses-1	run-01	0	119	40	6	13	23	15	40	40	15	right	left	2.0	411.56710000359453	True	True	win	31	307.7058403491974	174653.2794405	1789744227001.2344	308.01006388664246	174653.5836923	1789744227305.4578	308.42163098664605	174653.9952594	1789744227717.025	174654.2472047	309.28802824020386	174654.8616939	1789744228583.422	174654.8616939	610.4865972979342	300.0	0.0	174345.5796496	1789743919295.394	600.2031807899475	174945.7698542	1789744519498.5747
sub-10034	ses-1	run-01	0	120	40	6	14	23	15	40	40	15	right	left	2.0	611.6853000130504	True	True	win	31	310.28965616226196	174655.8632263	1789744229585.05	310.5939540863037	174656.1675708	1789744229889.3481	311.20563938631676	174656.7792561	1789744230501.0334	174657.0317096	312.05592226982117	174657.6295284	1789744231351.3162	174657.6295284	593.3626071225974	300.0	0.0	174345.5796496	1789743919295.394	600.2031807899475	174945.7698542	1789744519498.5747
sub-10034	ses-1	run-01	0	121	40	6	15	23	15	40	15	40	left	right	2.0	475.00229999423027	True	False	loss	32	313.0584907531738	174658.6321462	1789744232353.8848	313.3626563549042	174658.9362413	1789744232658.0503	313.8376586548984	174659.41124359999	1789744233133.0525	174659.6652927	314.70526933670044	174660.2786891	1789744234000.6633	174660.2786891	608.9681061546459	300.0	0.0	174345.5796496	1789743919295.394	600.2031807899475	174945.7698542	1789744519498.5747
sub-10034	ses-1	run-01	0	122	40	6	16	23	15	40	40	15	right	left	1.0	362.4324999982491	False	False	loss	32	315.7070424556732	174661.2805884	1789744235002.4363	316.01123809814453	174661.5847557	1789744235306.632	316.3736705981428	174661.9471882	1789744235669.0647	174662.2040226	317.3153760433197	174662.8886658	1789744236610.77	174662.8886658	680.0516558217554	300.0	0.0	174345.5796496	1789743919295.394	600.2031807899475	174945.7698542	1789744519498.5747
sub-10034	ses-1	run-01	0	123	40	6	17	23	15	40	40	15	right	left	1.0	335.53949999623	False	False	loss	32	318.3178086280823	174663.891148	1789744237613.2026	318.6224684715271	174664.1957221	1789744237917.8623	318.95800797152333	174664.5312616	1789744238253.4019	174664.7839211	319.8805239200592	174665.4543169	1789744239175.918	174665.4543169	666.7435627447768	300.0	0.0	174345.5796496	1789743919295.394	600.2031807899475	174945.7698542	1789744519498.5747
sub-10034	ses-1	run-01	0	124	40	6	18	23	15	40	15	40	left	right	2.0	362.68930000369437	True	True	win	31	320.8822269439697	174666.455652	1789744240177.6208	321.18672013282776	174666.7605286	1789744240482.114	321.54940943283145	174667.1232179	1789744240844.8032	174667.3787747	322.4351818561554	174668.008762	1789744241730.5757	174668.008762	626.328629717923	300.0	0.0	174345.5796496	1789743919295.394	600.2031807899475	174945.7698542	1789744519498.5747
sub-10034	ses-1	run-01	0	125	40	6	19	23	15	40	15	40	left	right	2.0	457.13399999658577	True	True	win	31	323.43675231933594	174669.0101155	1789744242732.1462	323.74076890945435	174669.3140289	1789744243036.1628	324.19790290945093	174669.7711629	1789744243493.2969	174670.027574	325.0436556339264	174670.6169182	1789744244339.0496	174670.6169182	585.3373117243308	300.0	0.0	174345.5796496	1789743919295.394	600.2031807899475	174945.7698542	1789744519498.5747
sub-10034	ses-1	run-01	0	126	40	6	20	23	15	40	15	40	left	right	2.0	408.2410999981221	True	False	loss	32	326.0455231666565	174671.6186192	1789744245340.917	326.34986639022827	174671.9230192	1789744245645.2603	326.7581074902264	174672.3312603	1789744246053.5015	174672.5874443	327.71670484542847	174673.2898617	1789744247012.0989	174673.2898617	698.7086414372774	300.0	0.0	174345.5796496	1789743919295.394	600.2031807899475	174945.7698542	1789744519498.5747
sub-10034	ses-1	run-01	0	127	40	6	21	23	15	40	40	15	right	left	1.0	591.1494000174571	False	False	loss	32	328.7187702655792	174674.2920112	1789744248014.1643	329.02294659614563	174674.5960779	1789744248318.3406	329.6140959961631	174675.18722730002	1789744248909.49	174675.4404691	330.3966717720032	174675.9698719	1789744249692.0657	174675.9698719	525.364575710387	300.0	0.0	174345.5796496	1789743919295.394	600.2031807899475	174945.7698542	1789744519498.5747
sub-10034	ses-1	run-01	0	128	40	6	22	23	15	40	15	40	left	right	2.0	477.6077999849804	True	False	loss	32	331.40013337135315	174676.9733249	1789744250695.5273	331.70454931259155	174677.2775479	1789744250999.9434	332.18215711257653	174677.7551557	1789744251477.5513	174678.0107175	333.0355863571167	174678.6086444	1789744252330.9802	174678.6086444	594.14842094492	300.0	0.0	174345.5796496	1789743919295.394	600.2031807899475	174945.7698542	1789744519498.5747
sub-10034	ses-1	run-01	0	129	15	7	0	24	15	40	40	15	right	left	1.0	416.33680000086315	True	True	win	31	334.0375945568085	174679.6105526	1789744253332.9885	334.34184646606445	174679.9148825	1789744253637.2405	334.7581832660653	174680.3312193	1789744254053.5774	174680.5835175	335.59815192222595	174681.1717863	1789744254893.546	174681.1717863	584.8750974825884	300.0	0.0	174345.5796496	1789743919295.394	600.2031807899475	174945.7698542	1789744519498.5747
sub-10034	ses-1	run-01	0	130	15	7	1	24	15	40	40	15	right	left	1.0	405.6931000086479	True	False	loss	32	336.60028314590454	174682.1733414	1789744255895.677	336.904479265213	174682.4774572	1789744256199.8733	337.31017236522166	174682.8831503	1789744256605.5664	174683.1365968	338.2470271587372	174683.819971	1789744257542.4211	174683.819971	679.8232603275587	300.0	0.0	174345.5796496	1789743919295.394	600.2031807899475	174945.7698542	1789744519498.5747
sub-10034	ses-1	run-01	0	131	15	7	2	24	15	40	15	40	left	right	2.0	316.77840001066215	False	False	loss	32	339.24932193756104	174684.8221936	1789744258544.7158	339.5534222126007	174685.126398	1789744258848.8162	339.87020061261137	174685.4431764	1789744259165.5945	174685.6998301	340.80742740631104	174686.3802759	1789744260102.8213	174686.3802759	676.4329353991035	300.0	0.0	174345.5796496	1789743919295.394	600.2031807899475	174945.7698542	1789744519498.5747
sub-10034	ses-1	run-01	0	132	15	7	3	24	15	40	15	40	left	right	2.0	317.21680000191554	False	False	loss	32	341.80901169776917	174687.3817761	1789744261104.4058	342.11320900917053	174687.6859408	1789744261408.603	342.43042580917245	174688.0031576	1789744261725.8198	174688.2595798	343.3358175754547	174688.9086896	1789744262631.2114	174688.9086896	645.6988626877107	300.0	0.0	174345.5796496	1789743919295.394	600.2031807899475	174945.7698542	1789744519498.5747
sub-10034	ses-1	run-01	0	133	15	7	4	24	15	40	15	40	left	right	1.0	428.34169999696314	True	True	win	31	344.33796405792236	174689.9106517	1789744263633.358	344.64124727249146	174690.2148333	1789744263936.641	345.0695889724884	174690.643175	1789744264364.983	174690.8985624	345.9910681247711	174691.5638141	1789744265286.4622	174691.5638141	661.0438987651074	300.0	0.0	174345.5796496	1789743919295.394	600.2031807899475	174945.7698542	1789744519498.5747
sub-10034	ses-1	run-01	0	134	15	7	5	24	15	40	40	15	right	left	1.0	396.87229998526163	True	False	loss	32	346.993479013443	174692.5661669	1789744266288.873	347.29786586761475	174692.8704512	1789744266593.2598	347.6947381676	174693.26732349998	1789744266990.132	174693.5240686	348.62920689582825	174694.201904	1789744267924.6008	174694.201904	674.1146121277857	300.0	0.0	174345.5796496	1789743919295.394	600.2031807899475	174945.7698542	1789744519498.5747
sub-10034	ses-1	run-01	0	135	15	7	6	24	15	40	40	15	right	left	2.0	270.852499990724	False	False	loss	32	349.6304907798767	174695.2035421	1789744268925.8848	349.93575739860535	174695.5083905	1789744269231.1514	350.20660989859607	174695.779243	1789744269502.004	174696.0312961	350.965051651001	174696.5376635	1789744270260.4456	174696.5376635	502.7356984213602	300.0	0.0	174345.5796496	1789743919295.394	600.2031807899475	174945.7698542	1789744519498.5747
sub-10034	ses-1	run-01	0	136	15	7	7	24	15	40	15	40	left	right	2.0	390.80249998369254	False	False	loss	32	351.96715664863586	174697.5398649	1789744271262.5505	352.27186727523804	174697.8444458	1789744271567.2612	352.66266977522173	174698.23524829998	1789744271958.0637	174698.4879541	353.523282289505	174699.0958485	1789744272818.6763	174699.0958485	603.3646606212391	300.0	0.0	174345.5796496	1789743919295.394	600.2031807899475	174945.7698542	1789744519498.5747
sub-10034	ses-1	run-01	0	137	15	7	8	24	15	40	40	15	right	left	1.0	1033.721699990565	True	True	win	31	354.52489733695984	174700.0974503	1789744273820.2913	354.82907605171204	174700.4015228	1789744274124.47	355.8627977517026	174701.4352445	1789744275158.1917	174701.6915128	356.8024833202362	174702.3749257	1789744276097.8772	174702.3749257	679.8429773981115	300.0	0.0	174345.5796496	1789743919295.394	600.2031807899475	174945.7698542	1789744519498.5747
sub-10034	ses-1	run-01	0	138	15	7	9	24	15	40	15	40	left	right	2.0	498.51479998324066	False	False	loss	32	357.8041591644287	174703.3766881	1789744277099.5532	358.10827374458313	174703.6807118	1789744277403.6677	358.60678854456637	174704.17922659998	1789744277902.1826	174704.4336451	359.53069162368774	174705.1031464	1789744278826.0854	174705.1031464	665.0511881417577	300.0	0.0	174345.5796496	1789743919295.394	600.2031807899475	174945.7698542	1789744519498.5747
sub-10034	ses-1	run-01	0	139	15	7	10	24	15	40	40	15	right	left	1.0	394.1462000075262	True	True	win	31	360.53255581855774	174706.1049068	1789744279827.9497	360.8367614746094	174706.4090739	1789744280132.1555	361.2309076746169	174706.8032201	1789744280526.3018	174707.0575084	362.11023926734924	174707.6833395	1789744281405.6333	174707.6833395	622.3826008687626	300.0	0.0	174345.5796496	1789743919295.394	600.2031807899475	174945.7698542	1789744519498.5747
sub-10034	ses-1	run-01	0	140	15	7	11	24	15	40	40	15	right	left	1.0	622.3806999914814	True	True	win	31	363.1119952201843	174708.6842063	1789744282407.3892	363.4165081977844	174708.988851	1789744282711.902	364.0388888977759	174709.6112317	1789744283334.2827	174709.8681421	364.87951493263245	174710.451683	1789744284174.909	174710.451683	579.7271637148953	300.0	0.0	174345.5796496	1789743919295.394	600.2031807899475	174945.7698542	1789744519498.5747
sub-10034	ses-1	run-01	0	141	15	7	12	24	15	40	40	15	right	left	1.0	356.8865999986883	True	True	win	31	365.8812119960785	174711.4533275	1789744285176.606	366.1860876083374	174711.7583588	1789744285481.4814	366.5429742083361	174712.1152454	1789744285838.3682	174712.3716484	367.37279176712036	174712.9450094	1789744286668.1858	174712.9450094	569.1604676285955	300.0	0.0	174345.5796496	1789743919295.394	600.2031807899475	174945.7698542	1789744519498.5747
sub-10034	ses-1	run-01	0	142	15	7	13	24	15	40	40	15	right	left	1.0	384.39319998724386	True	True	win	31	368.3746392726898	174713.9467948	1789744287670.0332	368.67884278297424	174714.250883	1789744287974.2368	369.0632359829615	174714.6352762	1789744288358.6301	174714.8895869	369.87633180618286	174715.4488127	1789744289171.7258	174715.4488127	555.3240261789721	300.0	0.0	174345.5796496	1789743919295.394	600.2031807899475	174945.7698542	1789744519498.5747
sub-10034	ses-1	run-01	0	143	15	7	14	24	15	40	15	40	left	right	1.0	391.7268000077456	True	True	win	31	370.8785722255707	174716.4505381	1789744290173.966	371.1834330558777	174716.7555212	1789744290478.827	371.57515985588543	174717.147248	1789744290870.5537	174717.4048718	372.4849317073822	174718.0570291	1789744291780.3257	174718.0570291	648.184928127067	300.0	0.0	174345.5796496	1789743919295.394	600.2031807899475	174945.7698542	1789744519498.5747
sub-10034	ses-1	run-01	0	144	15	7	15	24	15	40	15	40	left	right	1.0	752.5571000005584	True	True	win	31	373.4862217903137	174719.0582581	1789744292781.6157	373.7904450893402	174719.3625337	1789744293085.839	374.54300218934077	174720.1150908	1789744293838.3962	174720.3678507	375.4469425678253	174721.0189777	1789744294742.3364	174721.0189777	647.7630893065992	300.0	0.0	174345.5796496	1789743919295.394	600.2031807899475	174945.7698542	1789744519498.5747
sub-10034	ses-1	run-01	0	145	15	7	16	24	15	40	15	40	left	right	1.0	373.1122999743093	True	True	win	31	376.4500024318695	174722.0219725	1789744295745.3965	376.753545999527	174722.3260491	1789744296048.94	377.1266582995013	174722.69916139997	1789744296422.0522	174722.9547383	378.0205216407776	174723.5924037	1789744297315.9155	174723.5924037	633.1385465909992	300.0	0.0	174345.5796496	1789743919295.394	600.2031807899475	174945.7698542	1789744519498.5747
sub-10034	ses-1	run-01	0	146	15	7	17	24	15	40	15	40	left	right	1.0	376.49059999966994	True	True	win	31	379.02250576019287	174724.5944058	1789744298317.8997	379.32693314552307	174724.8987804	1789744298622.3271	379.70342374552274	174725.275271	1789744298998.8176	174725.5275456	380.49507570266724	174726.0669401	1789744299790.4697	174726.0669401	535.7337806072848	300.0	0.0	174345.5796496	1789743919295.394	600.2031807899475	174945.7698542	1789744519498.5747
sub-10034	ses-1	run-01	0	147	15	7	18	24	15	40	15	40	left	right	1.0	478.267099999357	True	True	win	31	381.496728181839	174727.0685909	1789744300792.122	381.80108165740967	174727.3728926	1789744301096.4756	382.279348757409	174727.8511597	1789744301574.7427	174728.1068236	383.15308022499084	174728.7254208	1789744302448.474	174728.7254208	615.006141843406	300.0	0.0	174345.5796496	1789743919295.394	600.2031807899475	174945.7698542	1789744519498.5747
sub-10034	ses-1	run-01	0	148	15	7	19	24	15	40	40	15	right	left	2.0	91.96829999564216	False	True	win	31	384.15452241897583	174729.7266199	1789744303449.9163	384.45958137512207	174730.0312709	1789744303754.9753	384.5515496751177	174730.1232392	1789744303846.9436	174730.3787653	385.32794213294983	174730.8997037	1789744304623.3362	174730.8997037	517.8225188231328	300.0	0.0	174345.5796496	1789743919295.394	600.2031807899475	174945.7698542	1789744519498.5747
sub-10034	ses-1	run-01	0	149	15	7	20	24	15	40	40	15	right	left	2.0	357.1197999990545	False	False	loss	32	386.3298456668854	174731.9015593	1789744305625.2395	386.63431310653687	174732.2060766	1789744305929.707	386.9914329065359	174732.5631964	1789744306286.827	174732.819241	387.87219643592834	174733.4439288	1789744307167.5903	174733.4439288	620.2673181712078	300.0	0.0	174345.5796496	1789743919295.394	600.2031807899475	174945.7698542	1789744519498.5747
sub-10034	ses-1	run-01	0	150	15	7	21	24	15	40	15	40	left	right	1.0	965.3862000268418	True	True	win	31	388.8735980987549	174734.4453532	1789744308168.992	389.17810249328613	174734.7497741	1789744308473.4963	390.143488693313	174735.71516030002	1789744309438.8826	174735.9701107	391.01893401145935	174736.5904713	1789744310314.328	174736.5904713	616.992295531289	300.0	0.0	174345.5796496	1789743919295.394	600.2031807899475	174945.7698542	1789744519498.5747
sub-10034	ses-1	run-01	0	151	15	7	22	24	15	40	40	15	right	left	1.0	457.48089998960495	True	True	win	31	392.0217342376709	174737.5933904	1789744311317.1282	392.32601261138916	174737.8976125	1789744311621.4065	392.78349351137877	174738.3550934	1789744312078.8875	174738.6110778	393.5727391242981	174739.1448763	1789744312868.133	174739.1448763	529.5634173371519	300.0	0.0	174345.5796496	1789743919295.394	600.2031807899475	174945.7698542	1789744519498.5747
sub-10034	ses-1	run-01	0	152	15	7	23	24	15	40	40	15	right	left	1.0	344.17409999878146	True	False	loss	32	394.57459235191345	174740.1460566	1789744313869.9863	394.8795998096466	174740.451012	1789744314174.9937	395.2237739096454	174740.7951861	1789744314519.1677	174741.0495336	396.15276193618774	174741.7246805	1789744315448.1558	174741.7246805	670.849401860327	300.0	0.0	174345.5796496	1789743919295.394	600.2031807899475	174945.7698542	1789744519498.5747
sub-10034	ses-1	run-01	0	153	40	8	0	24	15	40	15	40	left	right	2.0	644.675699993968	True	True	win	31	397.1551389694214	174742.72667	1789744316450.533	397.4591381549835	174743.030594	1789744316754.532	398.1038138549775	174743.6752697	1789744317399.2078	174743.9300724	398.9620499610901	174744.5334251	1789744318257.4438	174744.5334251	599.5457719410279	300.0	0.0	174345.5796496	1789743919295.394	600.2031807899475	174945.7698542	1789744519498.5747
sub-10034	ses-1	run-01	0	154	40	8	1	24	15	40	40	15	right	left	1.0	491.60619999747723	False	False	loss	32	399.96289825439453	174745.5349123	1789744319258.2922	400.26819229125977	174745.839635	1789744319563.5862	400.75979849125724	174746.3312412	1789744320055.1924	174746.5835181	401.59001898765564	174747.1614114	1789744320885.4128	174747.1614114	573.1262049161389	300.0	0.0	174345.5796496	1789743919295.394	600.2031807899475	174945.7698542	1789744519498.5747
sub-10034	ses-1	run-01	0	155	40	8	2	24	15	40	15	40	left	right	2.0	951.5473000064958	True	True	win	31	402.59109020233154	174748.1630907	1789744321886.4841	402.8962297439575	174748.4675727	1789744322191.6238	403.847777043964	174749.41912	1789744323143.1711	174749.6731988	404.790575504303	174750.3618785	1789744324085.9695	174750.3618785	684.152854028515	300.0	0.0	174345.5796496	1789743919295.394	600.2031807899475	174945.7698542	1789744519498.5747
sub-10034	ses-1	run-01	0	156	40	8	3	24	15	40	15	40	left	right	2.0	640.0600999768358	True	True	win	31	405.7916450500488	174751.3635228	1789744325087.039	406.09543681144714	174751.667066	1789744325390.8308	406.735496911424	174752.30712609997	1789744326030.8909	174752.5611087	407.5318582057953	174753.1030835	1789744326827.2522	174753.1030835	537.5809026590094	300.0	0.0	174345.5796496	1789743919295.394	600.2031807899475	174945.7698542	1789744519498.5747
sub-10034	ses-1	run-01	0	157	40	8	4	24	15	40	15	40	left	right	2.0	393.6747999978252	True	True	win	31	408.53391456604004	174754.1051763	1789744327829.3086	408.8383696079254	174754.4094467	1789744328133.7637	409.23204440792324	174754.8031215	1789744328527.4385	174755.0577396	410.1249191761017	174755.6960835	1789744329420.3132	174755.6960835	634.8916930458328	300.0	0.0	174345.5796496	1789743919295.394	600.2031807899475	174945.7698542	1789744519498.5747
sub-10034	ses-1	run-01	0	158	40	8	5	24	15	40	15	40	left	right	2.0	417.31700001400895	True	True	win	31	411.12584233283997	174756.6974964	1789744330421.2363	411.43066334724426	174757.0017832	1789744330726.0574	411.8479803472583	174757.4191002	1789744331143.3743	174757.6760544	412.66921830177307	174758.240282	1789744331964.6123	174758.240282	560.9135159366582	300.0	0.0	174345.5796496	1789743919295.394	600.2031807899475	174945.7698542	1789744519498.5747
sub-10034	ses-1	run-01	0	159	40	8	6	24	15	40	15	40	left	right	2.0	352.4357999849599	True	True	win	31	413.6704466342926	174759.2419844	1789744332965.8406	413.9756865501404	174759.5467288	1789744333271.0806	414.32812235012534	174759.89916459998	1789744333623.5164	174760.1551016	415.12736916542053	174760.6984184	1789744334422.7632	174760.6984184	539.5953067940744	300.0	0.0	174345.5796496	1789743919295.394	600.2031807899475	174945.7698542	1789744519498.5747
sub-10034	ses-1	run-01	0	160	40	8	7	24	15	40	15	40	left	right	2.0	351.1512999830302	True	True	win	31	416.1288912296295	174761.6998073	1789744335424.2852	416.43302178382874	174762.0040104	1789744335728.4158	416.78417308381177	174762.3551617	1789744336079.5671	174762.6073208	417.5515868663788	174763.1225726	1789744336846.9807	174763.1225726	511.85657426602603	300.0	0.0	174345.5796496	1789743919295.394	600.2031807899475	174945.7698542	1789744519498.5747
sub-10034	ses-1	run-01	0	161	40	8	8	24	15	40	40	15	right	left	1.0	509.9927999835927	False	True	win	31	418.5539939403534	174764.1248892	1789744337849.388	418.85817694664	174764.4291548	1789744338153.5708	419.3681697466236	174764.93914759997	1789744338663.5637	174765.1929762	420.221538066864	174765.7924012	1789744339516.9321	174765.7924012	595.4809558376187	300.0	0.0	174345.5796496	1789743919295.394	600.2031807899475	174945.7698542	1789744519498.5747
sub-10034	ses-1	run-01	0	162	40	8	9	24	15	40	40	15	right	left					miss	33	421.22424936294556	174766.7950437	1789744340519.6433	421.5281295776367	174767.0990299	1789744340823.5234					423.44244718551636	174769.0132787	1789744342737.841	174769.0132787	656.011345422159	300.0	0.0	174345.5796496	1789743919295.394	600.2031807899475	174945.7698542	1789744519498.5747
sub-10034	ses-1	run-01	0	163	40	8	10	24	15	40	40	15	right	left					miss	33	424.4448194503784	174770.0156903	1789744343740.2134	424.7496392726898	174770.3204333	1789744344045.0332					426.6407198905945	174772.2115125	1789744345936.1138	174772.2115125	632.8065203879958	300.0	0.0	174345.5796496	1789743919295.394	600.2031807899475	174945.7698542	1789744519498.5747
sub-10034	ses-1	run-01	0	164	40	8	11	24	15	40	40	15	right	left	1.0	413.01339998608455	False	False	loss	32	427.6431212425232	174773.2137585	1789744346938.5151	427.9473388195038	174773.5181102	1789744347242.7327	428.36035221948987	174773.9311236	1789744347655.746	174774.1873662	429.1390018463135	174774.7095776	1789744348434.3958	174774.7095776	517.6727279315792	300.0	0.0	174345.5796496	1789743919295.394	600.2031807899475	174945.7698542	1789744519498.5747
sub-10034	ses-1	run-01	0	165	40	8	12	24	15	40	15	40	left	right	2.0	242.82109999330714	True	True	win	31	430.1415207386017	174775.7122548	1789744349436.9148	430.44530987739563	174776.0163036	1789744349740.7039	430.68813097738894	174776.25912469998	1789744349983.525	174776.5138471	431.5237829685211	174777.0944261	1789744350819.177	174777.0944261	575.0404367432928	300.0	0.0	174345.5796496	1789743919295.394	600.2031807899475	174945.7698542	1789744519498.5747
sub-10034	ses-1	run-01	0	166	40	8	13	24	15	40	40	15	right	left	1.0	274.8056999989785	False	False	loss	32	432.52442741394043	174778.095506	1789744351819.8213	432.829656124115	174778.4002949	1789744352125.05	433.10446182411397	174778.6751006	1789744352399.8557	174778.9281402	434.02392411231995	174779.5944105	1789744353319.318	174779.5944105	661.4699917206564	300.0	0.0	174345.5796496	1789743919295.394	600.2031807899475	174945.7698542	1789744519498.5747
sub-10034	ses-1	run-01	0	167	40	8	14	24	15	40	40	15	right	left	2.0	341.4121999812778	True	True	win	31	435.0250370502472	174780.5961705	1789744354320.431	435.3311593532562	174780.9017569	1789744354626.5532	435.6725715532375	174781.2431691	1789744354967.9653	174781.4962837	436.5415859222412	174782.1121376	1789744355836.98	174782.1121376	611.8043034783823	300.0	0.0	174345.5796496	1789743919295.394	600.2031807899475	174945.7698542	1789744519498.5747
sub-10034	ses-1	run-01	0	168	40	8	15	24	15	40	40	15	right	left	2.0	360.9362000133842	True	True	win	31	437.54336428642273	174783.1137751	1789744356838.7583	437.847599029541	174783.4182342	1789744357142.993	438.2085352295544	174783.77917040003	1789744357503.9292	174784.0318962	439.10880947113037	174784.6791301	1789744358404.2034	174784.6791301	642.2427828278028	300.0	0.0	174345.5796496	1789743919295.394	600.2031807899475	174945.7698542	1789744519498.5747
sub-10034	ses-1	run-01	0	169	40	8	16	24	15	40	40	15	right	left	2.0	369.4375999912154	True	True	win	31	440.1098692417145	174785.6810703	1789744359405.2632	440.4152789115906	174785.9856537	1789744359710.6729	440.7847165115818	174786.35509129998	1789744360080.1104	174786.6085832	441.6626045703888	174787.2330084	1789744360957.9985	174787.2330084	620.6045884649142	300.0	0.0	174345.5796496	1789743919295.394	600.2031807899475	174945.7698542	1789744519498.5747
sub-10034	ses-1	run-01	0	170	40	8	17	24	15	40	15	40	left	right	2.0	352.07950000767596	True	False	loss	32	442.6643588542938	174788.2346514	1789744361959.7527	442.9686064720154	174788.5390731	1789744362264.0005	443.32068597202306	174788.8911526	1789744362616.08	174789.14719	444.09294390678406	174789.6632803	1789744363388.338	174789.6632803	512.4894241287901	300.0	0.0	174345.5796496	1789743919295.394	600.2031807899475	174945.7698542	1789744519498.5747
sub-10034	ses-1	run-01	0	171	40	8	18	24	15	40	15	40	left	right	1.0	329.0993999980856	False	True	win	31	445.0944564342499	174790.6654827	1789744364389.8503	445.3998200893402	174790.9701631	1789744364695.214	445.7289194893383	174791.2992625	1789744365024.3135	174791.5540378	446.67846965789795	174792.2493746	1789744365973.8635	174792.2493746	691.372700466891	300.0	0.0	174345.5796496	1789743919295.394	600.2031807899475	174945.7698542	1789744519498.5747
sub-10034	ses-1	run-01	0	172	40	8	19	24	15	40	40	15	right	left	1.0	375.9515999990981	False	False	loss	32	447.6803650856018	174793.2504706	1789744366975.759	447.9849166870117	174793.5550999	1789744367280.3105	448.3608682870108	174793.9310515	1789744367656.2622	174794.1836985	449.2349886894226	174794.8051124	1789744368530.3826	174794.8051124	616.5762704185461	300.0	0.0	174345.5796496	1789743919295.394	600.2031807899475	174945.7698542	1789744519498.5747
sub-10034	ses-1	run-01	0	173	40	8	20	24	15	40	40	15	right	left	2.0	276.0979999729898	True	True	win	31	450.2367208003998	174795.8068327	1789744369532.1147	450.5401449203491	174796.1110756	1789744369835.5388	450.8162429203221	174796.38717359997	1789744370111.6367	174796.6399246	451.59611988067627	174797.1665238	1789744370891.514	174797.1665238	522.0782382240922	300.0	0.0	174345.5796496	1789743919295.394	600.2031807899475	174945.7698542	1789744519498.5747
sub-10034	ses-1	run-01	0	174	40	8	21	24	15	40	15	40	left	right	2.0	354.1480000130832	True	False	loss	32	452.59833574295044	174798.168552	1789744371893.7297	452.902880191803	174798.4729387	1789744372198.2742	453.25702819181606	174798.8270867	1789744372552.422	174799.0810219	454.09302949905396	174799.66309	1789744373388.4233	174799.66309	577.0347105729949	300.0	0.0	174345.5796496	1789743919295.394	600.2031807899475	174945.7698542	1789744519498.5747
sub-10034	ses-1	run-01	0	175	40	8	22	24	15	40	15	40	left	right	1.0	417.67779999645427	False	False	loss	32	455.0939373970032	174800.6647661	1789744374389.3313	455.3993270397186	174800.9694265	1789744374694.721	455.8170048397151	174801.3871043	1789744375112.3987	174801.6435521	456.70495223999023	174802.2751417	1789744376000.3462	174802.2751417	627.9442541039055	300.0	0.0	174345.5796496	1789743919295.394	600.2031807899475	174945.7698542	1789744519498.5747
sub-10034	ses-1	run-01	0	176	40	8	23	24	15	40	15	40	left	right	1.0	317.0655000139959	False	True	win	31	457.7068045139313	174803.2768954	1789744377002.1985	458.01201605796814	174803.5820029	1789744377307.41	458.32908155798214	174803.8990684	1789744377624.4753	174804.1558524	459.16126132011414	174804.7312067	1789744378456.6553	174804.7312067	571.0914609738036	300.0	0.0	174345.5796496	1789743919295.394	600.2031807899475	174945.7698542	1789744519498.5747
sub-10034	ses-1	run-01	0	177	15	9	0	24	15	40	15	40	left	right	1.0	301.8780999991577	True	True	win	31	460.16296672821045	174805.732859	1789744379458.3606	460.4671823978424	174806.0372624	1789744379762.5764	460.76906049784156	174806.3391405	1789744380064.4546	174806.5956397	461.55867981910706	174807.1286521	1789744380854.0737	174807.1286521	528.8896641069077	300.0	0.0	174345.5796496	1789743919295.394	600.2031807899475	174945.7698542	1789744519498.5747
sub-10034	ses-1	run-01	0	178	15	9	1	24	15	40	15	40	left	right	1.0	319.5893999945838	True	True	win	31	462.5610737800598	174808.1309308	1789744381856.4678	462.86558198928833	174808.4355304	1789744382160.9758	463.1851713892829	174808.7551198	1789744382480.5652	174809.0090007	464.13090777397156	174809.7007572	1789744383426.3018	174809.7007572	687.1368305995021	300.0	0.0	174345.5796496	1789743919295.394	600.2031807899475	174945.7698542	1789744519498.5747
sub-10034	ses-1	run-01	0	179	15	9	2	24	15	40	15	40	left	right	1.0	482.81479999423027	True	True	win	31	465.13410115242004	174810.7039933	1789744384429.495	465.43861651420593	174811.008433	1789744384734.0105	465.92143131420016	174811.4912478	1789744385216.8252	174811.7476129	466.7621967792511	174812.3320153	1789744386057.5908	174812.3320153	580.5189802323838	300.0	0.0	174345.5796496	1789743919295.394	600.2031807899475	174945.7698542	1789744519498.5747
sub-10034	ses-1	run-01	0	180	15	9	3	24	15	40	40	15	right	left	1.0	404.0687000087928	True	True	win	31	467.765065908432	174813.3346816	1789744387060.46	468.06926107406616	174813.6390674	1789744387364.655	468.47332977407495	174814.04313610002	1789744387768.7236	174814.2981362	469.2354383468628	174814.8051333	1789744388530.8323	174814.8051333	503.9454933369476	300.0	0.0	174345.5796496	1789743919295.394	600.2031807899475	174945.7698542	1789744519498.5747
sub-10034	ses-1	run-01	0	181	15	9	4	24	15	40	15	40	left	right	1.0	386.9023000006564	True	True	win	31	470.2381091117859	174815.8077232	1789744389533.5032	470.54262948036194	174816.1123919	1789744389838.0234	470.9295317803626	174816.4992942	1789744390224.9258	174816.7564798	471.8149347305298	174817.3846693	1789744391110.3286	174817.3846693	624.3921318233774	300.0	0.0	174345.5796496	1789743919295.394	600.2031807899475	174945.7698542	1789744519498.5747
sub-10034	ses-1	run-01	0	182	15	9	5	24	15	40	15	40	left	right	1.0	407.8423000173643	True	True	win	31	472.81729531288147	174818.3871073	1789744392112.6892	473.1217384338379	174818.6914361	1789744392417.1323	473.52958073385525	174819.0992784	1789744392824.9746	174819.3552698	474.3047049045563	174819.8742052	1789744393600.0989	174819.8742052	514.3997273522253	300.0	0.0	174345.5796496	1789743919295.394	600.2031807899475	174945.7698542	1789744519498.5747
sub-10034	ses-1	run-01	0	183	15	9	6	24	15	40	40	15	right	left	1.0	453.49569999962114	True	True	win	31	475.30657505989075	174820.8769383	1789744394601.969	475.61215472221375	174821.1817424	1789744394907.5486	476.06565042221337	174821.6352381	1789744395361.0442	174821.8905177	476.96332240104675	174822.5329646	1789744396258.7163	174822.5329646	638.5868645091524	300.0	0.0	174345.5796496	1789743919295.394	600.2031807899475	174945.7698542	1789744519498.5747
sub-10034	ses-1	run-01	0	184	15	9	7	24	15	40	40	15	right	left	1.0	692.4859000137076	True	True	win	31	477.96410274505615	174823.5344057	1789744397259.4966	478.26911759376526	174823.8386875	1789744397564.5115	478.96160349377897	174824.53117340003	1789744398256.9973	174824.783557	479.7574474811554	174825.327101	1789744399052.8413	174825.327101	539.7015928863456	300.0	0.0	174345.5796496	1789743919295.394	600.2031807899475	174945.7698542	1789744519498.5747
sub-10034	ses-1	run-01	0	185	15	9	8	24	15	40	40	15	right	left	1.0	362.5334000098519	True	True	win	31	480.75892210006714	174826.3285434	1789744400054.3162	481.06316614151	174826.6326923	1789744400358.56	481.42569954151986	174826.9952257	1789744400721.0935	174827.2511799	482.25456404685974	174827.8238795	1789744401549.958	174827.8238795	568.3592790860313	300.0	0.0	174345.5796496	1789743919295.394	600.2031807899475	174945.7698542	1789744519498.5747
sub-10034	ses-1	run-01	0	186	15	9	9	24	15	40	40	15	right	left	1.0	416.1874999990687	True	False	loss	32	483.2572078704834	174828.8267459	1789744402552.6018	483.5616662502289	174829.1310959	1789744402857.0603	483.97785375022795	174829.5472834	1789744403273.2478	174829.7996085	484.82177901268005	174830.3912125	1789744404117.1729	174830.3912125	587.2703460411642	300.0	0.0	174345.5796496	1789743919295.394	600.2031807899475	174945.7698542	1789744519498.5747
sub-10034	ses-1	run-01	0	187	15	9	10	24	15	40	40	15	right	left	1.0	353.32009999547154	True	True	win	31	485.823215007782	174831.3933312	1789744405118.609	486.1284010410309	174831.6978343	1789744405423.795	486.48172114102636	174832.0511544	1789744405777.115	174832.305892	487.2661852836609	174832.8361797	1789744406561.5793	174832.8361797	526.3070243950787	300.0	0.0	174345.5796496	1789743919295.394	600.2031807899475	174945.7698542	1789744519498.5747
sub-10034	ses-1	run-01	0	188	15	9	11	24	15	40	15	40	left	right	1.0	541.8956999783404	True	True	win	31	488.26768374443054	174833.8369907	1789744407563.0776	488.57189416885376	174834.1412287	1789744407867.288	489.1137898688321	174834.68312439998	1789744408409.1838	174834.9356996	489.9193902015686	174835.4887168	1789744409214.7842	174835.4887168	548.0881556016918	300.0	0.0	174345.5796496	1789743919295.394	600.2031807899475	174945.7698542	1789744519498.5747
sub-10034	ses-1	run-01	0	189	15	9	12	24	15	40	15	40	left	right	1.0	472.02779998769984	True	True	win	31	490.920779466629	174836.490785	1789744410216.1733	491.225976228714	174836.7952353	1789744410521.37	491.6980040287017	174837.2672631	1789744410993.398	174837.5239506	492.5657114982605	174838.1349514	1789744411861.1055	174838.1349514	606.5340789728272	300.0	0.0	174345.5796496	1789743919295.394	600.2031807899475	174945.7698542	1789744519498.5747
sub-10034	ses-1	run-01	0	190	15	9	13	24	15	40	40	15	right	left	1.0	377.94980002217926	True	True	win	31	493.56662487983704	174839.1365927	1789744412862.0188	493.8719072341919	174839.4411725	1789744413167.3013	494.2498570342141	174839.81912230002	1789744413545.251	174840.0746205	495.0127818584442	174840.5819446	1789744414308.1758	174840.5819446	503.8745883671318	300.0	0.0	174345.5796496	1789743919295.394	600.2031807899475	174945.7698542	1789744519498.5747
sub-10034	ses-1	run-01	0	191	15	9	14	24	15	40	15	40	left	right	1.0	314.5480000239331	True	False	loss	32	496.01482343673706	174841.5839775	1789744415310.2173	496.3194215297699	174841.8885156	1789744415614.8154	496.63396952979383	174842.20306360003	1789744415929.3635	174842.4567815	497.5525026321411	174843.1216542	1789744416847.8965	174843.1216542	661.6473382487784	300.0	0.0	174345.5796496	1789743919295.394	600.2031807899475	174945.7698542	1789744519498.5747
sub-10034	ses-1	run-01	0	192	15	9	15	24	15	40	40	15	right	left	2.0	375.11319998884574	False	False	loss	32	498.5542824268341	174844.1233478	1789744417849.6763	498.8581464290619	174844.4278948	1789744418153.5403	499.23325962905074	174844.803008	1789744418528.6536	174845.0563647	500.0837709903717	174845.652858	1789744419379.165	174845.652858	592.8589473385665	300.0	0.0	174345.5796496	1789743919295.394	600.2031807899475	174945.7698542	1789744519498.5747
sub-10034	ses-1	run-01	0	193	15	9	16	24	15	40	15	40	left	right	1.0	348.2500000100117	True	True	win	31	501.08569979667664	174846.6547964	1789744420381.0938	501.3898549079895	174846.9588418	1789744420685.2488	501.7381049079995	174847.3070918	1789744421033.4988	174847.562326	502.5281140804291	174848.0971349	1789744421823.508	174848.0971349	530.6344921216789	300.0	0.0	174345.5796496	1789743919295.394	600.2031807899475	174945.7698542	1789744519498.5747
sub-10034	ses-1	run-01	0	194	15	9	17	24	15	40	15	40	left	right	1.0	511.6107000212651	True	False	loss	32	503.5301606655121	174849.0990206	1789744422825.5547	503.83448123931885	174849.4034549	1789744423129.8752	504.3460919393401	174849.9150656	1789744423641.4858	174850.1672817	505.1198363304138	174850.6888306	1789744424415.2302	174850.6888306	517.1439600199303	300.0	0.0	174345.5796496	1789743919295.394	600.2031807899475	174945.7698542	1789744519498.5747
sub-10034	ses-1	run-01	0	195	15	9	18	24	15	40	15	40	left	right	1.0	190.73599998955615	True	False	loss	32	506.1229815483093	174851.6923363	1789744425418.3755	506.4274010658264	174851.9963258	1789744425722.795	506.618137065816	174852.18706179998	1789744425913.531	174852.4389634	507.50110483169556	174853.0700225	1789744426796.4988	174853.0700225	626.4982776259282	300.0	0.0	174345.5796496	1789743919295.394	600.2031807899475	174945.7698542	1789744519498.5747
sub-10034	ses-1	run-01	0	196	15	9	19	24	15	40	40	15	right	left	1.0	400.88819997617975	True	True	win	31	508.504266500473	174854.0731076	1789744427799.6604	508.8093204498291	174854.3781952	1789744428104.7144	509.2102086498053	174854.77908339998	1789744428505.6025	174855.0316251	510.1230125427246	174855.6918684	1789744429418.4065	174855.6918684	656.2117115659534	300.0	0.0	174345.5796496	1789743919295.394	600.2031807899475	174945.7698542	1789744519498.5747
sub-10034	ses-1	run-01	0	197	15	9	20	24	15	40	15	40	left	right	1.0	340.97590000601485	True	True	win	31	511.12528681755066	174856.6939968	1789744430420.6807	511.4292914867401	174856.9981032	1789744430724.6855	511.7702673867461	174857.3390791	1789744431065.6614	174857.5914616	512.7252621650696	174858.2939986	1789744432020.656	174858.2939986	698.8111849974516	300.0	0.0	174345.5796496	1789743919295.394	600.2031807899475	174945.7698542	1789744519498.5747
sub-10034	ses-1	run-01	0	198	15	9	21	24	15	40	40	15	right	left	1.0	410.9100000059698	True	True	win	31	513.727254152298	174859.2959848	1789744433022.6482	514.0314490795135	174859.6001781	1789744433326.843	514.4423590795195	174860.0110881	1789744433737.753	174860.2647476	515.2999711036682	174860.8686706	1789744434595.365	174860.8686706	600.9369531313515	300.0	0.0	174345.5796496	1789743919295.394	600.2031807899475	174945.7698542	1789744519498.5747
sub-10034	ses-1	run-01	0	199	15	9	22	24	15	40	40	15	right	left	1.0	372.51929999911226	True	True	win	31	516.3016860485077	174861.8702749	1789744435597.08	516.6058413982391	174862.1745116	1789744435901.2354	516.9783606982382	174862.5470309	1789744436273.7546	174862.8027263	517.8401148319244	174863.4088539	1789744437135.5088	174863.4088539	602.0646124696086	300.0	0.0	174345.5796496	1789743919295.394	600.2031807899475	174945.7698542	1789744519498.5747
sub-10034	ses-1	run-01	0	200	15	9	23	24	15	40	15	40	left	right	1.0	488.22200001450256	True	True	win	31	518.8420960903168	174864.4106234	1789744438137.49	519.1462404727936	174864.7148332	1789744438441.6345	519.6344624728081	174865.20305520002	1789744438929.8564	174865.4592357	520.4299592971802	174865.998539	1789744439725.3533	174865.998539	535.9374105840416	300.0	0.0	174345.5796496	1789743919295.394	600.2031807899475	174945.7698542	1789744519498.5747
sub-10034	ses-1	run-01	0	201	40	10	0	23	15	40	15	40	left	right	1.0	409.5884000125807	False	False	loss	32	521.432590007782	174867.0009819	1789744440727.984	521.7369256019592	174867.3054863	1789744441032.3196	522.1465140019718	174867.7150747	1789744441441.908	174867.9693735	523.0951263904572	174868.6636512	1789744442390.5203	174868.6636512	690.2797414961293	300.0	0.0	174345.5796496	1789743919295.394	600.2031807899475	174945.7698542	1789744519498.5747
sub-10034	ses-1	run-01	0	202	40	10	1	23	15	40	40	15	right	left	1.0	537.7523999777623	False	False	loss	32	524.0969574451447	174869.6652941	1789744443392.3513	524.4008388519287	174869.9693319	1789744443696.233	524.9385912519065	174870.50708429998	1789744444233.9854	174870.7627839	525.7062084674835	174871.2751879	1789744445001.6023	174871.2751879	508.7754169103639	300.0	0.0	174345.5796496	1789743919295.394	600.2031807899475	174945.7698542	1789744519498.5747
sub-10034	ses-1	run-01	0	203	40	10	2	23	15	40	40	15	right	left	2.0	333.98190001025796	True	False	loss	32	526.7084536552429	174872.2769513	1789744446003.8477	527.012487411499	174872.5810455	1789744446307.8813	527.3464693115093	174872.9150274	1789744446641.8633	174873.16998	528.3039765357971	174873.8724052	1789744447599.3704	174873.8724052	698.4745205780463	300.0	0.0	174345.5796496	1789743919295.394	600.2031807899475	174945.7698542	1789744519498.5747
sub-10034	ses-1	run-01	0	204	40	10	3	23	15	40	15	40	left	right	1.0	455.7191999920178	False	False	loss	32	529.3059616088867	174874.8749599	1789744448601.3555	529.6110217571259	174875.1792959	1789744448906.4158	530.0667409571179	174875.63501509998	1789744449362.135	174875.8880851	530.92906665802	174876.4974061	1789744450224.4607	174876.4974061	605.2667887248709	300.0	0.0	174345.5796496	1789743919295.394	600.2031807899475	174945.7698542	1789744519498.5747
sub-10034	ses-1	run-01	0	205	40	10	4	23	15	40	40	15	right	left	2.0	831.5149999980349	True	False	loss	32	531.9311602115631	174877.4995123	1789744451226.5542	532.235228061676	174877.8035328	1789744451530.622	533.0667430616741	174878.6350478	1789744452362.137	174878.8891396	534.0233042240143	174879.591582	1789744453318.6982	174879.591582	698.1600156019201	300.0	0.0	174345.5796496	1789743919295.394	600.2031807899475	174945.7698542	1789744519498.5747
sub-10034	ses-1	run-01	0	206	40	10	5	23	15	40	15	40	left	right	1.0	608.8848999934271	False	False	loss	32	535.02619099617	174880.5943385	1789744454321.585	535.3300323486328	174880.8982674	1789744454625.4263	535.9389172486262	174881.5071523	1789744455234.3113	174881.7631395	536.783123254776	174882.3513198	1789744456078.517	174882.3513198	584.0781316594312	300.0	0.0	174345.5796496	1789743919295.394	600.2031807899475	174945.7698542	1789744519498.5747
sub-10034	ses-1	run-01	0	207	40	10	6	23	15	40	40	15	right	left	2.0	593.6536000226624	True	True	win	31	537.7846665382385	174883.3528155	1789744457080.0605	538.0891840457916	174883.6573871	1789744457384.578	538.6828376458143	174884.2510407	1789744457978.2314	174884.5060996	539.6195051670074	174885.1876929	1789744458914.8992	174885.1876929	677.767424090344	300.0	0.0	174345.5796496	1789743919295.394	600.2031807899475	174945.7698542	1789744519498.5747
sub-10034	ses-1	run-01	0	208	40	10	7	23	15	40	15	40	left	right	1.0	604.1824999847449	False	False	loss	32	540.6218154430389	174886.1898175	1789744459917.2095	540.9268383979797	174886.4948531	1789744460222.2324	541.5310208979645	174887.0990356	1789744460826.415	174887.3539834	542.4842631816864	174888.052369	1789744461779.6572	174888.052369	694.7710948574271	300.0	0.0	174345.5796496	1789743919295.394	600.2031807899475	174945.7698542	1789744519498.5747
sub-10034	ses-1	run-01	0	209	40	10	8	23	15	40	40	15	right	left	2.0	380.20690000848845	True	False	loss	32	543.4853353500366	174889.054013	1789744462780.7292	543.7908141613007	174889.3589034	1789744463086.208	544.1710210613091	174889.7391103	1789744463466.4148	174889.9923426	544.9515221118927	174890.5195697	1789744464246.916	174890.5195697	523.9289161619679	300.0	0.0	174345.5796496	1789743919295.394	600.2031807899475	174945.7698542	1789744519498.5747
sub-10034	ses-1	run-01	0	210	40	10	9	23	15	40	40	15	right	left	1.0	625.8993000083137	False	False	loss	32	545.9532246589661	174891.5211234	1789744465248.6187	546.257244348526	174891.8251983	1789744465552.6382	546.8831436485343	174892.45109760002	1789744466178.5376	174892.7047024	547.7990696430206	174893.3669905	1789744467094.4636	174893.3669905	658.6754400983771	300.0	0.0	174345.5796496	1789743919295.394	600.2031807899475	174945.7698542	1789744519498.5747
sub-10034	ses-1	run-01	0	211	40	10	10	23	15	40	40	15	right	left	1.0	282.33769998769276	False	False	loss	32	548.8004558086395	174894.3683874	1789744468095.8499	549.1047191619873	174894.6726671	1789744468400.113	549.387056861975	174894.9550048	1789744468682.4507	174895.210694	550.2863647937775	174895.8543297	1789744469581.7588	174895.8543297	639.4963665634159	300.0	0.0	174345.5796496	1789743919295.394	600.2031807899475	174945.7698542	1789744519498.5747
sub-10034	ses-1	run-01	0	212	40	10	11	23	15	40	40	15	right	left	1.0	330.9735000075307	False	False	loss	32	551.2879014015198	174896.8558351	1789744470583.2954	551.5922203063965	174897.1600229	1789744470887.6143	551.923193806404	174897.4909964	1789744471218.5876	174897.7436154	552.6900320053101	174898.2578686	1789744471985.426	174898.2578686	509.1729527694926	300.0	0.0	174345.5796496	1789743919295.394	600.2031807899475	174945.7698542	1789744519498.5747
sub-10034	ses-1	run-01	0	213	40	10	12	23	15	40	40	15	right	left	2.0	318.40409999131225	True	False	loss	32	553.6924285888672	174899.2602994	1789744472987.8225	553.9966125488281	174899.5645987	1789744473292.0066	554.3150166488194	174899.8830028	1789744473610.4106	174900.13781	555.23686003685	174900.8045074	1789744474532.254	174900.8045074	662.3910166733193	300.0	0.0	174345.5796496	1789743919295.394	600.2031807899475	174945.7698542	1789744519498.5747
sub-10034	ses-1	run-01	0	214	40	10	13	23	15	40	15	40	left	right	1.0	387.52620000741445	False	False	loss	32	556.2395439147949	174901.8071228	1789744475534.9377	556.5438125133514	174902.1115038	1789744475839.2065	556.9313387133589	174902.49903	1789744476226.7327	174902.7556439	557.8785302639008	174903.4462453	1789744477173.9243	174903.4462453	686.0203314770441	300.0	0.0	174345.5796496	1789743919295.394	600.2031807899475	174945.7698542	1789744519498.5747
sub-10034	ses-1	run-01	0	215	40	10	14	23	15	40	15	40	left	right	2.0	330.26970000355504	True	True	win	31	558.8802273273468	174904.4478674	1789744478175.6213	559.1850261688232	174904.7527024	1789744478480.4202	559.5152958688268	174905.0829721	1789744478810.69	174905.3359452	560.350545167923	174905.9181721	1789744479645.9392	174905.9181721	578.7698124276777	300.0	0.0	174345.5796496	1789743919295.394	600.2031807899475	174945.7698542	1789744519498.5747
sub-10034	ses-1	run-01	0	216	40	10	15	23	15	40	15	40	left	right	2.0	306.10060002072714	True	True	win	31	561.3524687290192	174906.9201093	1789744480647.8628	561.6573078632355	174907.2249005	1789744480952.702	561.9634084632562	174907.53100110003	1789744481258.8025	174907.7834089	562.7355668544769	174908.3029966	1789744482030.9607	174908.3029966	515.458139952815	300.0	0.0	174345.5796496	1789743919295.394	600.2031807899475	174945.7698542	1789744519498.5747
sub-10034	ses-1	run-01	0	217	40	10	16	23	15	40	40	15	right	left	2.0	456.37480000732467	True	True	win	31	563.7388958930969	174909.3065574	1789744483034.2898	564.0432167053223	174909.6107816	1789744483338.6106	564.4995915053296	174910.0671564	1789744483794.9854	174910.319044	565.3669774532318	174910.9345222	1789744484662.3713	174910.9345222	611.0487778076442	300.0	0.0	174345.5796496	1789743919295.394	600.2031807899475	174945.7698542	1789744519498.5747
sub-10034	ses-1	run-01	0	218	40	10	17	23	15	40	40	15	right	left	2.0	377.9033000173513	True	False	loss	32	566.3694989681244	174911.9370985	1789744485664.8928	566.6737372875214	174912.2412203	1789744485969.1313	567.0516405875387	174912.61912360002	1789744486347.0347	174912.8755419	567.8936243057251	174913.4617118	1789744487189.0183	174913.4617118	581.017617859601	300.0	0.0	174345.5796496	1789743919295.394	600.2031807899475	174945.7698542	1789744519498.5747
sub-10034	ses-1	run-01	0	219	40	10	18	23	15	40	40	15	right	left	2.0	787.5011999858543	True	True	win	31	568.8957209587097	174914.4630967	1789744488191.115	569.2000839710236	174914.7675432	1789744488495.478	569.9875851710094	174915.55504439998	1789744489282.9792	174915.8080128	570.7694103717804	174916.3368315	1789744490064.8042	174916.3368315	524.0147359623733	300.0	0.0	174345.5796496	1789743919295.394	600.2031807899475	174945.7698542	1789744519498.5747
sub-10034	ses-1	run-01	0	220	40	10	19	23	15	40	40	15	right	left	2.0	303.9365999866277	True	True	win	31	571.7711873054504	174917.3386275	1789744491066.5813	572.0758564472198	174917.6430972	1789744491371.2505	572.3797930472065	174917.94703379998	1789744491675.187	174918.2023405	573.2162775993347	174918.7836659	1789744492511.6716	174918.7836659	577.1340069517255	300.0	0.0	174345.5796496	1789743919295.394	600.2031807899475	174945.7698542	1789744519498.5747
sub-10034	ses-1	run-01	0	221	40	10	20	23	15	40	40	15	right	left	2.0	312.7937999961432	True	False	loss	32	574.2176666259766	174919.7856639	1789744493513.0605	574.5227966308594	174920.0901887	1789744493818.1907	574.8355904308555	174920.4029825	1789744494130.9844	174920.6583353	575.7164831161499	174921.2838012	1789744495011.877	174921.2838012	621.5017466518767	300.0	0.0	174345.5796496	1789743919295.394	600.2031807899475	174945.7698542	1789744519498.5747
sub-10034	ses-1	run-01	0	222	40	10	21	23	15	40	15	40	left	right	2.0	468.64569999161176	True	True	win	31	576.7188007831573	174922.2859436	1789744496014.1948	577.0231509208679	174922.5903908	1789744496318.545	577.4917966208595	174923.0590365	1789744496787.1907	174923.3141504	578.2744016647339	174923.8416545	1789744497569.7957	174923.8416545	523.4363752574632	300.0	0.0	174345.5796496	1789743919295.394	600.2031807899475	174945.7698542	1789744519498.5747
sub-10034	ses-1	run-01	0	223	40	10	22	23	15	40	15	40	left	right	2.0	430.8673999912571	True	False	loss	32	579.2763757705688	174924.8436538	1789744498571.7698	579.5809721946716	174925.1481697	1789744498876.3662	580.0118395946629	174925.5790371	1789744499307.2336	174925.8328657	580.9125392436981	174926.4797357	1789744500207.933	174926.4797357	642.3464928282491	300.0	0.0	174345.5796496	1789743919295.394	600.2031807899475	174945.7698542	1789744519498.5747
sub-10034	ses-1	run-01	0	224	15	11	0	23	15	40	40	15	right	left	1.0	329.2082000116352	True	False	loss	32	581.9143116474152	174927.481383	1789744501209.7056	582.2186937332153	174927.7857725	1789744501514.0876	582.547901933227	174928.11498070002	1789744501843.296	174928.3690231	583.4294271469116	174928.9965577	1789744502724.821	174928.9965577	623.8758126303065	300.0	0.0	174345.5796496	1789743919295.394	600.2031807899475	174945.7698542	1789744519498.5747
sub-10034	ses-1	run-01	0	225	15	11	1	23	15	40	15	40	left	right	2.0	307.93070001527667	False	False	loss	32	584.4309046268463	174929.9981874	1789744503726.2986	584.7361731529236	174930.303239	1789744504031.5671	585.0441038529389	174930.61116970002	1789744504339.4978	174930.8664939	585.9572830200195	174931.5246437	1789744505252.677	174931.5246437	654.6064030088934	300.0	0.0	174345.5796496	1789743919295.394	600.2031807899475	174945.7698542	1789744519498.5747
sub-10034	ses-1	run-01	0	226	15	11	2	23	15	40	15	40	left	right	1.0	405.0148999958765	True	True	win	31	586.958678483963	174932.5255932	1789744506254.0725	587.2630610466003	174932.830049	1789744506558.455	587.6680759465962	174933.2350639	1789744506963.47	174933.489344	588.5809485912323	174934.1478129	1789744507876.3425	174934.1478129	654.1992307897128	300.0	0.0	174345.5796496	1789743919295.394	600.2031807899475	174945.7698542	1789744519498.5747
sub-10034	ses-1	run-01	0	227	15	11	3	23	15	40	40	15	right	left	2.0	460.3238000127021	False	False	loss	32	589.5834448337555	174935.1502484	1789744508878.8389	589.8872969150543	174935.4546812	1789744509182.691	590.347620715067	174935.91500500002	1789744509643.0146	174936.1692823	591.1340374946594	174936.7008317	1789744510429.4314	174936.7008317	527.56112569302	300.0	0.0	174345.5796496	1789743919295.394	600.2031807899475	174945.7698542	1789744519498.5747
sub-10034	ses-1	run-01	0	228	15	11	4	23	15	40	40	15	right	left	1.0	476.2819000170566	True	True	win	31	592.1357629299164	174937.7025789	1789744511431.157	592.4398701190948	174938.006758	1789744511735.2642	592.9161520191119	174938.48303990002	1789744512211.5461	174938.7367524	593.820517539978	174939.3873175	1789744513115.9114	174939.3873175	646.9226187170669	300.0	0.0	174345.5796496	1789743919295.394	600.2031807899475	174945.7698542	1789744519498.5747
sub-10034	ses-1	run-01	0	229	15	11	5	23	15	40	40	15	right	left	1.0	484.6920999989379	True	False	loss	32	594.8225646018982	174940.3894877	1789744514117.9585	595.1275277137756	174940.6943176	1789744514422.9216	595.6122198137746	174941.1790097	1789744514907.6138	174941.4341075	596.5580954551697	174942.1249416	1789744515853.4895	174942.1249416	686.9279856776361	300.0	0.0	174345.5796496	1789743919295.394	600.2031807899475	174945.7698542	1789744519498.5747
sub-10034	ses-1	run-01	0	230	15	11	6	23	15	40	40	15	right	left	2.0	435.5509000015445	False	False	loss	32	597.5599675178528	174943.126819	1789744516855.3616	597.8646836280823	174943.4314879	1789744517160.0776	598.3002345280838	174943.8670388	1789744517595.6284	174944.120214	599.2012565135956	174944.7681167	1789744518496.6504	174944.7681167	643.5753326285627	300.0	0.0	174345.5796496	1789743919295.394	600.2031807899475	174945.7698542	1789744519498.5747
