subject_id	session_id	run	localizer	trial_num	current_good	contingency_id	trial_in_contingency	contingency_trials	flower1	flower2	left_stimulus	right_stimulus	slot1_position	slot2_position	choice	rt	correct	reward	outcome	feedback_marker	trial_start_task_time	trial_start_lsl_time	trial_start_unix_time	choice_window_onset_task_time	choice_window_onset_lsl_time	choice_window_onset_unix_time	choice_onset_task_time	choice_onset_lsl_time	choice_onset_unix_time	choice_marker_send_lsl_time	feedback_onset_task_time	feedback_onset_lsl_time	feedback_onset_unix_time	lsl_marker_send_time	wait_time	iti	run_start_task_time	run_start_lsl_time	run_start_unix_time	run_end_task_time	run_end_lsl_time	run_end_unix_time
sub-1	ses-1	run-10085	0	1	37	1	0	20	37	34	34	37	right	left	1	1027.3824999999306	True	True	win	31	0.0	3021.2485363	1790031386635.3508	0.33865952491760254	3021.5871153	1790031386974.0105	1.3660420249175331	3022.6144977999998	1790031388001.393	3022.8684211	2.167222261428833	3023.415713	1790031388802.5732	3023.415713	543.811332900357	300.0	0.0	3021.2484638	1790031386635.3508	600.622141122818	3621.85117	1790031987257.4922
sub-1	ses-1	run-10085	0	2	37	1	1	20	37	34	37	34	left	right	1	436.9573999997556	True	True	win	31	3.1686816215515137	3024.417052	1790031389804.0325	3.47312593460083	3024.7216324	1790031390108.4768	3.9100833346005857	3025.1585898	1790031390545.4343	3025.4156094	4.799561977386475	3026.0479755	1790031391434.9128	3026.0479755	628.1012772493659	300.0	0.0	3021.2484638	1790031386635.3508	600.622141122818	3621.85117	1790031987257.4922
sub-1	ses-1	run-10085	0	3	37	1	2	20	37	34	37	34	left	right	1	316.0837000000356	True	True	win	31	5.801519393920898	3027.0498847	1790031392436.8704	6.105947494506836	3027.3544337	1790031392741.2983	6.4220311945068715	3027.6705174	1790031393057.382	3027.9228712	7.347510814666748	3028.5959851	1790031393982.8618	3028.5959851	668.4217550535824	300.0	0.0	3021.2484638	1790031386635.3508	600.622141122818	3621.85117	1790031987257.4922
sub-1	ses-1	run-10085	0	4	37	1	3	20	37	34	34	37	right	left	1	416.2377999996352	True	True	win	31	8.349656581878662	3029.5982004	1790031394985.0076	8.653809785842896	3029.9022794	1790031395289.1606	9.07004758584253	3030.3185172	1790031395705.3984	3030.5709089	9.9972083568573	3031.2456659	1790031396632.5593	3031.2456659	670.0905417371548	300.0	0.0	3021.2484638	1790031386635.3508	600.622141122818	3621.85117	1790031987257.4922
sub-1	ses-1	run-10085	0	5	37	1	4	20	37	34	34	37	right	left	1	390.3937000000042	True	True	win	31	10.9989013671875	3032.2480616	1790031397634.2522	11.303323030471802	3032.5521956	1790031397938.674	11.693716730471806	3032.9425893	1790031398329.0679	3033.1956999	12.581079244613647	3033.8294634	1790031399216.4302	3033.8294634	629.0423656901413	300.0	0.0	3021.2484638	1790031386635.3508	600.622141122818	3621.85117	1790031987257.4922
sub-1	ses-1	run-10085	0	6	37	1	5	20	37	34	37	34	left	right	1	383.06550000015704	True	True	win	31	13.582720041275024	3034.8311757	1790031400218.071	13.886921644210815	3035.1354134	1790031400522.2727	14.269987144210972	3035.5184789	1790031400905.3381	3035.7748489	15.192264080047607	3036.440741	1790031401827.615	3036.440741	661.4079677721794	300.0	0.0	3021.2484638	1790031386635.3508	600.622141122818	3621.85117	1790031987257.4922
sub-1	ses-1	run-10085	0	7	37	1	6	20	37	34	34	37	right	left	1	362.9049000001032	True	True	win	31	16.194993257522583	3037.4433824	1790031402830.3442	16.499168157577515	3037.7477132	1790031403134.519	16.862073057577618	3038.1106181	1790031403497.4238	3038.365823	17.81945037841797	3039.0678827	1790031404454.8013	3039.0678827	698.4907885871668	300.0	0.0	3021.2484638	1790031386635.3508	600.622141122818	3621.85117	1790031987257.4922
sub-1	ses-1	run-10085	0	8	37	1	7	20	37	34	37	34	left	right	1	392.8700999999819	True	False	loss	32	18.821102380752563	3040.069461	1790031405456.4534	19.12523078918457	3040.37369	1790031405760.5818	19.518100889184552	3040.7665601	1790031406153.452	3041.0222962	20.411640167236328	3041.6604594	1790031407046.9912	3041.6604594	634.4828285223791	300.0	0.0	3021.2484638	1790031386635.3508	600.622141122818	3621.85117	1790031987257.4922
sub-1	ses-1	run-10085	0	9	37	1	8	20	37	34	34	37	right	left	2	456.85909999974683	False	False	loss	32	21.4132559299469	3042.6616698	1790031408048.607	21.71722674369812	3042.9656368	1790031408352.5776	22.174085843697867	3043.4224959	1790031408809.4368	3043.6793449	22.956410884857178	3044.2048681	1790031409591.7617	3044.2048681	521.7239096181389	300.0	0.0	3021.2484638	1790031386635.3508	600.622141122818	3621.85117	1790031987257.4922
sub-1	ses-1	run-10085	0	10	37	1	9	20	37	34	37	34	left	right	1	336.56969999992725	True	True	win	31	23.957167387008667	3045.2057364	1790031410592.5183	24.26148295402527	3045.5099331	1790031410896.834	24.598052654025196	3045.8465028	1790031411233.4036	3046.1031396	25.480027198791504	3046.7284749	1790031412115.3782	3046.7284749	620.3196443252945	300.0	0.0	3021.2484638	1790031386635.3508	600.622141122818	3621.85117	1790031987257.4922
sub-1	ses-1	run-10085	0	11	37	1	10	20	37	34	34	37	right	left	1	348.01629999992656	True	True	win	31	26.481895685195923	3047.7301775	1790031413117.2466	26.786171674728394	3048.0346015	1790031413421.5227	27.13418797472832	3048.3826178	1790031413769.539	3048.6377028	27.89460039138794	3049.1430363	1790031414529.9514	3049.1430363	501.1172296628348	300.0	0.0	3021.2484638	1790031386635.3508	600.622141122818	3621.85117	1790031987257.4922
sub-1	ses-1	run-10085	0	12	37	1	11	20	37	34	34	37	right	left	1	349.946600000294	True	True	win	31	28.895843029022217	3050.1448733	1790031415531.194	29.200127840042114	3050.4485608	1790031415835.4788	29.55007444004241	3050.7985074000003	1790031416185.4253	3051.0524827	30.449918031692505	3051.698815	1790031417085.269	3051.698815	642.6035829484306	300.0	0.0	3021.2484638	1790031386635.3508	600.622141122818	3621.85117	1790031987257.4922
sub-1	ses-1	run-10085	0	13	37	1	12	20	37	34	37	34	left	right	1	360.7517000000371	True	True	win	31	31.453177213668823	3052.701452	1790031418088.528	31.757269859313965	3053.0057331	1790031418392.6208	32.118021559314	3053.3664848	1790031418753.3726	3053.6190393	33.04993677139282	3054.2983949	1790031419685.2876	3054.2983949	675.012062010129	300.0	0.0	3021.2484638	1790031386635.3508	600.622141122818	3621.85117	1790031987257.4922
sub-1	ses-1	run-10085	0	14	37	1	13	20	37	34	34	37	right	left	1	370.18829999988156	True	False	loss	32	34.05132842063904	3055.3001789	1790031420686.6794	34.356036901474	3055.6044803	1790031420991.388	34.72622520147388	3055.9746686	1790031421361.5762	3056.2277323	35.49661993980408	3056.7450476	1790031422131.971	3056.7450476	512.8564321714958	300.0	0.0	3021.2484638	1790031386635.3508	600.622141122818	3621.85117	1790031987257.4922
sub-1	ses-1	run-10085	0	15	37	1	14	20	37	34	34	37	right	left	2	331.2068000000181	False	False	loss	32	36.498194217681885	3057.7466549	1790031423133.5452	36.802860736846924	3058.0512912	1790031423438.2117	37.13406753684694	3058.382498	1790031423769.4185	3058.6347172	38.07636213302612	3059.3248077	1790031424711.7131	3059.3248077	686.1871521403353	300.0	0.0	3021.2484638	1790031386635.3508	600.622141122818	3621.85117	1790031987257.4922
sub-1	ses-1	run-10085	0	16	37	1	15	20	37	34	37	34	left	right	2	551.2040999997225	False	True	win	31	39.07882809638977	3060.3271527	1790031425714.179	39.38299250602722	3060.6313121	1790031426018.3435	39.934196606026944	3061.1825161999996	1790031426569.5476	3061.4347775	40.74433493614197	3061.9929135	1790031427379.6858	3061.9929135	554.7579654514711	300.0	0.0	3021.2484638	1790031386635.3508	600.622141122818	3621.85117	1790031987257.4922
sub-1	ses-1	run-10085	0	17	37	1	16	20	37	34	37	34	left	right	2	354.6191999998882	False	False	loss	32	41.74560785293579	3062.9948336	1790031428380.9587	42.051514863967896	3063.2999023	1790031428686.8657	42.406134063967784	3063.6545215	1790031429041.4849	3063.9085723	43.28861927986145	3064.5371154	1790031429923.9702	3064.5371154	624.6841402670142	300.0	0.0	3021.2484638	1790031386635.3508	600.622141122818	3621.85117	1790031987257.4922
sub-1	ses-1	run-10085	0	18	37	1	17	20	37	34	37	34	left	right	1	387.6444000002266	True	False	loss	32	44.290037631988525	3065.5385303	1790031430925.3887	44.59459185600281	3065.8430544	1790031431229.9429	44.982236256003034	3066.2306988	1790031431617.5872	3066.4868794	45.830190658569336	3067.0786343	1790031432465.5415	3067.0786343	587.5435131655195	300.0	0.0	3021.2484638	1790031386635.3508	600.622141122818	3621.85117	1790031987257.4922
sub-1	ses-1	run-10085	0	19	37	1	18	20	37	34	34	37	right	left	2	549.6078999999554	False	False	loss	32	46.83212852478027	3068.0804694	1790031433467.4795	47.136492013931274	3068.3849445	1790031433771.843	47.68609991393123	3068.9345524	1790031434321.451	3069.1890572	48.602784872055054	3069.8512763	1790031435238.1357	3069.8512763	657.5750944959293	300.0	0.0	3021.2484638	1790031386635.3508	600.622141122818	3621.85117	1790031987257.4922
sub-1	ses-1	run-10085	0	20	37	1	19	20	37	34	34	37	right	left	1	713.553999999931	True	True	win	31	49.604469299316406	3070.8529288	1790031436239.8203	49.90858578681946	3071.1570424	1790031436543.9368	50.62213978681939	3071.8705964	1790031437257.4907	3072.1276513	51.4975323677063	3072.7458441	1790031438132.8833	3072.7458441	614.510497652627	300.0	0.0	3021.2484638	1790031386635.3508	600.622141122818	3621.85117	1790031987257.4922
sub-1	ses-1	run-10085	0	21	34	2	0	22	37	34	37	34	left	right	1	394.4839000000684	False	True	win	31	52.49838876724243	3073.7475386	1790031439133.7397	52.80348253250122	3074.051967	1790031439438.8335	53.19796643250129	3074.4464509	1790031439833.3174	3074.7007672	54.11942148208618	3075.3682509	1790031440754.7725	3075.3682509	663.7289824657203	300.0	0.0	3021.2484638	1790031386635.3508	600.622141122818	3621.85117	1790031987257.4922
sub-1	ses-1	run-10085	0	22	34	2	1	22	37	34	37	34	left	right	1	412.7008000000387	False	False	loss	32	55.12112379074097	3076.3695225	1790031441756.4749	55.42534804344177	3076.6737794	1790031442060.699	55.83804884344181	3077.0864802	1790031442473.3997	3077.3418353	56.758671283721924	3078.0070563	1790031443394.0222	3078.0070563	661.7199289107723	300.0	0.0	3021.2484638	1790031386635.3508	600.622141122818	3621.85117	1790031987257.4922
sub-1	ses-1	run-10085	0	23	34	2	2	22	37	34	37	34	left	right	1	404.63880000015706	False	False	loss	32	57.76088333129883	3079.0092556	1790031444396.2344	58.06545424461365	3079.3138375	1790031444700.8052	58.470093044613805	3079.7184763	1790031445105.444	3079.9726519	59.30043125152588	3080.5488192	1790031445935.7822	3080.5488192	572.6696081763491	300.0	0.0	3021.2484638	1790031386635.3508	600.622141122818	3621.85117	1790031987257.4922
sub-1	ses-1	run-10085	0	24	34	2	3	22	37	34	34	37	right	left	2	871.6429999999491	True	True	win	31	60.301740407943726	3081.5507762	1790031446937.0913	60.60653066635132	3081.8549717	1790031447241.8816	61.47817366635127	3082.7266147	1790031448113.5247	3082.9801519	62.38618230819702	3083.634558	1790031449021.5332	3083.634558	650.4522866588668	300.0	0.0	3021.2484638	1790031386635.3508	600.622141122818	3621.85117	1790031987257.4922
sub-1	ses-1	run-10085	0	25	34	2	4	22	37	34	34	37	right	left	2	369.3124000001262	True	True	win	31	63.38806438446045	3084.6364715	1790031450023.4153	63.69284224510193	3084.9411184	1790031450328.193	64.06215464510205	3085.3104308	1790031450697.5056	3085.5645843	64.8303120136261	3086.0787531	1790031451465.6628	3086.0787531	510.1940034979745	300.0	0.0	3021.2484638	1790031386635.3508	600.622141122818	3621.85117	1790031987257.4922
sub-1	ses-1	run-10085	0	26	34	2	5	22	37	34	34	37	right	left	2	325.1495999998042	True	False	loss	32	65.83231496810913	3087.08064	1790031452467.666	66.13687038421631	3087.3853957	1790031452772.2214	66.46201998421611	3087.7105453	1790031453097.371	3087.9633422	67.37427115440369	3088.6226666	1790031454009.622	3088.6226666	655.4236842439267	300.0	0.0	3021.2484638	1790031386635.3508	600.622141122818	3621.85117	1790031987257.4922
sub-1	ses-1	run-10085	0	27	34	2	6	22	37	34	34	37	right	left	1	469.69659999967917	False	False	loss	32	68.3761875629425	3089.6245777	1790031455011.5386	68.68053007125854	3089.9289072	1790031455315.881	69.15022667125822	3090.3986038	1790031455785.5776	3090.6531906	70.03912615776062	3091.2876189	1790031456674.477	3091.2876189	630.6316484216626	300.0	0.0	3021.2484638	1790031386635.3508	600.622141122818	3621.85117	1790031987257.4922
sub-1	ses-1	run-10085	0	28	34	2	7	22	37	34	37	34	left	right	2	428.40380000006917	True	True	win	31	71.03996062278748	3092.2891744	1790031457675.3115	71.34585428237915	3092.5942683	1790031457981.2053	71.77425808237922	3093.0226721	1790031458409.6091	3093.2777717	72.651447057724	3093.899858	1790031459286.798	3093.899858	617.3656640070114	300.0	0.0	3021.2484638	1790031386635.3508	600.622141122818	3621.85117	1790031987257.4922
sub-1	ses-1	run-10085	0	29	34	2	8	22	37	34	37	34	left	right	2	320.5926000000545	True	True	win	31	73.65327334403992	3094.901595	1790031460288.6243	73.95747137069702	3095.2059219	1790031460592.8223	74.27806397069708	3095.5265145	1790031460913.4148	3095.7790784	75.05695867538452	3096.3054193	1790031461692.3096	3096.3054193	522.5632084624023	300.0	0.0	3021.2484638	1790031386635.3508	600.622141122818	3621.85117	1790031987257.4922
sub-1	ses-1	run-10085	0	30	34	2	9	22	37	34	37	34	left	right	2	331.0704000000442	True	False	loss	32	76.05883836746216	3097.3072195	1790031462694.1892	76.36308455467224	3097.6115076	1790031462998.4355	76.69415495467229	3097.942578	1790031463329.5059	3098.1957107	77.61930012702942	3098.8677573	1790031464254.6511	3098.8677573	668.3010496053524	300.0	0.0	3021.2484638	1790031386635.3508	600.622141122818	3621.85117	1790031987257.4922
sub-1	ses-1	run-10085	0	31	34	2	10	22	37	34	37	34	left	right	1	288.4150999998383	False	False	loss	32	78.620441198349	3099.8695433	1790031465255.7922	78.92573571205139	3100.1741807	1790031465561.0867	79.21415081205123	3100.4625957999997	1790031465849.5017	3100.7174088	80.0513186454773	3101.2997735	1790031466686.6697	3101.2997735	578.5656670956614	300.0	0.0	3021.2484638	1790031386635.3508	600.622141122818	3621.85117	1790031987257.4922
sub-1	ses-1	run-10085	0	32	34	2	11	22	37	34	34	37	right	left	1	464.5600000003469	False	True	win	31	81.05355477333069	3102.3019295	1790031467688.9058	81.3577024936676	3102.6059644	1790031467993.0535	81.82226249366795	3103.0705244000005	1790031468457.6135	3103.3254643	82.74980473518372	3103.9987286	1790031469385.1558	3103.9987286	669.422251159149	300.0	0.0	3021.2484638	1790031386635.3508	600.622141122818	3621.85117	1790031987257.4922
sub-1	ses-1	run-10085	0	33	34	2	12	22	37	34	34	37	right	left	1	324.888799999826	False	False	loss	32	83.7530517578125	3105.0013528	1790031470388.4026	84.05746936798096	3105.3057204	1790031470692.8203	84.38235816798078	3105.6306092	1790031471017.7092	3105.8841448	85.31795334815979	3106.5663975	1790031471953.3042	3106.5663975	678.9211503468988	300.0	0.0	3021.2484638	1790031386635.3508	600.622141122818	3621.85117	1790031987257.4922
sub-1	ses-1	run-10085	0	34	34	2	13	22	37	34	34	37	right	left	2	342.5898000000416	True	True	win	31	86.31905007362366	3107.5679293	1790031472954.4011	86.62368083000183	3107.8719261	1790031473259.0317	86.96627063000187	3108.2145159	1790031473601.6216	3108.470054	87.77707934379578	3109.0255174	1790031474412.4302	3109.0255174	551.7288226836988	300.0	0.0	3021.2484638	1790031386635.3508	600.622141122818	3621.85117	1790031987257.4922
sub-1	ses-1	run-10085	0	35	34	2	14	22	37	34	34	37	right	left	2	354.16140000006635	True	True	win	31	88.779052734375	3110.0273861	1790031475414.4036	89.0840208530426	3110.3323382	1790031475719.3718	89.43818225304267	3110.6864996	1790031476073.5332	3110.9401362	90.33506655693054	3111.5832984	1790031476970.4175	3111.5832984	639.6334741737334	300.0	0.0	3021.2484638	1790031386635.3508	600.622141122818	3621.85117	1790031987257.4922
sub-1	ses-1	run-10085	0	36	34	2	15	22	37	34	37	34	left	right	1	389.20660000030693	False	False	loss	32	91.33708143234253	3112.5850424	1790031477972.4324	91.64128684997559	3112.8894143	1790031478276.6377	92.03049344997589	3113.2786209000005	1790031478665.8442	3113.5331034	92.91008424758911	3114.158548	1790031479545.4353	3114.158548	621.7350527023839	300.0	0.0	3021.2484638	1790031386635.3508	600.622141122818	3621.85117	1790031987257.4922
sub-1	ses-1	run-10085	0	37	34	2	16	22	37	34	37	34	left	right	1	390.5106999995951	False	False	loss	32	93.91204953193665	3115.1599765	1790031480547.4004	94.21611976623535	3115.4640598	1790031480851.4707	94.60663046623495	3115.8545704999997	1790031481241.9814	3116.1076921	95.38819122314453	3116.6360935	1790031482023.5422	3116.6360935	524.2109723491241	300.0	0.0	3021.2484638	1790031386635.3508	600.622141122818	3621.85117	1790031987257.4922
sub-1	ses-1	run-10085	0	38	34	2	17	22	37	34	34	37	right	left	2	361.18679999981396	True	True	win	31	96.38962244987488	3117.6376109	1790031483024.9734	96.69379425048828	3117.9414392	1790031483329.1453	97.0549810504881	3118.3026259999997	1790031483690.332	3118.5555269	97.96581768989563	3119.213546	1790031484601.1687	3119.213546	654.524295479894	300.0	0.0	3021.2484638	1790031386635.3508	600.622141122818	3621.85117	1790031987257.4922
sub-1	ses-1	run-10085	0	39	34	2	18	22	37	34	34	37	right	left	2	374.6049999999741	True	True	win	31	98.96816658973694	3120.2158617	1790031485603.5176	99.27223515510559	3120.5198589	1790031485907.5862	99.64684015510556	3120.8944639	1790031486282.1912	3121.1487002	100.41863656044006	3121.6660903	1790031487053.9875	3121.6660903	513.6028561331653	300.0	0.0	3021.2484638	1790031386635.3508	600.622141122818	3621.85117	1790031987257.4922
sub-1	ses-1	run-10085	0	40	34	2	19	22	37	34	34	37	right	left	2	361.6366000001108	True	True	win	31	101.4209234714508	3122.6683383	1790031488056.2744	101.72531342506409	3122.9727829	1790031488360.6643	102.0869500250642	3123.3344195	1790031488722.301	3123.5911954	102.895672082901	3124.1430911	1790031489531.023	3124.1430911	548.5827249386163	300.0	0.0	3021.2484638	1790031386635.3508	600.622141122818	3621.85117	1790031987257.4922
sub-1	ses-1	run-10085	0	41	34	2	20	22	37	34	34	37	right	left	2	293.38730000017677	True	False	loss	32	103.8974335193634	3125.1447729	1790031490532.7844	104.20194911956787	3125.4491602	1790031490837.3	104.49533641956805	3125.7425475	1790031491130.6873	3125.9977096	105.28787469863892	3126.5351161	1790031491923.2256	3126.5351161	533.7017364907674	300.0	0.0	3021.2484638	1790031386635.3508	600.622141122818	3621.85117	1790031987257.4922
sub-1	ses-1	run-10085	0	42	34	2	21	22	37	34	37	34	left	right	1	349.18629999992845	False	False	loss	32	106.28975486755371	3127.5368819	1790031492925.1057	106.59399390220642	3127.8411768	1790031493229.3447	106.94318020220635	3128.1903631	1790031493578.531	3128.4446766	107.86601257324219	3129.1130997	1790031494501.3635	3129.1130997	664.1555726700994	300.0	0.0	3021.2484638	1790031386635.3508	600.622141122818	3621.85117	1790031987257.4922
sub-1	ses-1	run-10085	0	43	37	3	0	21	37	34	34	37	right	left	2	395.9029000002374	False	True	win	31	108.86771941184998	3130.1146593	1790031495503.0703	109.17153859138489	3130.4185169	1790031495806.8896	109.56744149138513	3130.8144198000005	1790031496202.7925	3131.0680133	110.37936496734619	3131.6262745	1790031497014.7158	3131.6262745	554.9117315741703	300.0	0.0	3021.2484638	1790031386635.3508	600.622141122818	3621.85117	1790031987257.4922
sub-1	ses-1	run-10085	0	44	37	3	1	21	37	34	37	34	left	right	2	441.96050000027753	False	False	loss	32	111.38147187232971	3132.6281332	1790031498016.8228	111.68566751480103	3132.9324049	1790031498321.0186	112.1276280148013	3133.3743654000004	1790031498762.979	3133.6308855	112.905837059021	3134.1525934	1790031499541.188	3134.1525934	517.7364937266626	300.0	0.0	3021.2484638	1790031386635.3508	600.622141122818	3621.85117	1790031987257.4922
sub-1	ses-1	run-10085	0	45	37	3	2	21	37	34	37	34	left	right	2	404.35140000045067	False	True	win	31	113.9073851108551	3135.1540209	1790031500542.736	114.21139335632324	3135.4580525	1790031500846.7444	114.61574475632369	3135.8624039000006	1790031501251.0957	3136.1173759	115.54318833351135	3136.7897789	1790031502178.5393	3136.7897789	668.9425495514276	300.0	0.0	3021.2484638	1790031386635.3508	600.622141122818	3621.85117	1790031987257.4922
sub-1	ses-1	run-10085	0	46	37	3	3	21	37	34	34	37	right	left	1	494.5999000001393	True	True	win	31	116.54489755630493	3137.7913514	1790031503180.2485	116.84931468963623	3138.0957958	1790031503484.6655	117.34391458963637	3138.5903957	1790031503979.2654	3138.8452082	118.1790611743927	3139.4254494	1790031504814.412	3139.4254494	576.1912097712511	300.0	0.0	3021.2484638	1790031386635.3508	600.622141122818	3621.85117	1790031987257.4922
sub-1	ses-1	run-10085	0	47	37	3	4	21	37	34	34	37	right	left	1	402.55409999963376	True	True	win	31	119.18131637573242	3140.4275141	1790031505816.6672	119.48551177978516	3140.7318077	1790031506120.8628	119.88806587978479	3141.1343617999996	1790031506523.417	3141.3905045	120.83481359481812	3142.081664	1790031507470.1646	3142.081664	687.1696500590697	300.0	0.0	3021.2484638	1790031386635.3508	600.622141122818	3621.85117	1790031987257.4922
sub-1	ses-1	run-10085	0	48	37	3	5	21	37	34	37	34	left	right	1	338.7041999999383	True	False	loss	32	121.8365786075592	3143.0826362	1790031508471.9294	122.1415205001831	3143.3876672	1790031508776.8713	122.48022470018304	3143.7263714	1790031509115.5754	3143.9813286	123.43058586120605	3144.676637	1790031510065.9368	3144.676637	691.1946670930212	300.0	0.0	3021.2484638	1790031386635.3508	600.622141122818	3621.85117	1790031987257.4922
sub-1	ses-1	run-10085	0	49	37	3	6	21	37	34	37	34	left	right	2	359.98609999978726	False	False	loss	32	124.43231534957886	3145.6781937	1790031511067.6663	124.73645091056824	3145.9824096	1790031511371.8018	125.09643701056802	3146.3423957	1790031511731.7878	3146.5954665	125.95785450935364	3147.2037453	1790031512593.2056	3147.2037453	604.7721042087927	300.0	0.0	3021.2484638	1790031386635.3508	600.622141122818	3621.85117	1790031987257.4922
sub-1	ses-1	run-10085	0	50	37	3	7	21	37	34	34	37	right	left	1	328.551100000368	True	True	win	31	126.95883512496948	3148.2053219	1790031513594.186	127.2640278339386	3148.5098318	1790031513899.3787	127.59257893393897	3148.8383829000004	1790031514227.9297	3149.0927467	128.45241808891296	3149.6981087	1790031515087.769	3149.6981087	601.5426738641031	300.0	0.0	3021.2484638	1790031386635.3508	600.622141122818	3621.85117	1790031987257.4922
sub-1	ses-1	run-10085	0	51	37	3	8	21	37	34	34	37	right	left	1	362.5539999998182	True	False	loss	32	129.453941822052	3150.6995295	1790031516089.2927	129.7582151889801	3151.0038777	1790031516393.5662	130.12076918897992	3151.3664317	1790031516756.12	3151.6235506	131.03731751441956	3152.2828721	1790031517672.6685	3152.2828721	655.6904527203637	300.0	0.0	3021.2484638	1790031386635.3508	600.622141122818	3621.85117	1790031987257.4922
sub-1	ses-1	run-10085	0	52	37	3	9	21	37	34	37	34	left	right	1	201.8350999996983	True	False	loss	32	132.0389060974121	3153.2843045	1790031518674.257	132.3429844379425	3153.588552	1790031518978.3354	132.5448195379422	3153.7903871	1790031519180.1707	3154.0462446	133.31504845619202	3154.560464	1790031519950.3994	3154.560464	509.93149586631927	300.0	0.0	3021.2484638	1790031386635.3508	600.622141122818	3621.85117	1790031987257.4922
sub-1	ses-1	run-10085	0	53	37	3	10	21	37	34	34	37	right	left	2	316.25060000033045	False	False	loss	32	134.31647896766663	3155.561788	1790031520951.8298	134.6209785938263	3155.8661987	1790031521256.3296	134.93722919382662	3156.1824493000004	1790031521572.58	3156.4347524	135.70301580429077	3156.9482802	1790031522338.3667	3156.9482802	509.17906493382503	300.0	0.0	3021.2484638	1790031386635.3508	600.622141122818	3621.85117	1790031987257.4922
sub-1	ses-1	run-10085	0	54	37	3	11	21	37	34	34	37	right	left	2	343.9050000001771	False	False	loss	32	136.7051227092743	3157.9503676	1790031523340.4736	137.00931191444397	3158.2545041	1790031523644.6628	137.35321691444415	3158.5984091	1790031523988.5679	3158.8525114	138.1306574344635	3159.3757825	1790031524766.0083	3159.3757825	518.9694728167502	300.0	0.0	3021.2484638	1790031386635.3508	600.622141122818	3621.85117	1790031987257.4922
sub-1	ses-1	run-10085	0	55	37	3	12	21	37	34	34	37	right	left	2	363.6177999997017	False	False	loss	32	139.13362288475037	3160.3787177	1790031525768.9739	139.43780326843262	3160.682785	1790031526073.1543	139.80142106843232	3161.0464027999997	1790031526436.7722	3161.3009654	140.74340653419495	3161.9883511	1790031527378.7576	3161.9883511	683.5665888748399	300.0	0.0	3021.2484638	1790031386635.3508	600.622141122818	3621.85117	1790031987257.4922
sub-1	ses-1	run-10085	0	56	37	3	13	21	37	34	34	37	right	left	1	368.0147999998553	True	False	loss	32	141.74523162841797	3162.9901118	1790031528380.5825	142.04964089393616	3163.2944994	1790031528684.992	142.417655693936	3163.6625142	1790031529053.0068	3163.9173664	143.1867904663086	3164.4315545	1790031529822.1414	3164.4315545	510.87662315492565	300.0	0.0	3021.2484638	1790031386635.3508	600.622141122818	3621.85117	1790031987257.4922
sub-1	ses-1	run-10085	0	57	37	3	14	21	37	34	34	37	right	left	2	307.2328000002926	False	False	loss	32	144.1901490688324	3165.434735	1790031530825.5	144.49437928199768	3165.7390663	1790031531129.7302	144.80161208199797	3166.0462991000004	1790031531436.9631	3166.3022973	145.73339867591858	3166.9780402	1790031532368.7495	3166.9780402	671.1146123482732	300.0	0.0	3021.2484638	1790031386635.3508	600.622141122818	3621.85117	1790031987257.4922
sub-1	ses-1	run-10085	0	58	37	3	15	21	37	34	37	34	left	right	1	442.52600000027087	True	True	win	31	146.7351303100586	3167.9794769	1790031533370.4812	147.0393455028534	3168.2839082	1790031533674.6965	147.48187150285366	3168.7264342000003	1790031534117.2224	3168.9837145	148.33658742904663	3169.5809992	1790031534971.9385	3169.5809992	593.0837805228667	300.0	0.0	3021.2484638	1790031386635.3508	600.622141122818	3621.85117	1790031987257.4922
sub-1	ses-1	run-10085	0	59	37	3	16	21	37	34	37	34	left	right	1	295.13349999979255	True	True	win	31	149.33839988708496	3170.5826645	1790031535973.7507	149.64285230636597	3170.88729	1790031536278.2034	149.93798580636576	3171.1824235	1790031536573.337	3171.4359268	150.80795526504517	3172.052321	1790031537443.3062	3172.052321	612.0326930510315	300.0	0.0	3021.2484638	1790031386635.3508	600.622141122818	3621.85117	1790031987257.4922
sub-1	ses-1	run-10085	0	60	37	3	17	21	37	34	34	37	right	left	2	311.51490000002013	False	False	loss	32	151.81005549430847	3173.054183	1790031538445.4065	152.1147861480713	3173.3588213	1790031538750.1372	152.4263010480713	3173.6703362	1790031539061.652	3173.9267965	153.21811938285828	3174.4622853	1790031539853.4702	3174.4622853	531.3093487099133	300.0	0.0	3021.2484638	1790031386635.3508	600.622141122818	3621.85117	1790031987257.4922
sub-1	ses-1	run-10085	0	61	37	3	18	21	37	34	37	34	left	right	1	357.7127999997174	True	False	loss	32	154.22033858299255	3175.4643201	1790031540855.6895	154.52461791038513	3175.7686666	1790031541159.9688	154.88233071038485	3176.1263793999997	1790031541517.6816	3176.3827825	155.7030246257782	3176.9469903	1790031542338.3755	3176.9469903	560.0141811537618	300.0	0.0	3021.2484638	1790031386635.3508	600.622141122818	3621.85117	1790031987257.4922
sub-1	ses-1	run-10085	0	62	37	3	19	21	37	34	37	34	left	right	1	568.7511999999515	True	True	win	31	156.70545101165771	3177.9493271	1790031543340.802	157.0097529888153	3178.2536492	1790031543645.104	157.57850418881526	3178.8224004	1790031544213.8552	3179.0783469	158.34807515144348	3179.5922777	1790031544983.426	3179.5922777	509.1459254285038	300.0	0.0	3021.2484638	1790031386635.3508	600.622141122818	3621.85117	1790031987257.4922
sub-1	ses-1	run-10085	0	63	37	3	20	21	37	34	34	37	right	left	1	403.93130000029487	True	True	win	31	159.35023283958435	3180.593976	1790031545985.5837	159.6540973186493	3180.8984949	1790031546289.4482	160.0580286186496	3181.3024262000004	1790031546693.3796	3181.5572177	160.85525822639465	3182.0995279	1790031547490.6091	3182.0995279	538.3325998512025	300.0	0.0	3021.2484638	1790031386635.3508	600.622141122818	3621.85117	1790031987257.4922
sub-1	ses-1	run-10085	0	64	34	4	0	22	37	34	34	37	right	left	1	448.5287999996217	False	True	win	31	161.8569917678833	3183.1013333	1790031548492.3428	162.16253066062927	3183.4058861	1790031548797.8816	162.6110594606289	3183.8544148999995	1790031549246.4104	3184.1099926	163.45425391197205	3184.6977006	1790031550089.6047	3184.6977006	583.4978088395128	300.0	0.0	3021.2484638	1790031386635.3508	600.622141122818	3621.85117	1790031987257.4922
sub-1	ses-1	run-10085	0	65	34	4	1	22	37	34	37	34	left	right	1	354.168600000321	False	False	loss	32	164.45587754249573	3185.6993195	1790031551091.2285	164.76082801818848	3186.0043925	1790031551396.179	165.1149966181888	3186.3585611000003	1790031551750.3477	3186.6131021	165.87506914138794	3187.1183253	1790031552510.4202	3187.1183253	501.16326786321065	300.0	0.0	3021.2484638	1790031386635.3508	600.622141122818	3621.85117	1790031987257.4922
sub-1	ses-1	run-10085	0	66	34	4	2	22	37	34	34	37	right	left	1	566.0928000002059	False	False	loss	32	166.8766496181488	3188.119778	1790031553512.0005	167.18103098869324	3188.4242124	1790031553816.3818	167.74712378869344	3188.9903052000004	1790031554382.4746	3189.2438153	168.55902457237244	3189.8021083	1790031555194.3755	3189.8021083	554.8308937149278	300.0	0.0	3021.2484638	1790031386635.3508	600.622141122818	3621.85117	1790031987257.4922
sub-1	ses-1	run-10085	0	67	34	4	3	22	37	34	37	34	left	right	2	985.6822999995529	True	True	win	31	169.5615496635437	3190.8046188	1790031556196.9006	169.86556816101074	3191.1086962	1790031556500.9192	170.8512504610103	3192.0943784999995	1790031557486.6016	3192.3492936	171.68528413772583	3192.9286104	1790031558320.635	3192.9286104	574.1590068309459	300.0	0.0	3021.2484638	1790031386635.3508	600.622141122818	3621.85117	1790031987257.4922
sub-1	ses-1	run-10085	0	68	34	4	4	22	37	34	37	34	left	right	2	332.26009999998496	True	True	win	31	172.687077999115	3193.9298362	1790031559322.429	172.99110674858093	3194.2340244	1790031559626.4578	173.32336684858092	3194.5662845	1790031559958.7178	3194.8221932	174.2669699192047	3195.5097165	1790031560902.3208	3195.5097165	683.3763389286897	300.0	0.0	3021.2484638	1790031386635.3508	600.622141122818	3621.85117	1790031987257.4922
sub-1	ses-1	run-10085	0	69	34	4	5	22	37	34	37	34	left	right	2	374.0210000000843	True	True	win	31	175.26898217201233	3196.5115735	1790031561904.333	175.57366919517517	3196.8163377	1790031562209.02	175.94769019517526	3197.1903587	1790031562583.041	3197.4442668	176.86531329154968	3198.1077295	1790031563500.6643	3198.1077295	659.3867170972361	300.0	0.0	3021.2484638	1790031386635.3508	600.622141122818	3621.85117	1790031987257.4922
sub-1	ses-1	run-10085	0	70	34	4	6	22	37	34	37	34	left	right	2	736.1713999998756	True	False	loss	32	177.86728405952454	3199.1098454	1790031564502.635	178.17164254188538	3199.4142318	1790031564806.9934	178.90781394188525	3200.1504032	1790031565543.1648	3200.4039923	179.85003423690796	3201.0929482	1790031566485.3853	3201.0929482	684.1973037638974	300.0	0.0	3021.2484638	1790031386635.3508	600.622141122818	3621.85117	1790031987257.4922
sub-1	ses-1	run-10085	0	71	34	4	7	22	37	34	37	34	left	right	2	383.3764000000883	True	True	win	31	180.8524181842804	3202.094666	1790031567487.769	181.15675020217896	3202.3989688	1790031567792.101	181.54012660217904	3202.7823452000002	1790031568175.4775	3203.0378396	182.45813250541687	3203.7003343	1790031569093.4834	3203.7003343	658.0775028310762	300.0	0.0	3021.2484638	1790031386635.3508	600.622141122818	3621.85117	1790031987257.4922
sub-1	ses-1	run-10085	0	72	34	4	8	22	37	34	34	37	right	left	2	383.9554999999564	True	False	loss	32	183.45997262001038	3204.7020859	1790031570095.3235	183.7642524242401	3205.0064428	1790031570399.6033	184.14820792424007	3205.3903983	1790031570783.5588	3205.6456964	185.04530835151672	3206.2873525	1790031571680.6592	3206.2873525	637.6060359500449	300.0	0.0	3021.2484638	1790031386635.3508	600.622141122818	3621.85117	1790031987257.4922
sub-1	ses-1	run-10085	0	73	34	4	9	22	37	34	37	34	left	right	1	404.9175000000105	False	False	loss	32	186.0470564365387	3207.2891929	1790031572682.4075	186.35144805908203	3207.5934094	1790031572986.799	186.75636555908204	3207.9983269	1790031573391.7166	3208.25187	187.6225824356079	3208.8650054	1790031574257.9333	3208.8650054	608.994427120235	300.0	0.0	3021.2484638	1790031386635.3508	600.622141122818	3621.85117	1790031987257.4922
sub-1	ses-1	run-10085	0	74	34	4	10	22	37	34	37	34	left	right	1	843.8419000003705	False	True	win	31	188.62440013885498	3209.866188	1790031575259.751	188.9285924434662	3210.170422	1790031575563.9434	189.77243434346656	3211.0142639000005	1790031576407.7852	3211.2706922	190.6096532344818	3211.8511907	1790031577245.0042	3211.8511907	575.9539707377016	300.0	0.0	3021.2484638	1790031386635.3508	600.622141122818	3621.85117	1790031987257.4922
sub-1	ses-1	run-10085	0	75	34	4	11	22	37	34	34	37	right	left	1	448.58909999993557	False	False	loss	32	191.61143255233765	3212.8530283	1790031578246.7834	191.91631531715393	3213.157875	1790031578551.6663	192.36490441715387	3213.6064641	1790031579000.2554	3213.8618726	193.30990862846375	3214.5514399	1790031579945.2595	3214.5514399	685.7427689307927	300.0	0.0	3021.2484638	1790031386635.3508	600.622141122818	3621.85117	1790031987257.4922
sub-1	ses-1	run-10085	0	76	34	4	12	22	37	34	37	34	left	right	2	412.1891999998297	True	False	loss	32	194.3120665550232	3215.55348	1790031580947.4175	194.61675143241882	3215.8581395	1790031581252.1023	195.02894063241865	3216.2703287	1790031581664.2915	3216.5269229	195.87696528434753	3217.1183489	1790031582512.3162	3217.1183489	586.1538945705079	300.0	0.0	3021.2484638	1790031386635.3508	600.622141122818	3621.85117	1790031987257.4922
sub-1	ses-1	run-10085	0	77	34	4	13	22	37	34	34	37	right	left	2	213.79149999984293	True	True	win	31	196.87879180908203	3218.1199715	1790031583514.1428	197.18320083618164	3218.4245116	1790031583818.5518	197.39699233618148	3218.6383031	1790031584032.3433	3218.8919611	198.25917172431946	3219.500186	1790031584894.5227	3219.500186	604.5077251747165	300.0	0.0	3021.2484638	1790031386635.3508	600.622141122818	3621.85117	1790031987257.4922
sub-1	ses-1	run-10085	0	78	34	4	14	22	37	34	37	34	left	right	1	239.90850000018327	False	False	loss	32	199.26003861427307	3220.5018402	1790031585895.3896	199.56554436683655	3220.806492	1790031586200.8953	199.80545286683673	3221.0464005000003	1790031586440.8037	3221.2997233	200.6953365802765	3221.936326	1790031587330.6875	3221.936326	632.6051127914928	300.0	0.0	3021.2484638	1790031386635.3508	600.622141122818	3621.85117	1790031987257.4922
sub-1	ses-1	run-10085	0	79	34	4	15	22	37	34	37	34	left	right	2	452.08069999989675	True	True	win	31	201.69713187217712	3222.938068	1790031588332.483	202.0013620853424	3223.2422489	1790031588636.7131	202.4534427853423	3223.6943296	1790031589088.794	3223.9511272	203.3441743850708	3224.5851422	1790031589979.5254	3224.5851422	629.294805639861	300.0	0.0	3021.2484638	1790031386635.3508	600.622141122818	3621.85117	1790031987257.4922
sub-1	ses-1	run-10085	0	80	34	4	16	22	37	34	37	34	left	right	2	299.31390000001556	True	True	win	31	204.34573602676392	3225.5865813	1790031590981.087	204.65024137496948	3225.8910008	1790031591285.5923	204.9495552749695	3226.1903147	1790031591584.9062	3226.443977	205.88070487976074	3227.1214292	1790031592516.056	3227.1214292	673.9590886300535	300.0	0.0	3021.2484638	1790031386635.3508	600.622141122818	3621.85117	1790031987257.4922
sub-1	ses-1	run-10085	0	81	34	4	17	22	37	34	34	37	right	left	2	362.65289999982997	True	True	win	31	206.88259649276733	3228.1233004	1790031593517.9475	207.18682384490967	3228.4277725	1790031593822.1748	207.5494767449095	3228.7904254	1790031594184.8276	3229.0470676	208.35207867622375	3229.5925576	1790031594987.4297	3229.5925576	541.4406557122448	300.0	0.0	3021.2484638	1790031386635.3508	600.622141122818	3621.85117	1790031987257.4922
sub-1	ses-1	run-10085	0	82	34	4	18	22	37	34	34	37	right	left	2	747.230600000421	True	True	win	31	209.35418438911438	3230.5945578	1790031595989.5354	209.65877532958984	3230.8990765	1790031596294.1262	210.40600592959026	3231.6463071000003	1790031597041.357	3231.8990537	211.2721245288849	3232.5124726	1790031597907.4756	3232.5124726	609.8819295225434	300.0	0.0	3021.2484638	1790031386635.3508	600.622141122818	3621.85117	1790031987257.4922
sub-1	ses-1	run-10085	0	83	34	4	19	22	37	34	37	34	left	right	2	300.2882000000682	True	True	win	31	212.2734820842743	3233.5136323	1790031598908.833	212.5777394771576	3233.8179523	1790031599213.0903	212.87802767715766	3234.1182405	1790031599513.3784	3234.3719999	213.6633973121643	3234.9035008	1790031600298.7483	3234.9035008	527.7964300570558	300.0	0.0	3021.2484638	1790031386635.3508	600.622141122818	3621.85117	1790031987257.4922
sub-1	ses-1	run-10085	0	84	34	4	20	22	37	34	37	34	left	right	2	436.81229999992865	True	True	win	31	214.66455960273743	3235.9045291	1790031601299.9106	214.96857476234436	3236.209476	1790031601603.9258	215.4053870623443	3236.6462883	1790031602040.738	3236.8992019	216.35738921165466	3237.5974213	1790031602992.7402	3237.5974213	694.6821204578143	300.0	0.0	3021.2484638	1790031386635.3508	600.622141122818	3621.85117	1790031987257.4922
sub-1	ses-1	run-10085	0	85	34	4	21	22	37	34	37	34	left	right	2	326.00670000010723	True	True	win	31	217.36022567749023	3238.6002209	1790031603995.5767	217.66448593139648	3238.9044333	1790031604299.837	217.9904926313966	3239.2304400000003	1790031604625.8435	3239.4831694	218.8302185535431	3240.0700194	1790031605465.5696	3240.0700194	582.2677032381022	300.0	0.0	3021.2484638	1790031386635.3508	600.622141122818	3621.85117	1790031987257.4922
sub-1	ses-1	run-10085	0	86	37	5	0	21	37	34	34	37	right	left	2	350.3193999999894	False	True	win	31	219.83193182945251	3241.0716873	1790031606467.2827	220.13616132736206	3241.3759325	1790031606771.5122	220.48648072736205	3241.7262519	1790031607121.8315	3241.9791158	221.3916404247284	3242.6312599	1790031608026.9915	3242.6312599	648.8003740776613	300.0	0.0	3021.2484638	1790031386635.3508	600.622141122818	3621.85117	1790031987257.4922
sub-1	ses-1	run-10085	0	87	37	5	1	21	37	34	34	37	right	left	2	413.31669999999576	False	False	loss	32	222.39285707473755	3243.6328931	1790031609028.208	222.69741559028625	3243.9370218	1790031609332.7666	223.11073229028625	3244.3503385	1790031609746.0833	3244.6058964	223.93075799942017	3245.1702891	1790031610566.109	3245.1702891	560.6713319752174	300.0	0.0	3021.2484638	1790031386635.3508	600.622141122818	3621.85117	1790031987257.4922
sub-1	ses-1	run-10085	0	88	37	5	2	21	37	34	34	37	right	left	1	369.3836000002193	True	True	win	31	224.9329149723053	3246.1728088	1790031611568.2659	225.23700976371765	3246.4768903	1790031611872.3606	225.60639336371787	3246.8462739	1790031612241.7441	3247.1012984	226.50750398635864	3247.7470006	1790031613142.855	3247.7470006	641.132344447698	300.0	0.0	3021.2484638	1790031386635.3508	600.622141122818	3621.85117	1790031987257.4922
sub-1	ses-1	run-10085	0	89	37	5	3	21	37	34	37	34	left	right	1	336.9920000000093	True	True	win	31	227.50979852676392	3248.749027	1790031614145.1494	227.8141224384308	3249.0533002	1790031614449.4734	228.1511144384308	3249.3902922	1790031614786.4653	3249.6469569	228.995947599411	3250.2351104	1790031615631.2986	3250.2351104	584.8891223977332	300.0	0.0	3021.2484638	1790031386635.3508	600.622141122818	3621.85117	1790031987257.4922
sub-1	ses-1	run-10085	0	90	37	5	4	21	37	34	34	37	right	left	1	368.7188999997488	True	True	win	31	229.9981496334076	3251.2371113	1790031616633.5005	230.3026213645935	3251.5416305	1790031616937.9724	230.67134026459325	3251.9103493999996	1790031617306.6914	3252.1652287	231.50972509384155	3252.7487632	1790031618145.076	3252.7487632	579.1277331554643	300.0	0.0	3021.2484638	1790031386635.3508	600.622141122818	3621.85117	1790031987257.4922
sub-1	ses-1	run-10085	0	91	37	5	5	21	37	34	34	37	right	left	1	343.6498000000938	True	False	loss	32	232.5114824771881	3253.75038	1790031619146.8335	232.81570768356323	3254.0546391	1790031619451.0586	233.15935748356333	3254.3982889	1790031619794.7085	3254.6527892	234.10909152030945	3255.3478744	1790031620744.4424	3255.3478744	691.693239789895	300.0	0.0	3021.2484638	1790031386635.3508	600.622141122818	3621.85117	1790031987257.4922
sub-1	ses-1	run-10085	0	92	37	5	6	21	37	34	34	37	right	left	1	352.59080000014364	True	True	win	31	235.11069130897522	3256.3493782	1790031621746.0422	235.414879322052	3256.6536455	1790031622050.2302	235.76747012205215	3257.0062363	1790031622402.821	3257.2617489	236.64736008644104	3257.8860362	1790031623282.711	3257.8860362	620.0323401436385	300.0	0.0	3021.2484638	1790031386635.3508	600.622141122818	3621.85117	1790031987257.4922
sub-1	ses-1	run-10085	0	93	37	5	7	21	37	34	34	37	right	left	1	342.34690000039336	True	False	loss	32	237.64898490905762	3258.8875124	1790031624284.336	237.9532651901245	3259.1919299	1790031624588.6162	238.2956120901249	3259.5342768000005	1790031624930.9631	3259.7905238	239.07000350952148	3260.3086363	1790031625705.3545	3260.3086363	513.2067167208631	300.0	0.0	3021.2484638	1790031386635.3508	600.622141122818	3621.85117	1790031987257.4922
sub-1	ses-1	run-10085	0	94	37	5	8	21	37	34	34	37	right	left	1	359.65680000026623	True	True	win	31	240.0720465183258	3261.310409	1790031626707.3975	240.37611269950867	3261.6146328	1790031627011.4636	240.73576949950893	3261.9742896000002	1790031627371.1204	3262.2288935	241.49735236167908	3262.7357348	1790031628132.7034	3262.7357348	502.19977732887344	300.0	0.0	3021.2484638	1790031386635.3508	600.622141122818	3621.85117	1790031987257.4922
sub-1	ses-1	run-10085	0	95	37	5	9	21	37	34	34	37	right	left	1	372.43519999992714	True	True	win	31	242.49946904182434	3263.7375959	1790031629134.82	242.80342745780945	3264.0418148	1790031629438.7783	243.17586265780938	3264.41425	1790031629811.2136	3264.6707403	244.09968376159668	3265.3378558	1790031630735.0347	3265.3378558	662.1503947916342	300.0	0.0	3021.2484638	1790031386635.3508	600.622141122818	3621.85117	1790031987257.4922
sub-1	ses-1	run-10085	0	96	37	5	10	21	37	34	34	37	right	left	1	386.46090000020195	True	False	loss	32	245.10050320625305	3266.3393802	1790031631735.8542	245.40562987327576	3266.6437784	1790031632040.9807	245.79209077327596	3267.0302393	1790031632427.4417	3267.2824614	246.6749827861786	3267.9130427	1790031633310.3337	3267.9130427	626.3499631255893	300.0	0.0	3021.2484638	1790031386635.3508	600.622141122818	3621.85117	1790031987257.4922
sub-1	ses-1	run-10085	0	97	37	5	11	21	37	34	37	34	left	right	1	723.1424999999945	True	True	win	31	247.67671537399292	3268.914672	1790031634312.0664	247.98108577728271	3269.2190414	1790031634616.4368	248.7042282772827	3269.9421839	1790031635339.5793	3270.1986473	249.5531039237976	3270.7910414	1790031636188.4548	3270.7910414	588.3992626958805	300.0	0.0	3021.2484638	1790031386635.3508	600.622141122818	3621.85117	1790031987257.4922
sub-1	ses-1	run-10085	0	98	37	5	12	21	37	34	34	37	right	left	1	348.96009999965827	True	True	win	31	250.55543303489685	3271.7932624	1790031637190.784	250.8596441745758	3272.0972862	1790031637494.995	251.20860427457546	3272.4462462999995	1790031637843.9553	3272.7006063	251.99629497528076	3273.2339813	1790031638631.646	3273.2339813	529.9792677309516	300.0	0.0	3021.2484638	1790031386635.3508	600.622141122818	3621.85117	1790031987257.4922
sub-1	ses-1	run-10085	0	99	37	5	13	21	37	34	37	34	left	right	1	336.8299999997362	True	True	win	31	252.99817562103271	3274.2365541	1790031639633.5266	253.3038308620453	3274.5414514	1790031639939.182	253.64066086204502	3274.8782813999997	1790031640276.012	3275.135101	254.57608914375305	3275.8136178	1790031641211.4402	3275.8136178	674.9578062455474	300.0	0.0	3021.2484638	1790031386635.3508	600.622141122818	3621.85117	1790031987257.4922
sub-1	ses-1	run-10085	0	100	37	5	14	21	37	34	37	34	left	right	1	334.5121000002109	True	False	loss	32	255.57800388336182	3276.8156966	1790031642213.3547	255.88234448432922	3277.1197814	1790031642517.6953	256.21685658432943	3277.4542935000004	1790031642852.2075	3277.7087446	256.98690128326416	3278.2242478	1790031643622.2522	3278.2242478	511.6129071666792	300.0	0.0	3021.2484638	1790031386635.3508	600.622141122818	3621.85117	1790031987257.4922
sub-1	ses-1	run-10085	0	101	37	5	15	21	37	34	37	34	left	right	1	348.6507000002348	True	True	win	31	257.98855662345886	3279.2258183	1790031644623.9075	258.2923023700714	3279.5295705	1790031644927.6533	258.64095307007165	3279.8782212	1790031645276.304	3280.1322043	259.5513632297516	3280.7885346	1790031646186.714	3280.7885346	652.1923252572792	300.0	0.0	3021.2484638	1790031386635.3508	600.622141122818	3621.85117	1790031987257.4922
sub-1	ses-1	run-10085	0	102	37	5	16	21	37	34	37	34	left	right	1	376.0059999999612	True	False	loss	32	260.5528202056885	3281.789863	1790031647188.1711	260.8571238517761	3282.0942203	1790031647492.4749	261.2331298517761	3282.4702263	1790031647868.481	3282.7225542	262.0117235183716	3283.2487672	1790031648647.0745	3283.2487672	522.2559514878011	300.0	0.0	3021.2484638	1790031386635.3508	600.622141122818	3621.85117	1790031987257.4922
sub-1	ses-1	run-10085	0	103	37	5	17	21	37	34	34	37	right	left	1	411.44489999987854	True	True	win	31	263.0137073993683	3284.2505805	1790031649649.0583	263.3172857761383	3284.5547802	1790031649952.6367	263.7287306761382	3284.9662251	1790031650364.0815	3285.2185278	264.5536196231842	3285.7904501	1790031651188.9705	3285.7904501	568.1616443140877	300.0	0.0	3021.2484638	1790031386635.3508	600.622141122818	3621.85117	1790031987257.4922
sub-1	ses-1	run-10085	0	104	37	5	18	21	37	34	34	37	right	left	1	374.1301999998541	True	False	loss	32	265.5546667575836	3286.7919393	1790031652190.0176	265.8594307899475	3287.0961725	1790031652494.7817	266.23356098994736	3287.4703027	1790031652868.9119	3287.7248894	267.18345403671265	3288.4201494	1790031653818.805	3288.4201494	691.2895875740805	300.0	0.0	3021.2484638	1790031386635.3508	600.622141122818	3621.85117	1790031987257.4922
sub-1	ses-1	run-10085	0	105	37	5	19	21	37	34	34	37	right	left	2	304.08440000019255	False	False	loss	32	268.18529510498047	3289.4217744	1790031654820.646	268.4896664619446	3289.7261278	1790031655125.0173	268.7937508619448	3290.0302122000003	1790031655429.1018	3290.2841932	269.6849091053009	3290.921428	1790031656320.26	3290.921428	633.5657285010681	300.0	0.0	3021.2484638	1790031386635.3508	600.622141122818	3621.85117	1790031987257.4922
sub-1	ses-1	run-10085	0	106	37	5	20	21	37	34	37	34	left	right	1	362.66139999997904	True	True	win	31	270.6858458518982	3291.9229269	1790031657321.1968	270.9910635948181	3292.2275221	1790031657626.4146	271.3537249948181	3292.5901835	1790031657989.076	3292.8458714	272.26718282699585	3293.5035534	1790031658902.5337	3293.5035534	653.6396465485725	300.0	0.0	3021.2484638	1790031386635.3508	600.622141122818	3621.85117	1790031987257.4922
sub-1	ses-1	run-10085	0	107	34	6	0	20	37	34	34	37	right	left	1	364.60829999987254	False	False	loss	32	273.2691066265106	3294.5052279	1790031659904.4575	273.5733015537262	3294.8096437	1790031660208.6526	273.93790985372607	3295.174252	1790031660573.261	3295.4280026	274.86797523498535	3296.1041531	1790031661503.3262	3296.1041531	672.6886677759827	300.0	0.0	3021.2484638	1790031386635.3508	600.622141122818	3621.85117	1790031987257.4922
sub-1	ses-1	run-10085	0	108	34	6	1	20	37	34	34	37	right	left	1	554.4248999999581	False	True	win	31	275.87100529670715	3297.1070307	1790031662506.3562	276.17566323280334	3297.4118078	1790031662811.0142	276.7300881328033	3297.9662327	1790031663365.439	3298.2207735	277.5789906978607	3298.8149935	1790031664214.3416	3298.8149935	590.6814832542146	300.0	0.0	3021.2484638	1790031386635.3508	600.622141122818	3621.85117	1790031987257.4922
sub-1	ses-1	run-10085	0	109	34	6	2	20	37	34	34	37	right	left	1	364.5800999997846	False	False	loss	32	278.5814280509949	3299.817241	1790031665216.779	278.8858528137207	3300.1216276	1790031665521.2039	279.2504329137205	3300.4862077	1790031665885.784	3300.7401422	280.065486907959	3301.3012672	1790031666700.838	3301.3012672	557.4379019369223	300.0	0.0	3021.2484638	1790031386635.3508	600.622141122818	3621.85117	1790031987257.4922
sub-1	ses-1	run-10085	0	110	34	6	3	20	37	34	37	34	left	right	1	295.4029000002265	False	False	loss	32	281.06722950935364	3302.3031101	1790031667702.5806	281.3712615966797	3302.6068831	1790031668006.6125	281.6666644966799	3302.902286	1790031668302.0154	3303.155147	282.5921859741211	3303.82779	1790031669227.5369	3303.82779	668.397081829926	300.0	0.0	3021.2484638	1790031386635.3508	600.622141122818	3621.85117	1790031987257.4922
sub-1	ses-1	run-10085	0	111	34	6	4	20	37	34	34	37	right	left	2	368.00300000004427	True	True	win	31	283.59444522857666	3304.830025	1790031670229.7961	283.89865255355835	3305.1341998	1790031670534.0034	284.2666555535584	3305.5022028	1790031670902.0063	3305.7577368	285.1710078716278	3306.4065959	1790031671806.359	3306.4065959	644.5783432715172	300.0	0.0	3021.2484638	1790031386635.3508	600.622141122818	3621.85117	1790031987257.4922
sub-1	ses-1	run-10085	0	112	34	6	5	20	37	34	37	34	left	right	2	341.58479999996416	True	True	win	31	286.17293882369995	3307.4085228	1790031672808.2898	286.47726559638977	3307.7126992	1790031673112.6165	286.81885039638973	3308.054284	1790031673454.2012	3308.3108863	287.6706244945526	3308.9059309	1790031674305.9753	3308.9059309	591.4550621853635	300.0	0.0	3021.2484638	1790031386635.3508	600.622141122818	3621.85117	1790031987257.4922
sub-1	ses-1	run-10085	0	113	34	6	6	20	37	34	34	37	right	left	2	360.87399999996705	True	True	win	31	288.6731929779053	3309.90838	1790031675308.544	288.9781699180603	3310.2133578	1790031675613.5208	289.33904391806027	3310.5742318	1790031675974.3948	3310.8276943	290.19328570365906	3311.4284743	1790031676828.6367	3311.4284743	596.9483760544981	300.0	0.0	3021.2484638	1790031386635.3508	600.622141122818	3621.85117	1790031987257.4922
sub-1	ses-1	run-10085	0	114	34	6	7	20	37	34	34	37	right	left	2	366.6333000001032	True	True	win	31	291.1962456703186	3312.4312316	1790031677831.5967	291.5005261898041	3312.735587	1790031678135.8772	291.8671594898042	3313.1022203	1790031678502.5105	3313.3596881	292.7338306903839	3313.9688879	1790031679369.1816	3313.9688879	605.6592500576303	300.0	0.0	3021.2484638	1790031386635.3508	600.622141122818	3621.85117	1790031987257.4922
sub-1	ses-1	run-10085	0	115	34	6	8	20	37	34	34	37	right	left	2	339.0068999997311	True	False	loss	32	293.73566603660583	3314.9706188	1790031680371.017	294.04005002975464	3315.2751832	1790031680675.401	294.37905692975437	3315.6141900999996	1790031681014.4077	3315.868594	295.191771030426	3316.4266576	1790031681827.122	3316.4266576	554.2133432717615	300.0	0.0	3021.2484638	1790031386635.3508	600.622141122818	3621.85117	1790031987257.4922
sub-1	ses-1	run-10085	0	116	34	6	9	20	37	34	34	37	right	left	2	384.5673999999235	True	True	win	31	296.1939914226532	3317.4287941	1790031682829.3423	296.4988260269165	3317.733597	1790031683134.177	296.8833934269164	3318.1181644	1790031683518.7444	3318.3728389	297.6466586589813	3318.8813546	1790031684282.0095	3318.8813546	504.33365433191545	300.0	0.0	3021.2484638	1790031386635.3508	600.622141122818	3621.85117	1790031987257.4922
sub-1	ses-1	run-10085	0	117	34	6	10	20	37	34	37	34	left	right	1	361.6386999997303	False	False	loss	32	298.6493284702301	3319.8838524	1790031685284.6794	298.9540448188782	3320.1885923	1790031685589.3958	299.3156835188779	3320.5502309999997	1790031685951.0344	3320.8065968	300.26509070396423	3321.4995856	1790031686900.4417	3321.4995856	688.5539933827467	300.0	0.0	3021.2484638	1790031386635.3508	600.622141122818	3621.85117	1790031987257.4922
sub-1	ses-1	run-10085	0	118	34	6	11	20	37	34	37	34	left	right	2	504.5804000001226	True	False	loss	32	301.26686930656433	3322.5011726	1790031687902.2202	301.57118129730225	3322.8056902	1790031688206.5322	302.07576169730237	3323.3102706	1790031688711.1125	3323.5653516	302.9924862384796	3324.2267774	1790031689627.8372	3324.2267774	656.3605545034831	300.0	0.0	3021.2484638	1790031386635.3508	600.622141122818	3621.85117	1790031987257.4922
sub-1	ses-1	run-10085	0	119	34	6	12	20	37	34	37	34	left	right	1	343.5193000000254	False	False	loss	32	303.99510955810547	3325.2293138	1790031690630.4604	304.3003945350647	3325.5346448	1790031690935.7454	304.6439138350647	3325.8781641	1790031691279.2646	3326.1328606	305.57121872901917	3326.8053448	1790031692206.5696	3326.8053448	668.8322749440966	300.0	0.0	3021.2484638	1790031386635.3508	600.622141122818	3621.85117	1790031987257.4922
sub-1	ses-1	run-10085	0	120	34	6	13	20	37	34	34	37	right	left	1	591.1132000001089	False	True	win	31	306.572957277298	3327.8069947	1790031693208.308	306.8769528865814	3328.1110524	1790031693512.3037	307.46806608658153	3328.7021656	1790031694103.417	3328.9552055	308.36740899086	3329.6012645	1790031695002.76	3329.6012645	641.9024146006573	300.0	0.0	3021.2484638	1790031386635.3508	600.622141122818	3621.85117	1790031987257.4922
sub-1	ses-1	run-10085	0	121	34	6	14	20	37	34	34	37	right	left	1	306.26230000007126	False	False	loss	32	309.3692317008972	3330.6037774	1790031696004.5828	309.6742217540741	3330.9079925	1790031696309.5728	309.98048405407417	3331.2142548	1790031696615.835	3331.4665277	310.7648561000824	3331.9987298	1790031697400.207	3331.9987298	528.1355952643232	300.0	0.0	3021.2484638	1790031386635.3508	600.622141122818	3621.85117	1790031987257.4922
sub-1	ses-1	run-10085	0	122	34	6	15	20	37	34	37	34	left	right	1	733.3977999996932	False	False	loss	32	311.76675176620483	3333.0005219	1790031698402.1028	312.070974111557	3333.3047718	1790031698706.325	312.8043719115567	3334.0381695999995	1790031699439.7227	3334.2941178	313.69781017303467	3334.9314992	1790031700333.1611	3334.9314992	633.3164258302756	300.0	0.0	3021.2484638	1790031386635.3508	600.622141122818	3621.85117	1790031987257.4922
sub-1	ses-1	run-10085	0	123	34	6	16	20	37	34	34	37	right	left	2	401.07110000008106	True	True	win	31	314.6994540691376	3335.9330649	1790031701334.805	315.0035984516144	3336.2372305	1790031701638.9495	315.40466955161446	3336.6383016	1790031702040.0205	3336.8907444	316.32816648483276	3337.5616872	1790031702963.5173	3337.5616872	667.8119277036776	300.0	0.0	3021.2484638	1790031386635.3508	600.622141122818	3621.85117	1790031987257.4922
sub-1	ses-1	run-10085	0	124	34	6	17	20	37	34	34	37	right	left	2	394.1551999996591	True	False	loss	32	317.33041620254517	3338.5637359	1790031703965.767	317.6346447467804	3338.8681145	1790031704269.9956	318.02879994678005	3339.2622696999997	1790031704664.151	3339.5165846	318.79146456718445	3340.0248504	1790031705426.8154	3340.0248504	504.1151618221171	300.0	0.0	3021.2484638	1790031386635.3508	600.622141122818	3621.85117	1790031987257.4922
sub-1	ses-1	run-10085	0	125	34	6	18	20	37	34	34	37	right	left	2	387.634899999739	True	True	win	31	319.79325342178345	3341.0266508	1790031706428.6042	320.09735131263733	3341.3306216	1790031706732.7021	320.48498621263707	3341.7182565	1790031707120.3372	3341.9737172	321.38070130348206	3342.6139112	1790031708016.0522	3342.6139112	636.8511287313821	300.0	0.0	3021.2484638	1790031386635.3508	600.622141122818	3621.85117	1790031987257.4922
sub-1	ses-1	run-10085	0	126	34	6	19	20	37	34	37	34	left	right	2	406.6418999996131	True	False	loss	32	322.3824853897095	3343.6155794	1790031709017.8364	322.6858491897583	3343.919567	1790031709321.2002	323.0924910897579	3344.3262088999995	1790031709727.842	3344.5828882	323.8686933517456	3345.1016407	1790031710504.0442	3345.1016407	514.7591671153486	300.0	0.0	3021.2484638	1790031386635.3508	600.622141122818	3621.85117	1790031987257.4922
sub-1	ses-1	run-10085	0	127	37	7	0	22	37	34	34	37	right	left	1	381.01870000036797	True	False	loss	32	324.8711528778076	3346.1048996	1790031711506.504	325.17620635032654	3346.4091507	1790031711811.5574	325.5572250503269	3346.7901694	1790031712192.5762	3347.0433269	326.47576999664307	3347.708642	1790031713111.1208	3347.708642	660.4741752318954	300.0	0.0	3021.2484638	1790031386635.3508	600.622141122818	3621.85117	1790031987257.4922
sub-1	ses-1	run-10085	0	128	37	7	1	22	37	34	34	37	right	left	1	375.3707000000759	True	True	win	31	327.477792263031	3348.7104913	1790031714113.1433	327.7820279598236	3349.0148259	1790031714417.379	328.1573986598237	3349.3901966	1790031714792.7495	3349.6437244	328.9152247905731	3350.1483059	1790031715550.5757	3350.1483059	500.34914164260425	300.0	0.0	3021.2484638	1790031386635.3508	600.622141122818	3621.85117	1790031987257.4922
sub-1	ses-1	run-10085	0	129	37	7	2	22	37	34	37	34	left	right	1	390.90029999988474	True	True	win	31	329.9182906150818	3351.1510504	1790031716553.6416	330.2227463722229	3351.4553601	1790031716858.0974	330.6136466722228	3351.8462603999997	1790031717248.9978	3352.0989395	331.53196907043457	3352.7644779	1790031718167.32	3352.7644779	661.3798611362085	300.0	0.0	3021.2484638	1790031386635.3508	600.622141122818	3621.85117	1790031987257.4922
sub-1	ses-1	run-10085	0	130	37	7	3	22	37	34	34	37	right	left	1	351.93389999994906	True	True	win	31	332.5336639881134	3353.7661845	1790031719169.015	332.83789825439453	3354.0703458	1790031719473.2493	333.1898321543945	3354.4222796999998	1790031719825.183	3354.6786083	334.0914993286133	3355.323862	1790031720726.8503	3355.323862	641.4034956760754	300.0	0.0	3021.2484638	1790031386635.3508	600.622141122818	3621.85117	1790031987257.4922
sub-1	ses-1	run-10085	0	131	37	7	4	22	37	34	37	34	left	right	1	400.4834999996092	True	True	win	31	335.09313440322876	3356.32575	1790031721728.4854	335.3974792957306	3356.6297701	1790031722032.8303	335.7979627957302	3357.0302535999995	1790031722433.3137	3357.2832813	336.58354783058167	3357.8157244	1790031723218.8987	3357.8157244	528.2814420785614	300.0	0.0	3021.2484638	1790031386635.3508	600.622141122818	3621.85117	1790031987257.4922
sub-1	ses-1	run-10085	0	132	37	7	5	22	37	34	37	34	left	right	1	356.5150999997968	True	True	win	31	337.58542346954346	3358.8174561	1790031724220.7744	337.889586687088	3359.1216911	1790031724524.9377	338.2461017870878	3359.4782062	1790031724881.453	3359.7349205	339.1970942020416	3360.4292227	1790031725832.445	3360.4292227	690.2121287158611	300.0	0.0	3021.2484638	1790031386635.3508	600.622141122818	3621.85117	1790031987257.4922
sub-1	ses-1	run-10085	0	133	37	7	6	22	37	34	34	37	right	left	1	350.8187000002181	True	False	loss	32	340.19792890548706	3361.4306348	1790031726833.2798	340.5029344558716	3361.7352945	1790031727138.2854	340.8537531558718	3362.0861132	1790031727489.104	3362.3382732	341.67475175857544	3362.906641	1790031728310.1028	3362.906641	564.2211372701283	300.0	0.0	3021.2484638	1790031386635.3508	600.622141122818	3621.85117	1790031987257.4922
sub-1	ses-1	run-10085	0	134	37	7	7	22	37	34	37	34	left	right	2	472.95119999989765	False	False	loss	32	342.6766610145569	3363.9091315	1790031729312.012	342.98166966438293	3364.2132655	1790031729617.0205	343.45462086438283	3364.6862167	1790031730089.9717	3364.9414156	344.3587257862091	3365.5904249	1790031730994.0767	3365.5904249	644.5448525780022	300.0	0.0	3021.2484638	1790031386635.3508	600.622141122818	3621.85117	1790031987257.4922
sub-1	ses-1	run-10085	0	135	37	7	8	22	37	34	37	34	left	right	1	398.03729999994175	True	False	loss	32	345.3596167564392	3366.591873	1790031731994.9678	345.6645269393921	3366.8961137	1790031732299.878	346.06256423939203	3367.294151	1790031732697.9153	3367.5500165	346.84420561790466	3368.0757696	1790031733479.5566	3368.0757696	521.4069726298912	300.0	0.0	3021.2484638	1790031386635.3508	600.622141122818	3621.85117	1790031987257.4922
sub-1	ses-1	run-10085	0	136	37	7	9	22	37	34	37	34	left	right	1	368.3289999999033	True	True	win	31	347.84598994255066	3369.0779621	1790031734481.3408	348.15031814575195	3369.3817511	1790031734785.6692	348.51864714575186	3369.7500801	1790031735153.9983	3370.004887	349.4374601840973	3370.6686661	1790031736072.811	3370.6686661	659.5832455366893	300.0	0.0	3021.2484638	1790031386635.3508	600.622141122818	3621.85117	1790031987257.4922
sub-1	ses-1	run-10085	0	137	37	7	10	22	37	34	37	34	left	right	1	430.78430000014123	True	True	win	31	350.4397258758545	3371.6708667	1790031737075.077	350.744234085083	3371.9753544	1790031737379.585	351.17501838508315	3372.4061387	1790031737810.3691	3372.6586514	351.9569938182831	3373.1881969	1790031738592.3447	3373.1881969	525.4742146878433	300.0	0.0	3021.2484638	1790031386635.3508	600.622141122818	3621.85117	1790031987257.4922
sub-1	ses-1	run-10085	0	138	37	7	11	22	37	34	34	37	right	left	1	327.8599000000213	True	True	win	31	352.95870065689087	3374.1898059	1790031739594.0515	353.26313757896423	3374.4942386	1790031739898.4885	353.59099747896425	3374.8220985	1790031740226.3484	3375.0772059	354.39196252822876	3375.6233955	1790031741027.3135	3375.6233955	542.2745907417249	300.0	0.0	3021.2484638	1790031386635.3508	600.622141122818	3621.85117	1790031987257.4922
sub-1	ses-1	run-10085	0	139	37	7	12	22	37	34	37	34	left	right	1	388.36200000014287	True	False	loss	32	355.39444851875305	3376.6255232	1790031742029.7996	355.69879126548767	3376.9297238	1790031742334.142	356.0871532654878	3377.3180858	1790031742722.5042	3377.5731938	356.97473526000977	3378.2056109	1790031743610.0862	3378.2056109	628.7818184852327	300.0	0.0	3021.2484638	1790031386635.3508	600.622141122818	3621.85117	1790031987257.4922
sub-1	ses-1	run-10085	0	140	37	7	13	22	37	34	34	37	right	left	1	374.15729999975156	True	True	win	31	357.97646021842957	3379.207175	1790031744611.8113	358.28098917007446	3379.5118975	1790031744916.34	358.6551464700742	3379.8860548	1790031745290.4973	3380.1399884	359.4507739543915	3380.6815546	1790031746086.125	3380.6815546	537.5962924140854	300.0	0.0	3021.2484638	1790031386635.3508	600.622141122818	3621.85117	1790031987257.4922
sub-1	ses-1	run-10085	0	141	37	7	14	22	37	34	34	37	right	left	1	353.04980000000796	True	True	win	31	360.45343375205994	3381.6845043	1790031747088.7847	360.75837755203247	3381.9890047	1790031747393.7285	361.1114273520325	3382.3420545	1790031747746.7783	3382.5971378	361.8768644332886	3383.1074234	1790031748512.2153	3383.1074234	506.43998989931924	300.0	0.0	3021.2484638	1790031386635.3508	600.622141122818	3621.85117	1790031987257.4922
sub-1	ses-1	run-10085	0	142	37	7	15	22	37	34	34	37	right	left	1	351.5376999998807	True	True	win	31	362.87938928604126	3384.1099841	1790031749514.7402	363.18408465385437	3384.4145262	1790031749819.4355	363.53562235385425	3384.7660639	1790031750170.9731	3385.0226377	364.3202311992645	3385.550653	1790031750955.582	3385.550653	523.8534399607294	300.0	0.0	3021.2484638	1790031386635.3508	600.622141122818	3621.85117	1790031987257.4922
sub-1	ses-1	run-10085	0	143	37	7	16	22	37	34	34	37	right	left	1	317.8735000001325	True	True	win	31	365.32144808769226	3386.5521793	1790031751956.799	365.6258580684662	3386.8562004	1790031752261.209	365.9437315684663	3387.1740739	1790031752579.0825	3387.4291394	366.73508954048157	3387.9653546	1790031753370.4404	3387.9653546	532.5581568574867	300.0	0.0	3021.2484638	1790031386635.3508	600.622141122818	3621.85117	1790031987257.4922
sub-1	ses-1	run-10085	0	144	37	7	17	22	37	34	34	37	right	left	1	373.80750000011176	True	True	win	31	367.7371153831482	3388.9677559	1790031754372.4663	368.04211163520813	3389.2722735	1790031754677.4626	368.41591913520824	3389.6460810000003	1790031755051.2703	3389.9004631	369.21934390068054	3390.449412	1790031755854.6948	3390.449412	544.4573124660345	300.0	0.0	3021.2484638	1790031386635.3508	600.622141122818	3621.85117	1790031987257.4922
sub-1	ses-1	run-10085	0	145	37	7	18	22	37	34	34	37	right	left	1	378.9209999999912	True	True	win	31	370.2201383113861	3391.4509395	1790031756855.4893	370.5251479148865	3391.7551276	1790031757160.4988	370.90406891488647	3392.1340486	1790031757539.4197	3392.3887161	371.8511176109314	3393.0810066	1790031758486.4685	3393.0810066	688.6841111098498	300.0	0.0	3021.2484638	1790031386635.3508	600.622141122818	3621.85117	1790031987257.4922
sub-1	ses-1	run-10085	0	146	37	7	19	22	37	34	34	37	right	left	1	467.4340999999913	True	True	win	31	372.85202980041504	3394.0826057	1790031759487.3809	373.15684056282043	3394.3866505	1790031759792.1914	373.6242746628204	3394.8540846	1790031760259.6255	3395.1095319	374.54704666137695	3395.7767361	1790031761182.3977	3395.7767361	663.4333901458746	300.0	0.0	3021.2484638	1790031386635.3508	600.622141122818	3621.85117	1790031987257.4922
sub-1	ses-1	run-10085	0	147	37	7	20	22	37	34	34	37	right	left	1	340.56630000031873	True	True	win	31	375.54786920547485	3396.7782871	1790031762183.2202	375.8521366119385	3397.0817464	1790031762487.4875	376.1927029119388	3397.4223127000005	1790031762828.054	3397.6752319	376.9985730648041	3398.2286314	1790031763633.924	3398.2286314	548.5406666951537	300.0	0.0	3021.2484638	1790031386635.3508	600.622141122818	3621.85117	1790031987257.4922
sub-1	ses-1	run-10085	0	148	37	7	21	22	37	34	37	34	left	right	1	431.95479999985764	True	True	win	31	378.0003066062927	3399.2297063	1790031764635.6575	378.30468463897705	3399.5341168	1790031764940.0356	378.7366394389769	3399.9660716	1790031765371.9905	3400.2235394	379.53050470352173	3400.7599476	1790031766165.8557	3400.7599476	532.5085906705411	300.0	0.0	3021.2484638	1790031386635.3508	600.622141122818	3621.85117	1790031987257.4922
sub-1	ses-1	run-10085	0	149	34	8	0	22	37	34	37	34	left	right	1	340.43689999998605	False	True	win	31	380.53177976608276	3401.7612237	1790031767167.1306	380.8363163471222	3402.0656329	1790031767471.6672	381.1767532471222	3402.4060698	1790031767812.1042	3402.6595308	382.0566158294678	3403.2862911	1790031768691.9668	3403.2862911	622.7471662102499	300.0	0.0	3021.2484638	1790031386635.3508	600.622141122818	3621.85117	1790031987257.4922
sub-1	ses-1	run-10085	0	150	34	8	1	22	37	34	34	37	right	left	1	406.005499999992	False	False	loss	32	383.05751276016235	3404.2874876	1790031769692.8638	383.36278438568115	3404.5920351	1790031769998.1353	383.76878988568114	3404.9980406	1790031770404.1409	3405.250708	384.5657215118408	3405.7947903	1790031771201.0725	3405.7947903	540.8940866722127	300.0	0.0	3021.2484638	1790031386635.3508	600.622141122818	3621.85117	1790031987257.4922
sub-1	ses-1	run-10085	0	151	34	8	2	22	37	34	37	34	left	right	2	344.40349999977116	True	False	loss	32	385.5683844089508	3406.7974937	1790031772203.7354	385.87265157699585	3407.1016472	1790031772508.0024	386.2170550769956	3407.4460507	1790031772852.406	3407.7005845	387.04961347579956	3408.2785352	1790031773684.9644	3408.2785352	573.0301132116124	300.0	0.0	3021.2484638	1790031386635.3508	600.622141122818	3621.85117	1790031987257.4922
sub-1	ses-1	run-10085	0	152	34	8	3	22	37	34	34	37	right	left	1	365.1382000002741	False	False	loss	32	388.05188155174255	3409.2806953	1790031774687.2324	388.3559560775757	3409.5848806	1790031774991.3071	388.72109427757596	3409.9500188	1790031775356.4453	3410.2034009	389.6403090953827	3410.8696315	1790031776275.6602	3410.8696315	662.0586277311086	300.0	0.0	3021.2484638	1790031386635.3508	600.622141122818	3621.85117	1790031987257.4922
sub-1	ses-1	run-10085	0	153	34	8	4	22	37	34	34	37	right	left	1	326.8644999998287	False	False	loss	32	390.6423144340515	3411.8711812	1790031777277.6653	390.9462583065033	3412.1752144	1790031777581.6091	391.2731228065031	3412.5020789	1790031777908.4736	3412.7591875	392.1416184902191	3413.3706093	1790031778776.9695	3413.3706093	607.4492141406004	300.0	0.0	3021.2484638	1790031386635.3508	600.622141122818	3621.85117	1790031987257.4922
sub-1	ses-1	run-10085	0	154	34	8	5	22	37	34	34	37	right	left	2	529.0649999997186	True	True	win	31	393.1439082622528	3414.3727408	1790031779779.2593	393.4480445384979	3414.6769701	1790031780083.3955	393.97710953849764	3415.2060350999996	1790031780612.4604	3415.4606644	394.79805040359497	3416.0269359	1790031781433.4014	3416.0269359	562.3989964023468	300.0	0.0	3021.2484638	1790031386635.3508	600.622141122818	3621.85117	1790031987257.4922
sub-1	ses-1	run-10085	0	155	34	8	6	22	37	34	34	37	right	left	2	369.3699000000379	True	True	win	31	395.79970622062683	3417.0285692	1790031782435.0571	396.10391569137573	3417.3327821	1790031782739.2666	396.47328559137577	3417.702152	1790031783108.6365	3417.9566845	397.35214710235596	3418.5810365	1790031783987.498	3418.5810365	620.0336335215234	300.0	0.0	3021.2484638	1790031386635.3508	600.622141122818	3621.85117	1790031987257.4922
sub-1	ses-1	run-10085	0	156	34	8	7	22	37	34	34	37	right	left	2	319.1506000002846	True	True	win	31	398.3538897037506	3419.5827401	1790031784989.2407	398.6578278541565	3419.886887	1790031785293.1787	398.9769784541568	3420.2060376000004	1790031785612.3293	3420.46013	399.8345820903778	3421.063525	1790031786469.933	3421.063525	599.4437898519241	300.0	0.0	3021.2484638	1790031386635.3508	600.622141122818	3621.85117	1790031987257.4922
sub-1	ses-1	run-10085	0	157	34	8	8	22	37	34	37	34	left	right	2	380.3219999999783	True	True	win	31	400.83657336235046	3422.0656589	1790031787471.9243	401.1409378051758	3422.3698269	1790031787776.2888	401.52125980517576	3422.7501489	1790031788156.6108	3423.004174	402.4165852069855	3423.6455062	1790031789051.936	3423.6455062	636.0133308526418	300.0	0.0	3021.2484638	1790031386635.3508	600.622141122818	3621.85117	1790031987257.4922
sub-1	ses-1	run-10085	0	158	34	8	9	22	37	34	34	37	right	left	2	374.4793999999274	True	True	win	31	403.41746282577515	3424.6470821	1790031790052.8137	403.72285628318787	3424.9516378	1790031790358.2073	404.0973356831878	3425.3261171999998	1790031790732.6868	3425.580557	405.0461585521698	3426.2751527	1790031791681.5095	3426.2751527	690.2002986922087	300.0	0.0	3021.2484638	1790031386635.3508	600.622141122818	3621.85117	1790031987257.4922
sub-1	ses-1	run-10085	0	159	34	8	10	22	37	34	34	37	right	left	2	360.1072000001295	True	True	win	31	406.0486602783203	3427.277482	1790031792684.0112	406.35317754745483	3427.5819911	1790031792988.5286	406.71328474745496	3427.9420983	1790031793348.6357	3428.196189	407.59471440315247	3428.8236326	1790031794230.0654	3428.8236326	623.6928775195757	300.0	0.0	3021.2484638	1790031386635.3508	600.622141122818	3621.85117	1790031987257.4922
sub-1	ses-1	run-10085	0	160	34	8	11	22	37	34	37	34	left	right	2	372.2499999998945	True	False	loss	32	408.5964629650116	3429.8252556	1790031795231.814	408.9010651111603	3430.129862	1790031795536.416	409.2733151111602	3430.5021119999997	1790031795908.666	3430.7582835	410.0733802318573	3431.3022659	1790031796708.7312	3431.3022659	539.3899122525016	300.0	0.0	3021.2484638	1790031386635.3508	600.622141122818	3621.85117	1790031987257.4922
sub-1	ses-1	run-10085	0	161	34	8	12	22	37	34	34	37	right	left	2	380.4210000002968	True	False	loss	32	411.0752646923065	3432.3045882	1790031797710.6157	411.3805389404297	3432.6095582	1790031798015.89	411.76095994043	3432.9899792	1790031798396.3108	3433.242788	412.61202597618103	3433.840914	1790031799247.377	3433.840914	593.1615591374475	300.0	0.0	3021.2484638	1790031386635.3508	600.622141122818	3621.85117	1790031987257.4922
sub-1	ses-1	run-10085	0	162	34	8	13	22	37	34	37	34	left	right	1	450.4240999999638	False	True	win	31	413.6139187812805	3434.8432804	1790031800249.2698	413.91868710517883	3435.1476266	1790031800554.038	414.3691112051788	3435.5980507	1790031801004.4622	3435.8510577	415.1982910633087	3436.4277145	1790031801833.642	3436.4277145	572.1351883145871	300.0	0.0	3021.2484638	1790031386635.3508	600.622141122818	3621.85117	1790031987257.4922
sub-1	ses-1	run-10085	0	163	34	8	14	22	37	34	37	34	left	right	1	384.7264000000905	False	False	loss	32	416.2004749774933	3437.4292619	1790031802835.826	416.5044643878937	3437.7332895	1790031803139.8154	416.88919078789377	3438.1180159	1790031803524.5417	3438.3720742	417.7706263065338	3438.999445	1790031804405.9773	3438.999445	623.7575018498796	300.0	0.0	3021.2484638	1790031386635.3508	600.622141122818	3621.85117	1790031987257.4922
sub-1	ses-1	run-10085	0	164	34	8	15	22	37	34	34	37	right	left	1	356.4322000001994	False	True	win	31	418.7719066143036	3440.0012991	1790031805407.2576	419.07677817344666	3440.3057191	1790031805712.1292	419.43321037344685	3440.6621513	1790031806068.5613	3440.9143442	420.21040296554565	3441.4398144	1790031806845.754	3441.4398144	521.8019226265028	300.0	0.0	3021.2484638	1790031386635.3508	600.622141122818	3621.85117	1790031987257.4922
sub-1	ses-1	run-10085	0	165	34	8	16	22	37	34	34	37	right	left	1	404.2057999999997	False	False	loss	32	421.2126114368439	3442.4413132	1790031807847.9624	421.5170314311981	3442.7458986	1790031808152.3823	421.9212372311981	3443.1501044	1790031808556.5881	3443.4046185	422.77974152565	3444.0086108	1790031809415.0925	3444.0086108	600.7357415914803	300.0	0.0	3021.2484638	1790031386635.3508	600.622141122818	3621.85117	1790031987257.4922
sub-1	ses-1	run-10085	0	166	34	8	17	22	37	34	37	34	left	right	2	354.12440000027345	True	False	loss	32	423.78130316734314	3445.0108525	1790031810416.654	424.0869975090027	3445.3158931	1790031810722.3484	424.44112190900296	3445.6700175	1790031811076.473	3445.9242659	425.352578163147	3446.5813888	1790031811987.9292	3446.5813888	653.508518598591	300.0	0.0	3021.2484638	1790031386635.3508	600.622141122818	3621.85117	1790031987257.4922
sub-1	ses-1	run-10085	0	167	34	8	18	22	37	34	34	37	right	left	1	365.6604999996489	False	False	loss	32	426.35527086257935	3447.5841075	1790031812990.6218	426.65953850746155	3447.8885143	1790031813294.8894	427.0251990074612	3448.2541748	1790031813660.5498	3448.5074485	427.8117141723633	3449.0405831	1790031814447.0652	3449.0405831	529.1474429975385	300.0	0.0	3021.2484638	1790031386635.3508	600.622141122818	3621.85117	1790031987257.4922
sub-1	ses-1	run-10085	0	168	34	8	19	22	37	34	34	37	right	left	1	419.7668000001613	False	False	loss	32	428.8128504753113	3450.0423923	1790031815448.2014	429.1170241832733	3450.3463048	1790031815752.3752	429.5367909832735	3450.7660716	1790031816172.142	3451.0198795	430.33915972709656	3451.5680911	1790031816974.5107	3451.5680911	544.1651892690129	300.0	0.0	3021.2484638	1790031386635.3508	600.622141122818	3621.85117	1790031987257.4922
sub-1	ses-1	run-10085	0	169	34	8	20	22	37	34	37	34	left	right	2	540.2807999998913	True	True	win	31	431.3406879901886	3452.5694728	1790031817976.0388	431.64514923095703	3452.8738724	1790031818280.5002	432.1854300309569	3453.4141532	1790031818820.781	3453.6677478	433.071444272995	3454.3007682	1790031819706.7952	3454.3007682	628.1027142821947	300.0	0.0	3021.2484638	1790031386635.3508	600.622141122818	3621.85117	1790031987257.4922
sub-1	ses-1	run-10085	0	170	34	8	21	22	37	34	37	34	left	right	2	391.7197999999189	True	False	loss	32	434.0731496810913	3455.3021016	1790031820708.5007	434.3774607181549	3455.6063625	1790031821012.8118	434.7691805181548	3455.9980823	1790031821404.5315	3456.254521	435.7178862094879	3456.946752	1790031822353.237	3456.946752	688.2196714400069	300.0	0.0	3021.2484638	1790031386635.3508	600.622141122818	3621.85117	1790031987257.4922
sub-1	ses-1	run-10085	0	171	37	9	0	23	37	34	34	37	right	left	2	433.13539999962813	False	False	loss	32	436.71992015838623	3457.9488746	1790031823355.271	437.0240943431854	3458.2529894	1790031823659.4453	437.45722974318505	3458.6861247999996	1790031824092.5808	3458.9416839	438.41303300857544	3459.6420792	1790031825048.384	3459.6420792	696.9854603851009	300.0	0.0	3021.2484638	1790031386635.3508	600.622141122818	3621.85117	1790031987257.4922
sub-1	ses-1	run-10085	0	172	37	9	1	23	37	34	37	34	left	right	2	418.5488000002806	False	False	loss	32	439.4145781993866	3460.6434551	1790031826049.9292	439.71874165534973	3460.9475249	1790031826354.0925	440.13729045535	3461.3660737000005	1790031826772.6414	3461.6208679	441.0866918563843	3462.3153991	1790031827722.0427	3462.3153991	690.6600844021566	300.0	0.0	3021.2484638	1790031386635.3508	600.622141122818	3621.85117	1790031987257.4922
sub-1	ses-1	run-10085	0	173	37	9	2	23	37	34	37	34	left	right	1	352.2928000002139	True	True	win	31	442.0875861644745	3463.3171582	1790031828722.937	442.39294934272766	3463.6218082	1790031829028.3003	442.7452421427279	3463.9741010000002	1790031829380.593	3464.2295362	443.5361738204956	3464.7650511	1790031830171.5247	3464.7650511	531.7336562614479	300.0	0.0	3021.2484638	1790031386635.3508	600.622141122818	3621.85117	1790031987257.4922
sub-1	ses-1	run-10085	0	174	37	9	3	23	37	34	37	34	left	right	1	335.18820000017513	True	True	win	31	444.5379424095154	3465.7667356	1790031831173.2935	444.84215569496155	3466.0709422	1790031831477.5066	445.1773438949617	3466.4061304	1790031831812.6948	3466.6595498	445.9586372375488	3467.1875245	1790031832593.9883	3467.1875245	524.4688643555637	300.0	0.0	3021.2484638	1790031386635.3508	600.622141122818	3621.85117	1790031987257.4922
sub-1	ses-1	run-10085	0	175	37	9	4	23	37	34	34	37	right	left	1	416.7317000001276	True	False	loss	32	446.9601845741272	3468.1891231	1790031833595.5354	447.26453852653503	3468.4932462	1790031833899.8894	447.68127022653516	3468.9099779000003	1790031834316.621	3469.1667242	448.62207412719727	3469.8509598	1790031835257.425	3469.8509598	680.3763829813854	300.0	0.0	3021.2484638	1790031386635.3508	600.622141122818	3621.85117	1790031987257.4922
sub-1	ses-1	run-10085	0	176	37	9	5	23	37	34	37	34	left	right	2	384.7442000001138	False	False	loss	32	449.62404799461365	3470.8528633	1790031836259.399	449.9284636974335	3471.157339	1790031836563.8147	450.3132078974336	3471.5420832	1790031836948.5588	3471.7956477	451.147390127182	3472.3766417	1790031837782.741	3472.3766417	576.7485801375673	300.0	0.0	3021.2484638	1790031386635.3508	600.622141122818	3621.85117	1790031987257.4922
sub-1	ses-1	run-10085	0	177	37	9	6	23	37	34	37	34	left	right	1	315.949300000284	True	True	win	31	452.14919924736023	3473.3779606	1790031838784.5503	452.453387260437	3473.6821433	1790031839088.7383	452.7693365604373	3473.9980926000003	1790031839404.6875	3474.2502287	453.7125747203827	3474.9415377	1790031840347.9258	3474.9415377	687.0390710934738	300.0	0.0	3021.2484638	1790031386635.3508	600.622141122818	3621.85117	1790031987257.4922
sub-1	ses-1	run-10085	0	178	37	9	7	23	37	34	34	37	right	left	1	485.7121999998526	True	True	win	31	454.71538615226746	3475.9442828	1790031841350.737	455.0189096927643	3476.2483355	1790031841654.2607	455.50462189276413	3476.7340477	1790031842139.973	3476.9879077	456.42261838912964	3477.652105	1790031843057.9692	3477.652105	660.1258095828925	300.0	0.0	3021.2484638	1790031386635.3508	600.622141122818	3621.85117	1790031987257.4922
sub-1	ses-1	run-10085	0	179	37	9	8	23	37	34	34	37	right	left	1	384.4965000002958	True	True	win	31	457.4243597984314	3478.6530622	1790031844059.7107	457.72900795936584	3478.9576973	1790031844364.359	458.11350445936614	3479.3421938	1790031844748.8555	3479.5969717	458.8873553276062	3480.1162129	1790031845522.7063	3480.1162129	515.9241561226496	300.0	0.0	3021.2484638	1790031386635.3508	600.622141122818	3621.85117	1790031987257.4922
sub-1	ses-1	run-10085	0	180	37	9	9	23	37	34	37	34	left	right	1	496.11060000006546	True	True	win	31	459.8879044055939	3481.1174634	1790031846523.2554	460.19303846359253	3481.4218906	1790031846828.3894	460.6891490635926	3481.9180012	1790031847324.5	3482.1706312	461.49597358703613	3482.7248306	1790031848131.3245	3482.7248306	550.7269483466524	300.0	0.0	3021.2484638	1790031386635.3508	600.622141122818	3621.85117	1790031987257.4922
sub-1	ses-1	run-10085	0	181	37	9	10	23	37	34	37	34	left	right	1	383.2319000002826	True	True	win	31	462.4977114200592	3483.7266195	1790031849133.0623	462.8018367290497	3484.0306916	1790031849437.1877	463.18506862904997	3484.4139235000002	1790031849820.4197	3484.6687946	464.03023624420166	3485.259049	1790031850665.5872	3485.259049	586.2653940473638	300.0	0.0	3021.2484638	1790031386635.3508	600.622141122818	3621.85117	1790031987257.4922
sub-1	ses-1	run-10085	0	182	37	9	11	23	37	34	34	37	right	left	1	496.00539999983084	True	False	loss	32	465.0329370498657	3486.2617465	1790031851668.288	465.3371262550354	3486.5659462	1790031851972.4773	465.83313165503523	3487.0619515999997	1790031852468.4827	3487.3150408	466.6494925022125	3487.8783544	1790031853284.8435	3487.8783544	559.0016615144939	300.0	0.0	3021.2484638	1790031386635.3508	600.622141122818	3621.85117	1790031987257.4922
sub-1	ses-1	run-10085	0	183	37	9	12	23	37	34	37	34	left	right	1	381.68839999980264	True	True	win	31	467.65090775489807	3488.8796371	1790031854286.2588	467.95544600486755	3489.184282	1790031854590.7969	468.33713440486736	3489.5659704	1790031854972.4854	3489.8235425	469.1949944496155	3490.4238649	1790031855830.3455	3490.4238649	596.9264812831698	300.0	0.0	3021.2484638	1790031386635.3508	600.622141122818	3621.85117	1790031987257.4922
sub-1	ses-1	run-10085	0	184	37	9	13	23	37	34	37	34	left	right	1	355.5790000000343	True	True	win	31	470.19659757614136	3491.425698	1790031856831.9485	470.5011696815491	3491.7303859	1790031857136.5205	470.8567486815491	3492.0859649	1790031857492.0996	3492.3387032	471.69857954978943	3492.9274007	1790031858333.9304	3492.9274007	584.6201296906701	300.0	0.0	3021.2484638	1790031386635.3508	600.622141122818	3621.85117	1790031987257.4922
sub-1	ses-1	run-10085	0	185	37	9	14	23	37	34	34	37	right	left	1	412.20890000022337	True	True	win	31	472.70070338249207	3493.9295963	1790031859336.0544	473.0048806667328	3494.2336961	1790031859640.2317	473.417089566733	3494.6459050000003	1790031860052.4407	3494.9021949	474.31239771842957	3495.5412546	1790031860947.7488	3495.5412546	634.9591170472729	300.0	0.0	3021.2484638	1790031386635.3508	600.622141122818	3621.85117	1790031987257.4922
sub-1	ses-1	run-10085	0	186	37	9	15	23	37	34	37	34	left	right	1	342.5601999997525	True	True	win	31	475.3144357204437	3496.5433815	1790031861949.7866	475.6186320781708	3496.8473554	1790031862253.983	475.96119227817053	3497.1899156	1790031862596.5432	3497.4457097	476.78716802597046	3498.0159869	1790031863422.519	3498.0159869	566.2950659986379	300.0	0.0	3021.2484638	1790031386635.3508	600.622141122818	3621.85117	1790031987257.4922
sub-1	ses-1	run-10085	0	187	37	9	16	23	37	34	37	34	left	right	1	380.0640000004023	True	False	loss	32	477.7888090610504	3499.0175986	1790031864424.16	478.09299087524414	3499.3218411	1790031864728.3418	478.47305487524454	3499.7019051	1790031865108.4058	3499.9552677	479.24945878982544	3500.4783066	1790031865884.8098	3500.4783066	519.1404075542345	300.0	0.0	3021.2484638	1790031386635.3508	600.622141122818	3621.85117	1790031987257.4922
sub-1	ses-1	run-10085	0	188	37	9	17	23	37	34	34	37	right	left	2	388.7021000000459	False	False	loss	32	480.2519540786743	3501.4808805	1790031866887.305	480.55645179748535	3501.7852663	1790031867191.8027	480.9451538974854	3502.1739684	1790031867580.505	3502.4289779	481.75727105140686	3502.9860999	1790031868392.622	3502.9860999	553.3929723475002	300.0	0.0	3021.2484638	1790031386635.3508	600.622141122818	3621.85117	1790031987257.4922
sub-1	ses-1	run-10085	0	189	37	9	18	23	37	34	34	37	right	left	1	769.5605999997497	True	True	win	31	482.75810980796814	3503.9875183	1790031869393.4607	483.06354689598083	3504.2923714	1790031869698.898	483.8331074959806	3505.0619319999996	1790031870468.4585	3505.3173383	484.6790282726288	3505.9078695	1790031871314.3792	3505.9078695	586.5815775862679	300.0	0.0	3021.2484638	1790031386635.3508	600.622141122818	3621.85117	1790031987257.4922
sub-1	ses-1	run-10085	0	190	37	9	19	23	37	34	34	37	right	left	1	487.24300000003495	True	True	win	31	485.68146085739136	3506.9101269	1790031872316.8118	485.98585510253906	3507.2146791	1790031872621.206	486.4730981025391	3507.7019221	1790031873108.449	3507.9590819	487.37555289268494	3508.6043709	1790031874010.9038	3508.6043709	641.104459466415	300.0	0.0	3021.2484638	1790031386635.3508	600.622141122818	3621.85117	1790031987257.4922
sub-1	ses-1	run-10085	0	191	37	9	20	23	37	34	37	34	left	right	1	375.80690000004324	True	True	win	31	488.377165555954	3509.6060871	1790031875012.5166	488.68143606185913	3509.9101474	1790031875316.787	489.0572429618592	3510.2859543	1790031875692.594	3510.5393665	489.8470768928528	3511.0759632	1790031876482.4277	3511.0759632	532.0595139353669	300.0	0.0	3021.2484638	1790031386635.3508	600.622141122818	3621.85117	1790031987257.4922
sub-1	ses-1	run-10085	0	192	37	9	21	23	37	34	34	37	right	left	1	335.1773999997931	True	True	win	31	490.8495581150055	3512.0782823	1790031877484.9092	491.154034614563	3512.3827743	1790031877789.3855	491.4892120145628	3512.7179517	1790031878124.563	3512.9708256	492.4461350440979	3513.6749794	1790031879081.486	3513.6749794	699.6052278480109	300.0	0.0	3021.2484638	1790031386635.3508	600.622141122818	3621.85117	1790031987257.4922
sub-1	ses-1	run-10085	0	193	37	9	22	23	37	34	34	37	right	left	1	376.73039999981484	True	True	win	31	493.44804334640503	3514.6767943	1790031880083.3943	493.75241351127625	3514.9812977	1790031880387.7644	494.12914391127606	3515.3580281	1790031880764.4949	3515.6155686	495.006201505661	3516.235788	1790031881641.5525	3516.235788	616.6841175251142	300.0	0.0	3021.2484638	1790031386635.3508	600.622141122818	3621.85117	1790031987257.4922
sub-1	ses-1	run-10085	0	194	34	10	0	21	37	34	37	34	left	right	1	335.0860999998986	False	False	loss	32	496.00982093811035	3517.2384911	1790031882645.1719	496.3140468597412	3517.5428557	1790031882949.3977	496.6491329597411	3517.8779418	1790031883284.484	3518.1316563	497.49032282829285	3518.7191029	1790031884125.6738	3518.7191029	583.285904197688	300.0	0.0	3021.2484638	1790031386635.3508	600.622141122818	3621.85117	1790031987257.4922
sub-1	ses-1	run-10085	0	195	34	10	1	21	37	34	34	37	right	left	1	364.5507999999609	False	False	loss	32	498.4920868873596	3519.7208365	1790031885127.4377	498.7965006828308	3520.0253721	1790031885431.8516	499.16105148283077	3520.3899229	1790031885796.4023	3520.6434796	500.0814244747162	3521.3108248	1790031886716.7754	3521.3108248	663.9556042111177	300.0	0.0	3021.2484638	1790031386635.3508	600.622141122818	3621.85117	1790031987257.4922
sub-1	ses-1	run-10085	0	196	34	10	2	21	37	34	34	37	right	left	2	348.4752999997909	True	True	win	31	501.08425855636597	3522.3131219	1790031887719.6096	501.38858938217163	3522.6174855	1790031888023.9404	501.7370646821714	3522.9659607999997	1790031888372.4158	3523.2211078	502.6251046657562	3523.8540101	1790031889260.4556	3523.8540101	628.8669954179267	300.0	0.0	3021.2484638	1790031386635.3508	600.622141122818	3621.85117	1790031987257.4922
sub-1	ses-1	run-10085	0	197	34	10	3	21	37	34	37	34	left	right	2	382.26339999982883	True	True	win	31	503.62670063972473	3524.8553977	1790031890262.0515	503.9309813976288	3525.159756	1790031890566.3323	504.3132447976286	3525.5420194	1790031890948.5957	3525.7983034	505.22738122940063	3526.4562175	1790031891862.7322	3526.4562175	654.8142879173608	300.0	0.0	3021.2484638	1790031386635.3508	600.622141122818	3621.85117	1790031987257.4922
sub-1	ses-1	run-10085	0	198	34	10	4	21	37	34	37	34	left	right	2	396.03660000011587	True	False	loss	32	506.22883200645447	3527.4575471	1790031892864.1829	506.53309750556946	3527.7619125	1790031893168.4485	506.9291341055696	3528.1579491	1790031893564.485	3528.4103244	507.8075737953186	3529.0365532	1790031894442.9248	3529.0365532	622.8855536132814	300.0	0.0	3021.2484638	1790031386635.3508	600.622141122818	3621.85117	1790031987257.4922
sub-1	ses-1	run-10085	0	199	34	10	5	21	37	34	34	37	right	left	1	519.2704999999478	False	True	win	31	508.8085594177246	3530.0380446	1790031895443.9104	509.1138517856598	3530.342647	1790031895749.2026	509.63312228565974	3530.8619175	1790031896268.4731	3531.1163133	510.3987557888031	3531.6275681	1790031897034.1067	3531.6275681	507.74705701711895	300.0	0.0	3021.2484638	1790031386635.3508	600.622141122818	3621.85117	1790031987257.4922
sub-1	ses-1	run-10085	0	200	34	10	6	21	37	34	34	37	right	left	1	400.5296999998791	False	False	loss	32	511.40034437179565	3532.6290562	1790031898035.6953	511.7045228481293	3532.93335	1790031898339.8738	512.1050525481292	3533.3338796999997	1790031898740.4036	3533.5869401	512.984564781189	3534.2133983	1790031899619.9158	3534.2133983	622.6303458587508	300.0	0.0	3021.2484638	1790031386635.3508	600.622141122818	3621.85117	1790031987257.4922
sub-1	ses-1	run-10085	0	201	34	10	7	21	37	34	34	37	right	left	1	389.98780000019906	False	True	win	31	513.9866614341736	3535.2155413	1790031900622.0125	514.2911622524261	3535.5199325	1790031900926.5132	514.6811500524263	3535.9099203	1790031901316.501	3536.1635296	515.517730474472	3536.7469031	1790031902153.0813	3536.7469031	579.4710983055645	300.0	0.0	3021.2484638	1790031386635.3508	600.622141122818	3621.85117	1790031987257.4922
sub-1	ses-1	run-10085	0	202	34	10	8	21	37	34	34	37	right	left	1	368.05069999991247	False	False	loss	32	516.5199384689331	3537.7488625	1790031903155.2893	516.8250317573547	3538.0538437	1790031903460.3828	517.1930824573546	3538.4218944	1790031903828.4336	3538.6772144	518.1284966468811	3539.3573025	1790031904763.8477	3539.3573025	675.3041214492245	300.0	0.0	3021.2484638	1790031386635.3508	600.622141122818	3621.85117	1790031987257.4922
sub-1	ses-1	run-10085	0	203	34	10	9	21	37	34	34	37	right	left	1	301.8546999996943	False	False	loss	32	519.130040884018	3540.3590926	1790031905765.3918	519.435124874115	3540.6640937	1790031906070.4758	519.7369795741147	3540.9659484	1790031906372.3306	3541.2223163	520.5386407375336	3541.7674204	1790031907173.9917	3541.7674204	540.2439441866692	300.0	0.0	3021.2484638	1790031386635.3508	600.622141122818	3621.85117	1790031987257.4922
sub-1	ses-1	run-10085	0	204	34	10	10	21	37	34	34	37	right	left	2	380.27139999985593	True	False	loss	32	521.5394933223724	3542.7690439	1790031908174.8442	521.8448717594147	3543.0736159	1790031908480.2227	522.2251431594145	3543.4538872999997	1790031908860.4941	3543.7068883	523.1000661849976	3544.3292406	1790031909735.4172	3544.3292406	618.1579388936591	300.0	0.0	3021.2484638	1790031386635.3508	600.622141122818	3621.85117	1790031987257.4922
sub-1	ses-1	run-10085	0	205	34	10	11	21	37	34	37	34	left	right	1	450.6581999999071	False	False	loss	32	524.1022257804871	3545.3308215	1790031910737.5767	524.4063634872437	3545.635245	1790031911041.7144	524.8570216872436	3546.0859032	1790031911492.3726	3546.3389203	525.7527215480804	3546.981533	1790031912388.0725	3546.981533	638.5623218990805	300.0	0.0	3021.2484638	1790031386635.3508	600.622141122818	3621.85117	1790031987257.4922
sub-1	ses-1	run-10085	0	206	34	10	12	21	37	34	37	34	left	right	2	429.68070000006264	True	True	win	31	526.755206823349	3547.9840428	1790031913390.5579	527.0594220161438	3548.2882204	1790031913694.773	527.4891027161439	3548.7179011	1790031914124.4536	3548.9734735	528.4112753868103	3549.6400471	1790031915046.6262	3549.6400471	662.7995659498558	300.0	0.0	3021.2484638	1790031386635.3508	600.622141122818	3621.85117	1790031987257.4922
sub-1	ses-1	run-10085	0	207	34	10	13	21	37	34	34	37	right	left	2	395.7197999998243	True	True	win	31	529.4123938083649	3550.6419233	1790031916047.7446	529.7175137996674	3550.9463094	1790031916352.8647	530.1132335996672	3551.3420291999996	1790031916748.5845	3551.595017	531.0258779525757	3552.2553359	1790031917661.229	3552.2553359	656.3855727809441	300.0	0.0	3021.2484638	1790031386635.3508	600.622141122818	3621.85117	1790031987257.4922
sub-1	ses-1	run-10085	0	208	34	10	14	21	37	34	34	37	right	left	2	373.0869000000894	True	True	win	31	532.0276615619659	3553.2563263	1790031918663.0125	532.3320045471191	3553.5607618	1790031918967.3555	532.7050914471192	3553.9338487	1790031919340.4424	3554.1897232	533.5120601654053	3554.7407264	1790031920147.4111	3554.7407264	547.6660286919139	300.0	0.0	3021.2484638	1790031386635.3508	600.622141122818	3621.85117	1790031987257.4922
sub-1	ses-1	run-10085	0	209	34	10	15	21	37	34	37	34	left	right	2	470.5290000001696	True	False	loss	32	534.5142197608948	3555.7430437	1790031921149.5708	534.8185405731201	3556.0473985	1790031921453.8916	535.2890695731203	3556.5179275	1790031921924.4207	3556.7721101	536.1227352619171	3557.3515472	1790031922758.0862	3557.3515472	575.0766395672283	300.0	0.0	3021.2484638	1790031386635.3508	600.622141122818	3621.85117	1790031987257.4922
sub-1	ses-1	run-10085	0	210	34	10	16	21	37	34	34	37	right	left	2	340.23460000025807	True	True	win	31	537.1245827674866	3558.3531655	1790031923759.9336	537.4290542602539	3558.6577482	1790031924064.4053	537.7692888602542	3558.9979828	1790031924404.64	3559.2512164	538.581906080246	3559.8111041	1790031925217.257	3559.8111041	555.0557471512211	300.0	0.0	3021.2484638	1790031386635.3508	600.622141122818	3621.85117	1790031987257.4922
sub-1	ses-1	run-10085	0	211	34	10	17	21	37	34	37	34	left	right	2	377.41090000008626	True	True	win	31	539.5837321281433	3560.8125888	1790031926219.083	539.8878757953644	3561.1165423	1790031926523.2268	540.2652866953645	3561.4939532000003	1790031926900.6377	3561.7501509	541.0414550304413	3562.2706264	1790031927676.806	3562.2706264	516.9120861689488	300.0	0.0	3021.2484638	1790031386635.3508	600.622141122818	3621.85117	1790031987257.4922
sub-1	ses-1	run-10085	0	212	34	10	18	21	37	34	37	34	left	right	2	356.2372999999752	True	False	loss	32	542.0430047512054	3563.2724236	1790031928678.3557	542.348904132843	3563.5776365	1790031928984.2551	542.705141432843	3563.9338738	1790031929340.4924	3564.1858227	543.5415103435516	3564.7701859	1790031930176.8613	3564.7701859	580.1648368012528	300.0	0.0	3021.2484638	1790031386635.3508	600.622141122818	3621.85117	1790031987257.4922
sub-1	ses-1	run-10085	0	213	34	10	19	21	37	34	34	37	right	left	1	505.70349999998143	False	True	win	31	544.5428960323334	3565.7715754	1790031931178.247	544.8474702835083	3566.0761525	1790031931482.8213	545.3531737835083	3566.581856	1790031931988.525	3566.8345127	546.2154033184052	3567.4441601	1790031932850.7542	3567.4441601	605.7195703949878	300.0	0.0	3021.2484638	1790031386635.3508	600.622141122818	3621.85117	1790031987257.4922
sub-1	ses-1	run-10085	0	214	34	10	20	21	37	34	34	37	right	left	1	302.6241000002301	False	False	loss	32	547.2176606655121	3568.4464763	1790031933853.0117	547.5220417976379	3568.7512142	1790031934157.3928	547.8246658976382	3569.0538383000003	1790031934460.0168	3569.3096414	548.725560426712	3569.9543093	1790031935360.9114	3569.9543093	640.746434864821	300.0	0.0	3021.2484638	1790031386635.3508	600.622141122818	3621.85117	1790031987257.4922
sub-1	ses-1	run-10085	0	215	37	11	0	23	37	34	34	37	right	left	1	385.1470999998128	True	True	win	31	549.7270495891571	3570.9564179	1790031936362.4006	550.0321934223175	3571.2607857	1790031936667.5444	550.4173405223173	3571.6459327999996	1790031937052.6917	3571.8989339	551.2362942695618	3572.4650162	1790031937871.6453	3572.4650162	561.7198829991034	300.0	0.0	3021.2484638	1790031386635.3508	600.622141122818	3621.85117	1790031987257.4922
sub-1	ses-1	run-10085	0	216	37	11	1	23	37	34	37	34	left	right	1	386.2138999998024	True	True	win	31	552.2382357120514	3573.4669086	1790031938873.5867	552.5430438518524	3573.7716588	1790031939178.3948	552.9292577518522	3574.1578726999996	1790031939564.6086	3574.4112243	553.825790643692	3575.054515	1790031940461.1416	3575.054515	639.349897082511	300.0	0.0	3021.2484638	1790031386635.3508	600.622141122818	3621.85117	1790031987257.4922
sub-1	ses-1	run-10085	0	217	37	11	2	23	37	34	37	34	left	right	1	340.2398999996876	True	True	win	31	554.8283262252808	3576.0571507	1790031941463.6772	555.1329085826874	3576.3617039	1790031941768.2595	555.4731484826871	3576.7019437999998	1790031942108.4995	3576.9550824	556.2955000400543	3577.524121	1790031942930.851	3577.524121	565.9468054684286	300.0	0.0	3021.2484638	1790031386635.3508	600.622141122818	3621.85117	1790031987257.4922
sub-1	ses-1	run-10085	0	218	37	11	3	23	37	34	34	37	right	left	1	359.2538000002605	True	True	win	31	557.2978732585907	3578.5266024	1790031943933.224	557.6019785404205	3578.830696	1790031944237.3296	557.9612323404208	3579.1899498000002	1790031944596.5835	3579.4437067	558.7937111854553	3580.0224523	1790031945429.062	3580.0224523	574.718605871461	300.0	0.0	3021.2484638	1790031386635.3508	600.622141122818	3621.85117	1790031987257.4922
sub-1	ses-1	run-10085	0	219	37	11	4	23	37	34	37	34	left	right	1	332.224899999801	True	True	win	31	559.7954607009888	3581.0244748	1790031946430.8115	560.1004657745361	3581.3296368	1790031946735.8167	560.4326906745359	3581.6618617	1790031947068.0415	3581.9189185	561.26269698143	3582.4914618	1790031947898.0479	3582.4914618	568.3824231604309	300.0	0.0	3021.2484638	1790031386635.3508	600.622141122818	3621.85117	1790031987257.4922
sub-1	ses-1	run-10085	0	220	37	11	5	23	37	34	37	34	left	right	1	400.11580000009417	True	False	loss	32	562.2647211551666	3583.4933285	1790031948900.072	562.5690503120422	3583.7977676	1790031949204.4014	562.9691661120423	3584.1978834	1790031949604.517	3584.4513616	563.9128756523132	3585.141563	1790031950548.2266	3585.141563	685.6469336215692	300.0	0.0	3021.2484638	1790031386635.3508	600.622141122818	3621.85117	1790031987257.4922
sub-1	ses-1	run-10085	0	221	37	11	6	23	37	34	37	34	left	right	2	373.08160000020507	False	True	win	31	564.9150493144989	3586.1437839	1790031951550.4001	565.2203276157379	3586.4489946	1790031951855.6785	565.5934092157381	3586.8220762	1790031952228.76	3587.0779882	566.4438991546631	3587.6725149	1790031953079.25	3587.6725149	590.9468181564077	300.0	0.0	3021.2484638	1790031386635.3508	600.622141122818	3621.85117	1790031987257.4922
sub-1	ses-1	run-10085	0	222	37	11	7	23	37	34	34	37	right	left	2	370.12070000037056	False	False	loss	32	567.4459364414215	3588.6745511	1790031954081.2874	567.7510070800781	3588.9797378	1790031954386.358	568.1211277800785	3589.3498585	1790031954756.4785	3589.603504	568.9251389503479	3590.1538553	1790031955560.49	3590.1538553	546.5155322486053	300.0	0.0	3021.2484638	1790031386635.3508	600.622141122818	3621.85117	1790031987257.4922
sub-1	ses-1	run-10085	0	223	37	11	8	23	37	34	37	34	left	right	1	505.53649999983463	True	True	win	31	569.9272899627686	3591.1560103	1790031956562.6409	570.2315895557404	3591.4603211	1790031956866.9404	570.7371260557402	3591.9658575999997	1790031957372.477	3592.2196082	571.5737822055817	3592.8025415	1790031958209.133	3592.8025415	578.9252657423029	300.0	0.0	3021.2484638	1790031386635.3508	600.622141122818	3621.85117	1790031987257.4922
sub-1	ses-1	run-10085	0	224	37	11	9	23	37	34	37	34	left	right	1	377.07940000018425	True	True	win	31	572.5758926868439	3593.8044995	1790031959211.2437	572.880101442337	3594.1088519	1790031959515.4524	573.2571808423372	3594.4859313	1790031959892.5317	3594.7429144	574.1377530097961	3595.3664908	1790031960773.104	3595.3664908	619.0697485562227	300.0	0.0	3021.2484638	1790031386635.3508	600.622141122818	3621.85117	1790031987257.4922
sub-1	ses-1	run-10085	0	225	37	11	10	23	37	34	37	34	left	right	1	341.3147999999637	True	False	loss	32	575.1395390033722	3596.3681902	1790031961774.89	575.4438126087189	3596.6725694	1790031962079.1636	575.7851274087188	3597.0138842	1790031962420.4783	3597.2664919	576.583313703537	3597.8119655	1790031963218.6646	3597.8119655	541.9150144822667	300.0	0.0	3021.2484638	1790031386635.3508	600.622141122818	3621.85117	1790031987257.4922
sub-1	ses-1	run-10085	0	226	37	11	11	23	37	34	37	34	left	right	2	287.89800000004107	False	False	loss	32	577.5850064754486	3598.8138415	1790031964220.3574	577.8891777992249	3599.117941	1790031964524.5288	578.1770757992249	3599.405839	1790031964812.4268	3599.6608522	578.974419593811	3600.2031693	1790031965609.7705	3600.2031693	538.8804798401865	300.0	0.0	3021.2484638	1790031386635.3508	600.622141122818	3621.85117	1790031987257.4922
sub-1	ses-1	run-10085	0	227	37	11	12	23	37	34	34	37	right	left	2	384.87450000002354	False	False	loss	32	579.9760940074921	3601.2048893	1790031966611.445	580.2803790569305	3601.509097	1790031966915.73	580.6652535569306	3601.8939715	1790031967300.6045	3602.1481433	581.5495405197144	3602.778288	1790031968184.8914	3602.778288	626.2482365738707	300.0	0.0	3021.2484638	1790031386635.3508	600.622141122818	3621.85117	1790031987257.4922
sub-1	ses-1	run-10085	0	228	37	11	13	23	37	34	37	34	left	right	2	498.1763000000683	False	False	loss	32	582.550861120224	3603.7795046	1790031969186.2122	582.8549826145172	3604.083729	1790031969490.3335	583.3531589145173	3604.5819053	1790031969988.5098	3604.8374685	584.1551475524902	3605.3839143	1790031970790.4985	3605.3839143	541.8874477971538	300.0	0.0	3021.2484638	1790031386635.3508	600.622141122818	3621.85117	1790031987257.4922
sub-1	ses-1	run-10085	0	229	37	11	14	23	37	34	34	37	right	left	2	315.4779999999846	False	False	loss	32	585.1568810939789	3606.3862352	1790031971792.232	585.4616150856018	3606.6903542	1790031972096.966	585.7770930856018	3607.0058322	1790031972412.444	3607.258783	586.6761560440063	3607.9049	1790031973311.507	3607.9049	642.7189150968366	300.0	0.0	3021.2484638	1790031386635.3508	600.622141122818	3621.85117	1790031987257.4922
sub-1	ses-1	run-10085	0	230	37	11	15	23	37	34	37	34	left	right	1	363.2596000002195	True	True	win	31	587.6771814823151	3608.9064758	1790031974312.5325	587.9819052219391	3609.2106674	1790031974617.256	588.3451648219393	3609.5739270000004	1790031974980.5156	3609.8293345	589.2619869709015	3610.4907023	1790031975897.338	3610.4907023	657.2742872761445	300.0	0.0	3021.2484638	1790031386635.3508	600.622141122818	3621.85117	1790031987257.4922
sub-1	ses-1	run-10085	0	231	37	11	16	23	37	34	34	37	right	left	1	400.3645000002507	True	True	win	31	590.2635924816132	3611.4928831	1790031976898.9434	590.5687701702118	3611.7974425	1790031977204.121	590.969134670212	3612.1978070000005	1790031977604.4856	3612.4509638	591.8372068405151	3613.0659705	1790031978472.5579	3613.0659705	611.3249486715019	300.0	0.0	3021.2484638	1790031386635.3508	600.622141122818	3621.85117	1790031987257.4922
sub-1	ses-1	run-10085	0	232	37	11	17	23	37	34	34	37	right	left	1	377.842999999757	True	True	win	31	592.8388323783875	3614.0674643	1790031979474.1833	593.1432592868805	3614.3720101	1790031979778.6104	593.5211022868803	3614.7498530999997	1790031980156.4534	3615.0057996	594.407853603363	3615.6370665	1790031981043.2046	3615.6370665	627.9153529808516	300.0	0.0	3021.2484638	1790031386635.3508	600.622141122818	3621.85117	1790031987257.4922
sub-1	ses-1	run-10085	0	233	37	11	18	23	37	34	34	37	right	left	1	438.3976999997685	True	True	win	31	595.410356760025	3616.6390639	1790031982045.7078	595.7147889137268	3616.9434948	1790031982350.14	596.1531866137266	3617.3818924999996	1790031982788.5376	3617.637117	597.0429065227509	3618.2716146	1790031983678.2576	3618.2716146	630.5397997191691	300.0	0.0	3021.2484638	1790031386635.3508	600.622141122818	3621.85117	1790031987257.4922
sub-1	ses-1	run-10085	0	234	37	11	19	23	37	34	34	37	right	left	1	396.1573999999928	True	True	win	31	598.0436313152313	3619.2731418	1790031984678.9822	598.3490567207336	3619.5777982	1790031984984.4077	598.7452141207336	3619.9739556	1790031985380.5652	3620.2264078	599.6211683750153	3620.8499896	1790031986256.5193	3620.8499896	619.6263459350886	300.0	0.0	3021.2484638	1790031386635.3508	600.622141122818	3621.85117	1790031987257.4922
