subject_id,session_id,run,localizer,trial_num,current_good,contingency_id,trial_in_contingency,contingency_trials,flower1,flower2,left_stimulus,right_stimulus,slot1_position,slot2_position,choice,rt,correct,reward,outcome,feedback_marker,trial_start_task_time,trial_start_lsl_time,trial_start_unix_time,choice_window_onset_task_time,choice_window_onset_lsl_time,choice_window_onset_unix_time,choice_onset_task_time,choice_onset_lsl_time,choice_onset_unix_time,choice_marker_send_lsl_time,feedback_onset_task_time,feedback_onset_lsl_time,feedback_onset_unix_time,lsl_marker_send_time,wait_time,iti,run_start_task_time,run_start_lsl_time,run_start_unix_time,run_end_task_time,run_end_lsl_time,run_end_unix_time
sub-1219300000,ses-001,run-01,0,1,34,1,0,23,34,3,34,3,left,right,1.0,500.6332999910228,True,True,win,31,0.0,329583.7854405,1789401600339.1987,0.34362363815307617,329584.1288328,1789401600682.8225,0.844256938144099,329584.6294661,1789401601183.4558,329584.8837473,1.6091880798339844,329585.3944054,1789401601948.387,329585.3944054,506.76335310701813,300.0,0.0,329583.7853446,1789401600339.1987,602.1908376216888,330185.959886,1789402202530.0364
sub-1219300000,ses-001,run-01,0,2,34,1,1,23,34,3,34,3,left,right,1.0,376.5239000204019,True,True,win,31,2.6112070083618164,329586.3968175,1789401602950.4058,2.9158332347869873,329586.7010333,1789401603255.032,3.2923571348073892,329587.07755720004,1789401603631.556,329587.3300395,4.078632116317749,329587.86454,1789401604417.831,329587.86454,530.8436001439466,300.0,0.0,329583.7853446,1789401600339.1987,602.1908376216888,330185.959886,1789402202530.0364
sub-1219300000,ses-001,run-01,0,3,34,1,2,23,34,3,3,34,right,left,1.0,554.4619999709539,True,True,win,31,5.081074476242065,329588.8662141,1789401605420.2732,5.385716199874878,329589.1710105,1789401605724.915,5.940178199845832,329589.72547249997,1789401606279.377,329589.9798911,6.866572618484497,329590.6524612,1789401607205.7715,329590.6524612,668.6667872884782,300.0,0.0,329583.7853446,1789401600339.1987,602.1908376216888,330185.959886,1789402202530.0364
sub-1219300000,ses-001,run-01,0,4,34,1,3,23,34,3,34,3,left,right,1.0,534.9467999767512,True,True,win,31,7.869059801101685,329591.6540479,1789401608208.2585,8.173687219619751,329591.958742,1789401608512.886,8.708634019596502,329592.49368879996,1789401609047.8328,329592.7488659,9.596080541610718,329593.381017,1789401609935.2793,329593.381017,628.2521761578424,300.0,0.0,329583.7853446,1789401600339.1987,602.1908376216888,330185.959886,1789402202530.0364
sub-1219300000,ses-001,run-01,0,5,34,1,4,23,34,3,3,34,right,left,1.0,629.3554000440054,True,False,loss,32,10.598066806793213,329594.3829573,1789401610937.2656,10.902327537536621,329594.688267,1789401611241.5264,11.531682937580626,329595.31762240006,1789401611870.8818,329595.572469,12.433950185775757,329596.2188653,1789401612773.149,329596.2188653,642.7853027396558,300.0,0.0,329583.7853446,1789401600339.1987,602.1908376216888,330185.959886,1789402202530.0364
sub-1219300000,ses-001,run-01,0,6,34,1,5,23,34,3,3,34,right,left,1.0,599.1546000004746,True,True,win,31,13.436505317687988,329597.2212999,1789401613775.704,13.741137981414795,329597.5263777,1789401614080.337,14.34029258141527,329598.1255323,1789401614679.4915,329598.3802236,15.149335145950317,329598.9346688,1789401615488.534,329598.9346688,550.453880455798,300.0,0.0,329583.7853446,1789401600339.1987,602.1908376216888,330185.959886,1789402202530.0364
sub-1219300000,ses-001,run-01,0,7,34,1,6,23,34,3,34,3,left,right,2.0,355.736400000751,False,True,win,31,16.151941061019897,329599.9368076,1789401616491.14,16.456575870513916,329600.2417034,1789401616795.7747,16.812312270514667,329600.5974398,1789401617151.511,329600.8497044,17.648386478424072,329601.4339274,1789401617987.5852,329601.4339274,580.5759946652352,300.0,0.0,329583.7853446,1789401600339.1987,602.1908376216888,330185.959886,1789402202530.0364
sub-1219300000,ses-001,run-01,0,8,34,1,7,23,34,3,3,34,right,left,2.0,1049.751499958802,False,True,win,31,18.650400161743164,329602.4351428,1789401618989.5989,18.954996585845947,329602.739849,1789401619294.1953,20.00474808580475,329603.78960049996,1789401620343.9468,329604.0451087,20.800682306289673,329604.5860171,1789401621139.881,329604.5860171,537.2508948133602,300.0,0.0,329583.7853446,1789401600339.1987,602.1908376216888,330185.959886,1789402202530.0364
sub-1219300000,ses-001,run-01,0,9,34,1,8,23,34,3,34,3,left,right,2.0,537.1191999875009,False,False,loss,32,21.801923990249634,329605.5874041,1789401622141.1228,22.107266664505005,329605.8923649,1789401622446.4656,22.644385864492506,329606.42948409996,1789401622983.5847,329606.6817272,23.59674835205078,329607.3820377,1789401623935.9473,329607.3820377,696.2214716165238,300.0,0.0,329583.7853446,1789401600339.1987,602.1908376216888,330185.959886,1789402202530.0364
sub-1219300000,ses-001,run-01,0,10,34,1,9,23,34,3,3,34,right,left,1.0,349.55809998791665,True,True,win,31,24.598195552825928,329608.3832844,1789401624937.3943,24.902956008911133,329608.6880678,1789401625242.1548,25.25251410889905,329609.0376259,1789401625591.713,329609.2916974,26.044773817062378,329609.8300832,1789401626383.9727,329609.8300832,533.1147252738772,300.0,0.0,329583.7853446,1789401600339.1987,602.1908376216888,330185.959886,1789402202530.0364
sub-1219300000,ses-001,run-01,0,11,34,1,10,23,34,3,3,34,right,left,1.0,629.0610999567434,True,True,win,31,27.047100067138672,329610.831637,1789401627386.2988,27.351681232452393,329611.1363044,1789401627690.8801,27.980742332409136,329611.76536549994,1789401628319.9412,329612.0211784,28.74943780899048,329612.5346804,1789401629088.6367,329612.5346804,509.0125062425593,300.0,0.0,329583.7853446,1789401600339.1987,602.1908376216888,330185.959886,1789402202530.0364
sub-1219300000,ses-001,run-01,0,12,34,1,11,23,34,3,34,3,left,right,1.0,269.25710000796244,True,True,win,31,29.751066207885742,329613.5356052,1789401630090.2651,30.055740356445312,329613.8402975,1789401630394.9392,30.324997456453275,329614.1095546,1789401630664.1963,329614.3645217,31.274311542510986,329615.0586094,1789401631613.5103,329615.0586094,690.7129335951422,300.0,0.0,329583.7853446,1789401600339.1987,602.1908376216888,330185.959886,1789402202530.0364
sub-1219300000,ses-001,run-01,0,13,34,1,12,23,34,3,34,3,left,right,2.0,936.0315999947488,False,False,loss,32,32.27635359764099,329616.0606925,1789401632615.5525,32.580912828445435,329616.3654317,1789401632920.1116,33.51694442844018,329617.3014633,1789401633856.143,329617.5560124,34.42761850357056,329618.2123934,1789401634766.8174,329618.2123934,652.450628637173,300.0,0.0,329583.7853446,1789401600339.1987,602.1908376216888,330185.959886,1789402202530.0364
sub-1219300000,ses-001,run-01,0,14,34,1,13,23,34,3,3,34,right,left,1.0,255.33929996890947,True,True,win,31,35.42943596839905,329619.2136014,1789401635768.6348,35.73385190963745,329619.518155,1789401636073.0508,35.98919120960636,329619.77349429997,1789401636328.3901,329620.0266837,36.755348205566406,329620.5394612,1789401637094.547,329620.5394612,508.60839253336655,300.0,0.0,329583.7853446,1789401600339.1987,602.1908376216888,330185.959886,1789402202530.0364
sub-1219300000,ses-001,run-01,0,15,34,1,14,23,34,3,3,34,right,left,1.0,183.38040000526235,True,False,loss,32,37.75763416290283,329621.5418176,1789401638096.833,38.06190800666809,329621.8461037,1789401638401.107,38.24528840667335,329622.0294841,1789401638584.4873,329622.2842645,39.05797362327576,329622.8429809,1789401639397.1724,329622.8429809,554.9764236563932,300.0,0.0,329583.7853446,1789401600339.1987,602.1908376216888,330185.959886,1789402202530.0364
sub-1219300000,ses-001,run-01,0,16,34,1,15,23,34,3,3,34,right,left,1.0,218.0098999524489,True,False,loss,32,40.05901908874512,329623.8439909,1789401640398.218,40.36314415931702,329624.1474557,1789401640702.343,40.581154059269466,329624.3654655999,1789401640920.353,329624.6207799,41.501744747161865,329625.2866185,1789401641840.9436,329625.2866185,661.4494776377874,300.0,0.0,329583.7853446,1789401600339.1987,602.1908376216888,330185.959886,1789402202530.0364
sub-1219300000,ses-001,run-01,0,17,34,1,16,23,34,3,34,3,left,right,2.0,44.91190001135692,False,True,win,31,42.50289797782898,329626.2877012,1789401642842.097,42.80853462219238,329626.5926819,1789401643147.7334,42.85344652220374,329626.6375938,1789401643192.6453,329626.8899385,43.78775405883789,329627.5717159,1789401644126.953,329627.5717159,677.2760974385008,300.0,0.0,329583.7853446,1789401600339.1987,602.1908376216888,330185.959886,1789402202530.0364
sub-1219300000,ses-001,run-01,0,18,34,1,17,23,34,3,34,3,left,right,1.0,806.9499999983236,True,True,win,31,44.78976106643677,329628.5737766,1789401645128.96,45.09439468383789,329628.8785968,1789401645433.5935,45.901344683836214,329629.68554679997,1789401646240.5435,329629.9394445,46.80125665664673,329630.5858153,1789401647140.4556,329630.5858153,642.2053205446794,300.0,0.0,329583.7853446,1789401600339.1987,602.1908376216888,330185.959886,1789402202530.0364
sub-1219300000,ses-001,run-01,0,19,34,1,18,23,34,3,34,3,left,right,1.0,465.7250000163913,True,False,loss,32,47.80310559272766,329631.5868978,1789401648142.3044,48.107747077941895,329631.8917047,1789401648446.9458,48.573472077958286,329632.35742970003,1789401648912.671,329632.6107778,49.44618606567383,329633.2308449,1789401649785.385,329633.2308449,616.3061502198202,300.0,0.0,329583.7853446,1789401600339.1987,602.1908376216888,330185.959886,1789402202530.0364
sub-1219300000,ses-001,run-01,0,20,34,1,19,23,34,3,34,3,left,right,1.0,109.12069998448715,True,True,win,31,50.447988510131836,329634.2316996,1789401650787.1873,50.752575635910034,329634.5364097,1789401651091.7744,50.86169633589452,329634.6455304,1789401651200.895,329634.8989611,51.63589143753052,329635.4201575,1789401651975.0903,329635.4201575,517.9967509379054,300.0,0.0,329583.7853446,1789401600339.1987,602.1908376216888,330185.959886,1789402202530.0364
sub-1219300000,ses-001,run-01,0,21,34,1,20,23,34,3,34,3,left,right,1.0,182.92269995436072,True,True,win,31,52.63811635971069,329636.4219108,1789401652977.3152,52.942744970321655,329636.7265795,1789401653281.9438,53.125667670276016,329636.90950219997,1789401653464.8665,329637.1636115,53.97317433357239,329637.7577135,1789401654312.373,329637.7577135,590.249692388593,300.0,0.0,329583.7853446,1789401600339.1987,602.1908376216888,330185.959886,1789402202530.0364
sub-1219300000,ses-001,run-01,0,22,34,1,21,23,34,3,3,34,right,left,1.0,836.153399955947,True,True,win,31,54.9755973815918,329638.7601516,1789401655314.7961,55.281713247299194,329639.0652951,1789401655620.912,56.11786664725514,329639.90144849994,1789401656457.0654,329640.1561739,56.93643021583557,329640.7208179,1789401657275.6292,329640.7208179,560.3094752591722,300.0,0.0,329583.7853446,1789401600339.1987,602.1908376216888,330185.959886,1789402202530.0364
sub-1219300000,ses-001,run-01,0,23,34,1,22,23,34,3,34,3,left,right,2.0,298.9153999951668,False,False,loss,32,57.93817138671875,329641.7217783,1789401658277.37,58.2420711517334,329642.026483,1789401658581.27,58.540986551728565,329642.3253984,1789401658880.1853,329642.5792655,59.408488512039185,329643.1924,1789401659747.6873,329643.1924,609.3502133154875,300.0,0.0,329583.7853446,1789401600339.1987,602.1908376216888,330185.959886,1789402202530.0364
sub-1219300000,ses-001,run-01,0,24,3,2,0,23,34,3,3,34,right,left,2.0,434.3822000082582,True,True,win,31,60.41076588630676,329644.1942082,1789401660749.9646,60.715535163879395,329644.4990446,1789401661054.734,61.14991736388765,329644.9334268,1789401661489.116,329645.1883142,61.91698217391968,329645.7009522,1789401662256.181,329645.7009522,509.09153367020343,300.0,0.0,329583.7853446,1789401600339.1987,602.1908376216888,330185.959886,1789402202530.0364
sub-1219300000,ses-001,run-01,0,25,3,2,1,23,34,3,34,3,left,right,1.0,206.36679994640872,False,False,loss,32,62.91797137260437,329646.7022916,1789401663257.1702,63.223790407180786,329647.007156,1789401663562.9893,63.430157207127195,329647.21352279995,1789401663769.356,329647.4707138,64.32499933242798,329648.1092758,1789401664664.1982,329648.1092758,634.2989261936675,300.0,0.0,329583.7853446,1789401600339.1987,602.1908376216888,330185.959886,1789402202530.0364
sub-1219300000,ses-001,run-01,0,26,3,2,2,23,34,3,34,3,left,right,2.0,149.64879996841773,True,True,win,31,65.32751750946045,329649.1116059,1789401665666.7163,65.63250350952148,329649.415852,1789401665971.7024,65.7821523094899,329649.5655008,1789401666121.351,329649.8185205,66.5628023147583,329650.3469307,1789401666902.0012,329650.3469307,524.186089898671,300.0,0.0,329583.7853446,1789401600339.1987,602.1908376216888,330185.959886,1789402202530.0364
sub-1219300000,ses-001,run-01,0,27,3,2,3,23,34,3,34,3,left,right,2.0,176.4188000233844,True,True,win,31,67.56501817703247,329651.3483049,1789401667904.217,67.86962914466858,329651.6529078,1789401668208.828,68.04604794469196,329651.8293266,1789401668385.2466,329652.0858667,68.95850205421448,329652.7416474,1789401669297.701,329652.7416474,651.9724693820185,300.0,0.0,329583.7853446,1789401600339.1987,602.1908376216888,330185.959886,1789402202530.0364
sub-1219300000,ses-001,run-01,0,28,3,2,4,23,34,3,34,3,left,right,1.0,149.65599996503443,False,False,loss,32,69.96027040481567,329653.7436359,1789401670299.4692,70.26417374610901,329654.0479622,1789401670603.3726,70.41382974607404,329654.1976182,1789401670753.0286,329654.4503464,71.29009866714478,329655.073207,1789401671629.2976,329655.073207,618.4932496940775,300.0,0.0,329583.7853446,1789401600339.1987,602.1908376216888,330185.959886,1789402202530.0364
sub-1219300000,ses-001,run-01,0,29,3,2,5,23,34,3,34,3,left,right,1.0,233.54449996259063,False,False,loss,32,72.29213523864746,329656.0752157,1789401672631.334,72.59662222862244,329656.3798293,1789401672935.821,72.83016672858503,329656.61337379995,1789401673169.3655,329656.8682023,73.64172458648682,329657.4254123,1789401673980.9233,329657.4254123,553.9485765445655,300.0,0.0,329583.7853446,1789401600339.1987,602.1908376216888,330185.959886,1789402202530.0364
sub-1219300000,ses-001,run-01,0,30,3,2,6,23,34,3,34,3,left,right,1.0,97.71990001900122,False,True,win,31,74.64351654052734,329658.4270106,1789401674982.7153,74.94740319252014,329658.7316432,1789401675286.602,75.04512309253914,329658.8293631,1789401675384.322,329659.0838811,75.8473653793335,329659.6303952,1789401676186.5642,329659.6303952,542.8996710812308,300.0,0.0,329583.7853446,1789401600339.1987,602.1908376216888,330185.959886,1789402202530.0364
sub-1219300000,ses-001,run-01,0,31,3,2,7,23,34,3,3,34,right,left,2.0,156.94880002411082,True,True,win,31,76.84919452667236,329660.6322171,1789401677188.3933,77.15355706214905,329660.9365861,1789401677492.7559,77.31050586217316,329661.09353490005,1789401677649.7046,329661.3497277,78.16958904266357,329661.9530629,1789401678508.7878,329661.9530629,599.6554825443828,300.0,0.0,329583.7853446,1789401600339.1987,602.1908376216888,330185.959886,1789402202530.0364
sub-1219300000,ses-001,run-01,0,32,3,2,8,23,34,3,3,34,right,left,1.0,154.44179996848106,False,True,win,31,79.1715898513794,329662.9544554,1789401679510.7886,79.47566366195679,329663.2589227,1789401679814.8625,79.63010546192527,329663.4133645,1789401679969.3044,329663.6665908,80.55032134056091,329664.3340193,1789401680889.5203,329664.3340193,663.0902969849982,300.0,0.0,329583.7853446,1789401600339.1987,602.1908376216888,330185.959886,1789402202530.0364
sub-1219300000,ses-001,run-01,0,33,3,2,9,23,34,3,3,34,right,left,1.0,293.21580001851544,False,True,win,31,81.55211353302002,329665.334911,1789401681891.3123,81.8575177192688,329665.6403466,1789401682196.7166,82.15073351928731,329665.9335624,1789401682489.9324,329666.1886546,82.99993658065796,329666.7836965,1789401683339.1355,329666.7836965,591.2647204034574,300.0,0.0,329583.7853446,1789401600339.1987,602.1908376216888,330185.959886,1789402202530.0364
sub-1219300000,ses-001,run-01,0,34,3,2,10,23,34,3,34,3,left,right,1.0,194.02749999426305,False,False,loss,32,84.00405693054199,329667.7867877,1789401684343.2559,84.30766153335571,329668.0913322,1789401684646.8604,84.50168903334998,329668.2853597,1789401684840.888,329668.5394127,85.43341279029846,329669.216179,1789401685772.6116,329669.216179,672.3580078768406,300.0,0.0,329583.7853446,1789401600339.1987,602.1908376216888,330185.959886,1789402202530.0364
sub-1219300000,ses-001,run-01,0,35,3,2,11,23,34,3,34,3,left,right,1.0,153.99170003365725,False,False,loss,32,86.43605756759644,329670.2188023,1789401686775.2563,86.7398591041565,329670.5234333,1789401687079.0579,86.89385080419015,329670.67742500006,1789401687233.0496,329670.930575,87.74052143096924,329671.5239128,1789401688079.7202,329671.5239128,589.4858709110855,300.0,0.0,329583.7853446,1789401600339.1987,602.1908376216888,330185.959886,1789402202530.0364
sub-1219300000,ses-001,run-01,0,36,3,2,12,23,34,3,3,34,right,left,2.0,271.18649997282773,True,True,win,31,88.74283075332642,329672.5254674,1789401689082.0295,89.04686284065247,329672.8303778,1789401689386.0618,89.3180493406253,329673.10156429996,1789401689657.2483,329673.3547034,90.10549426078796,329673.8881991,1789401690444.693,329673.8881991,529.4364747238915,300.0,0.0,329583.7853446,1789401600339.1987,602.1908376216888,330185.959886,1789402202530.0364
sub-1219300000,ses-001,run-01,0,37,3,2,13,23,34,3,34,3,left,right,1.0,674.7637999942526,False,False,loss,32,91.10750818252563,329674.8900411,1789401691446.707,91.41216397285461,329675.1948496,1789401691751.3628,92.08692777284887,329675.8696134,1789401692426.1267,329676.1253858,92.91328191757202,329676.6966511,1789401693252.4807,329676.6966511,567.3824291359929,300.0,0.0,329583.7853446,1789401600339.1987,602.1908376216888,330185.959886,1789402202530.0364
sub-1219300000,ses-001,run-01,0,38,3,2,14,23,34,3,34,3,left,right,1.0,74.56519996048883,False,False,loss,32,93.91444826126099,329677.6978512,1789401694253.647,94.22015929222107,329678.0028779,1789401694559.3582,94.29472449218156,329678.0774431,1789401694633.9233,329678.3304151,95.1111044883728,329678.8941178,1789401695450.3032,329678.8941178,559.1798149729592,300.0,0.0,329583.7853446,1789401600339.1987,602.1908376216888,330185.959886,1789402202530.0364
sub-1219300000,ses-001,run-01,0,39,3,2,15,23,34,3,34,3,left,right,2.0,204.4222999829799,True,True,win,31,96.11322665214539,329679.8965508,1789401696452.4255,96.41846036911011,329680.2009286,1789401696757.6592,96.62288266909309,329680.40535089996,1789401696962.0815,329680.658003,97.53789019584656,329681.320983,1789401697877.089,329681.320983,659.2656317587431,300.0,0.0,329583.7853446,1789401600339.1987,602.1908376216888,330185.959886,1789402202530.0364
sub-1219300000,ses-001,run-01,0,40,3,2,16,23,34,3,34,3,left,right,2.0,706.6393999848515,True,True,win,31,98.54022407531738,329682.3225415,1789401698879.4229,98.84437561035156,329682.626849,1789401699183.5745,99.55101501033641,329683.3334884,1789401699890.2139,329683.5866881,100.3787088394165,329684.1610718,1789401700717.9077,329684.1610718,570.3064099548199,300.0,0.0,329583.7853446,1789401600339.1987,602.1908376216888,330185.959886,1789402202530.0364
sub-1219300000,ses-001,run-01,0,41,3,2,17,23,34,3,3,34,right,left,2.0,352.54480002913624,True,True,win,31,101.38199210166931,329685.1642246,1789401701721.191,101.68660187721252,329685.4689389,1789401702025.8008,102.03914667724166,329685.8214837,1789401702378.3457,329686.0777077,102.99004769325256,329686.7723308,1789401703329.2466,329686.7723308,690.6489827237867,300.0,0.0,329583.7853446,1789401600339.1987,602.1908376216888,330185.959886,1789402202530.0364
sub-1219300000,ses-001,run-01,0,42,3,2,18,23,34,3,3,34,right,left,2.0,606.17889999412,True,True,win,31,103.9922342300415,329687.7744041,1789401704331.433,104.29703116416931,329688.0792486,1789401704636.23,104.90321006416343,329688.6854275,1789401705242.409,329688.9383982,105.73940300941467,329689.5222575,1789401706078.6018,329689.5222575,579.8057351115332,300.0,0.0,329583.7853446,1789401600339.1987,602.1908376216888,330185.959886,1789402202530.0364
sub-1219300000,ses-001,run-01,0,43,3,2,19,23,34,3,3,34,right,left,2.0,137.50860001891851,True,False,loss,32,106.74031853675842,329690.5233544,1789401707079.5173,107.04572176933289,329690.8278967,1789401707384.9207,107.1832303693518,329690.9654053,1789401707522.4292,329691.2198629,108.02256727218628,329691.8052922,1789401708361.766,329691.8052922,581.9889191347787,300.0,0.0,329583.7853446,1789401600339.1987,602.1908376216888,330185.959886,1789402202530.0364
sub-1219300000,ses-001,run-01,0,44,3,2,20,23,34,3,3,34,right,left,2.0,174.37249998329207,True,True,win,31,109.02441072463989,329692.8068466,1789401709363.6096,109.32898807525635,329693.1111394,1789401709668.187,109.50336057523964,329693.2855119,1789401709842.5596,329693.5400857,110.37737536430359,329694.1602283,1789401710716.5742,329694.1602283,616.7133142895059,300.0,0.0,329583.7853446,1789401600339.1987,602.1908376216888,330185.959886,1789402202530.0364
sub-1219300000,ses-001,run-01,0,45,3,2,21,23,34,3,3,34,right,left,1.0,18.64879997447133,False,False,loss,32,111.38013458251953,329695.1620511,1789401711719.3335,111.68424558639526,329695.4667687,1789401712023.4443,111.70289438636974,329695.48541749996,1789401712042.093,329695.7393764,112.57429361343384,329696.3569266,1789401712913.4924,329696.3569266,613.4067761871028,300.0,0.0,329583.7853446,1789401600339.1987,602.1908376216888,330185.959886,1789402202530.0364
sub-1219300000,ses-001,run-01,0,46,3,2,22,23,34,3,3,34,right,left,1.0,70.20439999178052,False,False,loss,32,113.57685279846191,329697.3587567,1789401713916.0515,113.88140797615051,329697.6632979,1789401714220.6067,113.9516123761423,329697.7335023,1789401714290.811,329697.9864884,114.77144718170166,329698.5541449,1789401715110.646,329698.5541449,563.8234786147723,300.0,0.0,329583.7853446,1789401600339.1987,602.1908376216888,330185.959886,1789402202530.0364
sub-1219300000,ses-001,run-01,0,47,34,3,0,24,34,3,34,3,left,right,2.0,89.60889995796606,False,False,loss,32,115.77311134338379,329699.5549267,1789401716112.31,116.0778214931488,329699.8598878,1789401716417.0203,116.16743039310677,329699.94949669996,1789401716506.6292,329700.203,116.96421694755554,329700.7461388,1789401717303.4158,329700.7461388,539.1101767269442,300.0,0.0,329583.7853446,1789401600339.1987,602.1908376216888,330185.959886,1789402202530.0364
sub-1219300000,ses-001,run-01,0,48,34,3,1,24,34,3,34,3,left,right,2.0,72.79910001670942,False,False,loss,32,117.96627736091614,329701.7481218,1789401718305.476,118.27083969116211,329702.0526574,1789401718610.0386,118.34363879117882,329702.12545650004,1789401718682.8376,329702.379994,119.27926921844482,329703.061482,1789401719618.468,329703.061482,677.6526592085642,300.0,0.0,329583.7853446,1789401600339.1987,602.1908376216888,330185.959886,1789402202530.0364
sub-1219300000,ses-001,run-01,0,49,34,3,2,24,34,3,34,3,left,right,2.0,150.57690005050972,False,False,loss,32,120.28090858459473,329704.0626146,1789401720620.1074,120.5851731300354,329704.3668455,1789401720924.372,120.73575003008591,329704.51742240007,1789401721074.949,329704.7689737,121.66129064559937,329705.4435551,1789401722000.4895,329705.4435551,670.8165487973101,300.0,0.0,329583.7853446,1789401600339.1987,602.1908376216888,330185.959886,1789402202530.0364
sub-1219300000,ses-001,run-01,0,50,34,3,3,24,34,3,34,3,left,right,2.0,318.79940000362694,False,False,loss,32,122.66411399841309,329706.4457677,1789401723003.3127,122.96814060211182,329706.7506825,1789401723307.3394,123.28694000211544,329707.0694819,1789401723626.1387,329707.3245707,124.11417722702026,329707.8966172,1789401724453.376,329707.8966172,568.9002951439722,300.0,0.0,329583.7853446,1789401600339.1987,602.1908376216888,330185.959886,1789402202530.0364
sub-1219300000,ses-001,run-01,0,51,34,3,4,24,34,3,34,3,left,right,2.0,188.21170000592247,False,True,win,31,125.11521792411804,329708.8974792,1789401725454.4167,125.41959619522095,329709.2011535,1789401725758.795,125.60780789522687,329709.3893652,1789401725947.0066,329709.6433757,126.39930272102356,329710.1814784,1789401726738.5015,329710.1814784,534.0558021141298,300.0,0.0,329583.7853446,1789401600339.1987,602.1908376216888,330185.959886,1789402202530.0364
sub-1219300000,ses-001,run-01,0,52,34,3,5,24,34,3,3,34,right,left,1.0,149.09230003831908,True,True,win,31,127.40167927742004,329711.1831659,1789401727740.8782,127.70669627189636,329711.4883057,1789401728045.895,127.85578857193468,329711.63739800005,1789401728194.9873,329711.8915235,128.72108221054077,329712.5034123,1789401729060.281,329712.5034123,607.5003147428965,300.0,0.0,329583.7853446,1789401600339.1987,602.1908376216888,330185.959886,1789402202530.0364
sub-1219300000,ses-001,run-01,0,53,34,3,6,24,34,3,34,3,left,right,2.0,124.79840003652498,False,False,loss,32,129.72256112098694,329713.504464,1789401730061.76,130.02631258964539,329713.8085067,1789401730365.5115,130.1511109896819,329713.9333051,1789401730490.3098,329714.186318,131.0739049911499,329714.8554168,1789401731413.1038,329714.8554168,664.7037015283591,300.0,0.0,329583.7853446,1789401600339.1987,602.1908376216888,330185.959886,1789402202530.0364
sub-1219300000,ses-001,run-01,0,54,34,3,7,24,34,3,3,34,right,left,2.0,419.65820000041276,False,False,loss,32,132.07565236091614,329715.8573913,1789401732414.851,132.38026356697083,329716.1618785,1789401732719.4624,132.79992176697124,329716.5815367,1789401733139.1206,329716.8362201,133.61657810211182,329717.398741,1789401733955.7769,329717.398741,558.6588992733089,300.0,0.0,329583.7853446,1789401600339.1987,602.1908376216888,330185.959886,1789402202530.0364
sub-1219300000,ses-001,run-01,0,55,34,3,8,24,34,3,34,3,left,right,1.0,134.49069997295737,True,True,win,31,134.61779975891113,329718.3999748,1789401734956.9985,134.92163157463074,329718.703485,1789401735260.8303,135.0561222746037,329718.8379757,1789401735395.321,329719.0916868,135.96023750305176,329719.742286,1789401736299.4363,329719.742286,646.4805784311143,300.0,0.0,329583.7853446,1789401600339.1987,602.1908376216888,330185.959886,1789402202530.0364
sub-1219300000,ses-001,run-01,0,56,34,3,9,24,34,3,34,3,left,right,1.0,164.61740003433079,True,True,win,31,136.96206164360046,329720.7442278,1789401737301.2605,137.26759481430054,329721.0489048,1789401737606.7937,137.43221221433487,329721.2135222,1789401737771.4111,329721.4669561,138.35565996170044,329722.1374338,1789401738694.859,329722.1374338,666.4177304084346,300.0,0.0,329583.7853446,1789401600339.1987,602.1908376216888,330185.959886,1789402202530.0364
sub-1219300000,ses-001,run-01,0,57,34,3,10,24,34,3,34,3,left,right,2.0,258.4449999849312,False,False,loss,32,139.3573498725891,329723.1385523,1789401739696.5486,139.66161251068115,329723.4428633,1789401740000.8113,139.92005751066608,329723.70130829996,1789401740259.2563,329723.9566402,140.7217345237732,329724.5029954,1789401741060.9333,329724.5029954,542.2172818013491,300.0,0.0,329583.7853446,1789401600339.1987,602.1908376216888,330185.959886,1789402202530.0364
sub-1219300000,ses-001,run-01,0,58,34,3,11,24,34,3,3,34,right,left,1.0,91.80470003047958,True,True,win,31,141.72403192520142,329725.5051295,1789401742063.2307,142.02765655517578,329725.80966,1789401742366.8555,142.11946125520626,329725.90146470006,1789401742458.6602,329726.1563957,142.97423219680786,329726.7558845,1789401743313.431,329726.7558845,595.011169509802,300.0,0.0,329583.7853446,1789401600339.1987,602.1908376216888,330185.959886,1789402202530.0364
sub-1219300000,ses-001,run-01,0,59,34,3,12,24,34,3,34,3,left,right,2.0,383.3924999926239,False,False,loss,32,143.97619485855103,329727.7572591,1789401744315.3938,144.28005385398865,329728.0619587,1789401744619.2527,144.66344635398127,329728.4453512,1789401745002.6453,329728.700199,145.5645523071289,329729.3462829,1789401745903.7512,329729.3462829,642.6958252882325,300.0,0.0,329583.7853446,1789401600339.1987,602.1908376216888,330185.959886,1789402202530.0364
sub-1219300000,ses-001,run-01,0,60,34,3,13,24,34,3,34,3,left,right,1.0,544.8818000149913,True,True,win,31,146.56674337387085,329730.3476662,1789401746905.9421,146.8715901374817,329730.6525837,1789401747210.789,147.41647193749668,329731.19746550004,1789401747755.671,329731.4518959,148.25939512252808,329732.0402757,1789401748598.594,329732.0402757,584.1868218341227,300.0,0.0,329583.7853446,1789401600339.1987,602.1908376216888,330185.959886,1789402202530.0364
sub-1219300000,ses-001,run-01,0,61,34,3,14,24,34,3,3,34,right,left,2.0,98.03690004628152,False,False,loss,32,149.2617313861847,329733.0427498,1789401749600.9302,149.56641054153442,329733.3473372,1789401749905.6094,149.6644474415807,329733.44537410006,1789401750003.6462,329733.7008291,150.47948503494263,329734.261143,1789401750818.6838,329734.261143,556.0821906834442,300.0,0.0,329583.7853446,1789401600339.1987,602.1908376216888,330185.959886,1789402202530.0364
sub-1219300000,ses-001,run-01,0,62,34,3,15,24,34,3,3,34,right,left,1.0,118.65070002386346,True,True,win,31,151.48114442825317,329735.2623533,1789401751820.3433,151.78577542304993,329735.5666764,1789401752124.9744,151.9044261230738,329735.68532710004,1789401752243.625,329735.9398523,152.69670057296753,329736.4781514,1789401753035.8994,329736.4781514,534.1177533429926,300.0,0.0,329583.7853446,1789401600339.1987,602.1908376216888,330185.959886,1789402202530.0364
sub-1219300000,ses-001,run-01,0,63,34,3,16,24,34,3,34,3,left,right,2.0,92.78480004286394,False,True,win,31,153.69932675361633,329737.4800972,1789401754038.5256,154.00391626358032,329737.7846298,1789401754343.115,154.0967010636232,329737.87741460005,1789401754435.9,329738.1319437,154.9497525691986,329738.7304394,1789401755288.9514,329738.7304394,594.1060799319101,300.0,0.0,329583.7853446,1789401600339.1987,602.1908376216888,330185.959886,1789402202530.0364
sub-1219300000,ses-001,run-01,0,64,34,3,17,24,34,3,34,3,left,right,1.0,128.4816999686882,True,True,win,31,155.95074772834778,329739.732305,1789401756289.9465,156.2560760974884,329740.0368964,1789401756595.275,156.3845577974571,329740.16537809995,1789401756723.7566,329740.419801,157.1957893371582,329740.9772981,1789401757534.9883,329740.9772981,553.4953769285871,300.0,0.0,329583.7853446,1789401600339.1987,602.1908376216888,330185.959886,1789402202530.0364
sub-1219300000,ses-001,run-01,0,65,34,3,18,24,34,3,3,34,right,left,2.0,323.8236999604851,False,False,loss,32,158.19650721549988,329741.9780562,1789401758535.706,158.50093913078308,329742.2815173,1789401758840.138,158.82476283074357,329742.60534099996,1789401759163.9617,329742.8601898,159.66294360160828,329743.4444378,1789401760002.1423,329743.4444378,580.7019578302096,300.0,0.0,329583.7853446,1789401600339.1987,602.1908376216888,330185.959886,1789402202530.0364
sub-1219300000,ses-001,run-01,0,66,34,3,19,24,34,3,34,3,left,right,2.0,374.36660000821576,False,False,loss,32,160.66522073745728,329744.4465537,1789401761004.4197,160.9703631401062,329744.7509941,1789401761309.562,161.34472974011442,329745.1253607,1789401761683.9287,329745.3803383,162.27382230758667,329746.0551066,1789401762613.0212,329746.0551066,670.3334771818743,300.0,0.0,329583.7853446,1789401600339.1987,602.1908376216888,330185.959886,1789402202530.0364
sub-1219300000,ses-001,run-01,0,67,34,3,20,24,34,3,34,3,left,right,1.0,83.01870001014322,True,True,win,31,163.27594709396362,329747.0573413,1789401763615.146,163.5818910598755,329747.3624388,1789401763921.0898,163.66490975988563,329747.4454575,1789401764004.1086,329747.7008698,164.43033361434937,329748.2114554,1789401764769.5325,329748.2114554,506.00557387527965,300.0,0.0,329583.7853446,1789401600339.1987,602.1908376216888,330185.959886,1789402202530.0364
sub-1219300000,ses-001,run-01,0,68,34,3,21,24,34,3,3,34,right,left,1.0,648.5175000270829,True,True,win,31,165.4319624900818,329749.2127583,1789401765771.1614,165.73639750480652,329749.5168464,1789401766075.5964,166.3849150048336,329750.1653639,1789401766724.114,329750.4219644,167.2482566833496,329751.0286398,1789401767587.4556,329751.0286398,602.256674963755,300.0,0.0,329583.7853446,1789401600339.1987,602.1908376216888,330185.959886,1789402202530.0364
sub-1219300000,ses-001,run-01,0,69,34,3,22,24,34,3,3,34,right,left,2.0,526.4017999870703,False,False,loss,32,168.2503592967987,329752.0307799,1789401768589.558,168.5543372631073,329752.3350198,1789401768893.5361,169.08073906309437,329752.8614216,1789401769419.938,329753.1143048,170.02365612983704,329753.804784,1789401770362.855,329753.804784,686.2789694323152,300.0,0.0,329583.7853446,1789401600339.1987,602.1908376216888,330185.959886,1789402202530.0364
sub-1219300000,ses-001,run-01,0,70,34,3,23,24,34,3,3,34,right,left,1.0,334.38329998170957,True,True,win,31,171.02536487579346,329754.8065722,1789401771364.5637,171.33085870742798,329755.1111055,1789401771670.0576,171.6652420074097,329755.4454888,1789401772004.441,329755.6994878,172.52545261383057,329756.3065725,1789401772864.6514,329756.3065725,602.1040599345224,300.0,0.0,329583.7853446,1789401600339.1987,602.1908376216888,330185.959886,1789402202530.0364
sub-1219300000,ses-001,run-01,0,71,3,4,0,20,34,3,34,3,left,right,2.0,169.11140002775937,True,True,win,31,173.5271933078766,329757.3074179,1789401773866.392,173.83212733268738,329757.6123195,1789401774171.3262,174.00123873271514,329757.78143090004,1789401774340.4375,329758.0346387,174.81416392326355,329758.5951647,1789401775153.3628,329758.5951647,556.0306759773034,300.0,0.0,329583.7853446,1789401600339.1987,602.1908376216888,330185.959886,1789402202530.0364
sub-1219300000,ses-001,run-01,0,72,3,4,1,20,34,3,34,3,left,right,2.0,304.3904000078328,True,False,loss,32,175.8161551952362,329759.5965061,1789401776155.354,176.12058067321777,329759.9009497,1789401776459.7795,176.4249710732256,329760.2053401,1789401776764.17,329760.4592509,177.30433464050293,329761.085188,1789401777643.5334,329761.085188,621.7948212655125,300.0,0.0,329583.7853446,1789401600339.1987,602.1908376216888,330185.959886,1789402202530.0364
sub-1219300000,ses-001,run-01,0,73,3,4,2,20,34,3,34,3,left,right,2.0,590.2971000177786,True,False,loss,32,178.30667281150818,329762.0866774,1789401778645.8716,178.6107897758484,329762.391029,1789401778949.9885,179.20108687586617,329762.9813261,1789401779540.2856,329763.2351787,179.9613869190216,329763.7423066,1789401780300.5857,329763.7423066,503.9545080840496,300.0,0.0,329583.7853446,1789401600339.1987,602.1908376216888,330185.959886,1789402202530.0364
sub-1219300000,ses-001,run-01,0,74,3,4,3,20,34,3,34,3,left,right,1.0,483.25109999859706,False,False,loss,32,180.9650890827179,329764.7451127,1789401781304.2878,181.26997423171997,329765.0501614,1789401781609.173,181.75322533171857,329765.5334125,1789401782092.4243,329765.7892069,182.5207462310791,329766.3013899,1789401782859.945,329766.3013899,508.7388922280555,300.0,0.0,329583.7853446,1789401600339.1987,602.1908376216888,330185.959886,1789402202530.0364
sub-1219300000,ses-001,run-01,0,75,3,4,4,20,34,3,34,3,left,right,1.0,205.36559994798154,False,False,loss,32,183.52348637580872,329767.3034045,1789401783862.6853,183.82797837257385,329767.6079534,1789401784167.1772,184.03334397252183,329767.81331899995,1789401784372.5427,329768.0667552,184.81811261177063,329768.5984996,1789401785157.3115,329768.5984996,527.2636602562867,300.0,0.0,329583.7853446,1789401600339.1987,602.1908376216888,330185.959886,1789402202530.0364
sub-1219300000,ses-001,run-01,0,76,3,4,5,20,34,3,3,34,right,left,2.0,412.5973000191152,True,False,loss,32,185.820942401886,329769.6007314,1789401786160.141,186.12397146224976,329769.9047076,1789401786463.1704,186.53656876226887,329770.31730490003,1789401786875.7678,329770.5735061,187.45407724380493,329771.2345855,1789401787793.2761,329771.2345855,657.8370402372922,300.0,0.0,329583.7853446,1789401600339.1987,602.1908376216888,330185.959886,1789402202530.0364
sub-1219300000,ses-001,run-01,0,77,3,4,6,20,34,3,34,3,left,right,1.0,321.1334000225179,False,False,loss,32,188.45619821548462,329772.2359496,1789401788795.397,188.76026964187622,329772.5402392,1789401789099.4685,189.08140304189874,329772.8613726,1789401789420.6018,329773.1135167,189.96762537956238,329773.7474371,1789401790306.8242,329773.7474371,630.8593395989042,300.0,0.0,329583.7853446,1789401600339.1987,602.1908376216888,330185.959886,1789402202530.0364
sub-1219300000,ses-001,run-01,0,78,3,4,7,20,34,3,3,34,right,left,2.0,94.85789999598637,True,True,win,31,190.96994805335999,329774.7496548,1789401791309.147,191.27489924430847,329775.0546366,1789401791614.0981,191.36975714430446,329775.1494945,1789401791708.956,329775.4026278,192.17684650421143,329775.9564626,1789401792516.0454,329775.9564626,549.1108607343374,300.0,0.0,329583.7853446,1789401600339.1987,602.1908376216888,330185.959886,1789402202530.0364
sub-1219300000,ses-001,run-01,0,79,3,4,8,20,34,3,34,3,left,right,1.0,30.023900035303086,False,False,loss,32,193.17875146865845,329776.9587278,1789401793517.9502,193.48370265960693,329777.263372,1789401793822.9014,193.51372655964224,329777.29339590005,1789401793852.9253,329777.5457529,194.32063817977905,329778.1009915,1789401794659.837,329778.1009915,551.6572839998754,300.0,0.0,329583.7853446,1789401600339.1987,602.1908376216888,330185.959886,1789402202530.0364
sub-1219300000,ses-001,run-01,0,80,3,4,9,20,34,3,34,3,left,right,2.0,78.56310001807287,True,False,loss,32,195.32250928878784,329779.1020876,1789401795661.708,195.62706995010376,329779.406819,1789401795966.2688,195.70563305012183,329779.48538210004,1789401796044.8318,329779.7401988,196.66233587265015,329780.4426536,1789401797001.5347,329780.4426536,698.1573701329834,300.0,0.0,329583.7853446,1789401600339.1987,602.1908376216888,330185.959886,1789402202530.0364
sub-1219300000,ses-001,run-01,0,81,3,4,10,20,34,3,3,34,right,left,1.0,192.43629998527467,False,True,win,31,197.6648247241974,329781.4443755,1789401798004.0234,197.96948885917664,329781.7489562,1789401798308.6877,198.1619251591619,329781.9413925,1789401798501.124,329782.196869,198.9705789089203,329782.7508293,1789401799309.7778,329782.7508293,549.7876529080464,300.0,0.0,329583.7853446,1789401600339.1987,602.1908376216888,330185.959886,1789402202530.0364
sub-1219300000,ses-001,run-01,0,82,3,4,11,20,34,3,34,3,left,right,2.0,300.79880001721904,True,True,win,31,199.97261667251587,329783.752047,1789401800311.8154,200.27713561058044,329784.0565393,1789401800616.3345,200.57793441059766,329784.35733810003,1789401800917.1333,329784.6093596,201.4583706855774,329785.2384721,1789401801797.5696,329785.2384721,625.329665957589,300.0,0.0,329583.7853446,1789401600339.1987,602.1908376216888,330185.959886,1789402202530.0364
sub-1219300000,ses-001,run-01,0,83,3,4,12,20,34,3,3,34,right,left,2.0,428.58219996560365,True,True,win,31,202.46060490608215,329786.239991,1789401802799.8037,202.76561188697815,329786.5449627,1789401803104.8108,203.19419408694375,329786.97354489996,1789401803533.393,329787.228217,204.1290009021759,329787.9091532,1789401804468.1997,329787.9091532,676.566016617456,300.0,0.0,329583.7853446,1789401600339.1987,602.1908376216888,330185.959886,1789402202530.0364
sub-1219300000,ses-001,run-01,0,84,3,4,13,20,34,3,3,34,right,left,2.0,134.4002999830991,True,True,win,31,205.13160228729248,329788.9109079,1789401805470.801,205.43500661849976,329789.2149644,1789401805774.2056,205.56940691848285,329789.34936469997,1789401805908.606,329789.602485,206.36913204193115,329790.1492877,1789401806708.3308,329790.1492877,542.6617602605808,300.0,0.0,329583.7853446,1789401600339.1987,602.1908376216888,330185.959886,1789402202530.0364
sub-1219300000,ses-001,run-01,0,85,3,4,14,20,34,3,3,34,right,left,2.0,341.85980004258454,True,True,win,31,207.3717963695526,329791.151029,1789401807710.995,207.67621636390686,329791.4555437,1789401808015.4153,208.01807616394944,329791.79740350007,1789401808357.2751,329792.0537106,208.92607760429382,329792.7061344,1789401809265.2764,329792.7061344,648.1045979658878,300.0,0.0,329583.7853446,1789401600339.1987,602.1908376216888,330185.959886,1789402202530.0364
sub-1219300000,ses-001,run-01,0,86,3,4,15,20,34,3,34,3,left,right,1.0,257.85669998731464,False,True,win,31,209.92684721946716,329793.7069143,1789401810266.0461,210.2323136329651,329794.0115109,1789401810571.5125,210.4901703329524,329794.2693676,1789401810829.3691,329794.5246594,211.426167011261,329795.2061403,1789401811765.3657,329795.2061403,677.4142798997705,300.0,0.0,329583.7853446,1789401600339.1987,602.1908376216888,330185.959886,1789402202530.0364
sub-1219300000,ses-001,run-01,0,87,3,4,16,20,34,3,34,3,left,right,1.0,349.1964999702759,False,True,win,31,212.4280560016632,329796.2071612,1789401812767.255,212.73284912109375,329796.5121546,1789401813072.0479,213.08204562106403,329796.8613511,1789401813421.2444,329797.1160252,213.992502450943,329797.7724415,1789401814331.7012,329797.7724415,652.0779254204366,300.0,0.0,329583.7853446,1789401600339.1987,602.1908376216888,330185.959886,1789402202530.0364
sub-1219300000,ses-001,run-01,0,88,3,4,17,20,34,3,34,3,left,right,1.0,423.03370003355667,False,False,loss,32,214.99470448493958,329798.7743802,1789401815333.9033,215.299307346344,329799.0783026,1789401815638.506,215.72234104637755,329799.50133630005,1789401816061.5398,329799.7573715,216.58888912200928,329800.3687015,1789401816928.088,329800.3687015,607.6614269161604,300.0,0.0,329583.7853446,1789401600339.1987,602.1908376216888,330185.959886,1789402202530.0364
sub-1219300000,ses-001,run-01,0,89,3,4,18,20,34,3,3,34,right,left,1.0,786.1516000120901,False,True,win,31,217.59105157852173,329801.3700012,1789401817930.2505,217.89591550827026,329801.6752287,1789401818235.1143,218.68206710828235,329802.4613803,1789401819021.2659,329802.7159343,219.52043747901917,329803.3001031,1789401819859.6362,329803.3001031,580.0197453307883,300.0,0.0,329583.7853446,1789401600339.1987,602.1908376216888,330185.959886,1789402202530.0364
sub-1219300000,ses-001,run-01,0,90,3,4,19,20,34,3,3,34,right,left,1.0,367.8321999614127,False,True,win,31,220.52074790000916,329804.3009027,1789401820859.9468,220.82654547691345,329804.6055246,1789401821165.7444,221.19437767687486,329804.9733568,1789401821533.5767,329805.2296532,222.04332423210144,329805.822203,1789401822382.523,329805.822203,588.857806218906,300.0,0.0,329583.7853446,1789401600339.1987,602.1908376216888,330185.959886,1789402202530.0364
sub-1219300000,ses-001,run-01,0,91,34,5,0,21,34,3,34,3,left,right,1.0,955.6983999791555,True,False,loss,32,223.04620957374573,329806.8249666,1789401823385.4084,223.3506796360016,329807.1296254,1789401823689.8784,224.30637803598074,329808.0853238,1789401824645.577,329808.3406017,225.0910165309906,329808.870487,1789401825430.2153,329808.870487,526.9721477451681,300.0,0.0,329583.7853446,1789401600339.1987,602.1908376216888,330185.959886,1789402202530.0364
sub-1219300000,ses-001,run-01,0,92,34,5,1,21,34,3,3,34,right,left,1.0,837.2111999779008,True,True,win,31,226.093017578125,329809.8716992,1789401826432.2163,226.3976080417633,329810.1762813,1789401826736.807,227.2348192417412,329811.0134925,1789401827574.018,329811.2660908,228.11852145195007,329811.8980624,1789401828457.7202,329811.8980624,628.1426225214082,300.0,0.0,329583.7853446,1789401600339.1987,602.1908376216888,330185.959886,1789402202530.0364
sub-1219300000,ses-001,run-01,0,93,34,5,2,21,34,3,34,3,left,right,1.0,928.9727000286803,True,False,loss,32,229.12144327163696,329812.9000992,1789401829460.642,229.4255609512329,329813.2043686,1789401829764.7598,230.3545336512616,329814.1333413,1789401830693.7324,329814.3904364,231.21895575523376,329814.9978938,1789401831558.1545,329814.9978938,603.263444873997,300.0,0.0,329583.7853446,1789401600339.1987,602.1908376216888,330185.959886,1789402202530.0364
sub-1219300000,ses-001,run-01,0,94,34,5,3,21,34,3,3,34,right,left,1.0,549.0484000183642,True,False,loss,32,232.22072076797485,329815.9996484,1789401832559.9197,232.5255229473114,329816.3043305,1789401832864.7217,233.07457134732977,329816.85337890004,1789401833413.77,329817.1080421,233.85205364227295,329817.6312121,1789401834191.2524,329817.6312121,519.8620130855224,300.0,0.0,329583.7853446,1789401600339.1987,602.1908376216888,330185.959886,1789402202530.0364
sub-1219300000,ses-001,run-01,0,95,34,5,4,21,34,3,3,34,right,left,1.0,531.901599955745,True,True,win,31,234.85429501533508,329818.6330258,1789401835193.494,235.15882015228271,329818.937454,1789401835498.019,235.69072175223846,329819.46935559995,1789401836029.9207,329819.721556,236.61526465415955,329820.3945534,1789401836954.4634,329820.3945534,669.4946674411055,300.0,0.0,329583.7853446,1789401600339.1987,602.1908376216888,330185.959886,1789402202530.0364
sub-1219300000,ses-001,run-01,0,96,34,5,5,21,34,3,34,3,left,right,1.0,537.9650999675505,True,True,win,31,237.61627840995789,329821.3954578,1789401837955.4773,237.9204125404358,329821.6993586,1789401838259.6113,238.45837764040334,329822.2373237,1789401838797.5764,329822.4932375,239.28589534759521,329823.0649408,1789401839625.0942,329823.0649408,567.2268805296263,300.0,0.0,329583.7853446,1789401600339.1987,602.1908376216888,330185.959886,1789402202530.0364
sub-1219300000,ses-001,run-01,0,97,34,5,6,21,34,3,34,3,left,right,1.0,714.6836999454536,True,True,win,31,240.28763699531555,329824.0659559,1789401840626.836,240.59226036071777,329824.3706671,1789401840931.4592,241.30694406066323,329825.08535079996,1789401841646.1428,329825.3407392,242.12974667549133,329825.9085598,1789401842468.9456,329825.9085598,563.8898000281407,300.0,0.0,329583.7853446,1789401600339.1987,602.1908376216888,330185.959886,1789402202530.0364
sub-1219300000,ses-001,run-01,0,98,34,5,7,21,34,3,3,34,right,left,1.0,951.0881999740377,True,False,loss,32,243.13138246536255,329826.9096495,1789401843470.5813,243.43592953681946,329827.2142757,1789401843775.1284,244.3870177367935,329828.16536389996,1789401844726.2166,329828.4201572,245.33574080467224,329829.114676,1789401845674.9397,329829.114676,690.413033762343,300.0,0.0,329583.7853446,1789401600339.1987,602.1908376216888,330185.959886,1789402202530.0364
sub-1219300000,ses-001,run-01,0,99,34,5,8,21,34,3,34,3,left,right,1.0,840.9146000049077,True,False,loss,32,246.33805561065674,329830.1161553,1789401846677.2544,246.64184403419495,329830.4203989,1789401846981.043,247.48275863419985,329831.2613135,1789401847821.9575,329831.5158169,248.25909280776978,329832.0379807,1789401848598.2917,329832.0379807,518.6403860913156,300.0,0.0,329583.7853446,1789401600339.1987,602.1908376216888,330185.959886,1789402202530.0364
sub-1219300000,ses-001,run-01,0,100,34,5,9,21,34,3,34,3,left,right,1.0,837.1256000245921,True,True,win,31,249.26159715652466,329833.0396397,1789401849600.796,249.56531238555908,329833.3442227,1789401849904.5112,250.40243798558367,329834.1813483,1789401850741.6367,329834.4340242,251.23124408721924,329835.0098657,1789401851570.4429,329835.0098657,571.9820605819706,300.0,0.0,329583.7853446,1789401600339.1987,602.1908376216888,330185.959886,1789402202530.0364
sub-1219300000,ses-001,run-01,0,101,34,5,10,21,34,3,34,3,left,right,1.0,761.4745000028051,True,True,win,31,252.23340129852295,329836.011309,1789401852572.6,252.53763914108276,329836.3158231,1789401852876.838,253.29911364108557,329837.0772976,1789401853638.3125,329837.3311611,254.1587839126587,329837.9366363,1789401854497.9827,329837.9366363,601.0016964579229,300.0,0.0,329583.7853446,1789401600339.1987,602.1908376216888,330185.959886,1789402202530.0364
sub-1219300000,ses-001,run-01,0,102,34,5,11,21,34,3,3,34,right,left,1.0,546.0312000359409,True,True,win,31,255.160804271698,329838.9389885,1789401855500.0032,255.46536445617676,329839.2433927,1789401855804.5632,256.0113956562127,329839.7894239,1789401856350.5945,329840.0426405,256.8895421028137,329840.6682315,1789401857228.741,329840.6682315,621.331015993928,300.0,0.0,329583.7853446,1789401600339.1987,602.1908376216888,330185.959886,1789402202530.0364
sub-1219300000,ses-001,run-01,0,103,34,5,12,21,34,3,34,3,left,right,1.0,982.60869999649,True,True,win,31,257.8923017978668,329841.6700946,1789401858231.5007,258.19694447517395,329841.9748253,1789401858536.1433,259.17955317517044,329842.957434,1789401859518.752,329843.2117275,260.0460889339447,329843.8246064,1789401860385.2878,329843.8246064,608.8364440156158,300.0,0.0,329583.7853446,1789401600339.1987,602.1908376216888,330185.959886,1789402202530.0364
sub-1219300000,ses-001,run-01,0,104,34,5,13,21,34,3,34,3,left,right,1.0,874.6575000113808,True,True,win,31,261.04822397232056,329844.8267451,1789401861387.4229,261.35296082496643,329845.1306568,1789401861692.1597,262.2276183249778,329846.0053143,1789401862566.8171,329846.2610842,263.14092326164246,329846.9187499,1789401863480.122,329846.9187499,653.5147006021112,300.0,0.0,329583.7853446,1789401600339.1987,602.1908376216888,330185.959886,1789402202530.0364
sub-1219300000,ses-001,run-01,0,105,34,5,14,21,34,3,34,3,left,right,1.0,523.5736999893561,True,True,win,31,264.1434500217438,329847.9211175,1789401864482.649,264.44808745384216,329848.2257683,1789401864787.2864,264.9716611538315,329848.749342,1789401865310.86,329849.0039988,265.8276333808899,329849.6059713,1789401866166.8323,329849.6059713,598.9747188975475,300.0,0.0,329583.7853446,1789401600339.1987,602.1908376216888,330185.959886,1789402202530.0364
sub-1219300000,ses-001,run-01,0,106,34,5,15,21,34,3,34,3,left,right,1.0,390.8341999631375,True,True,win,31,266.83003306388855,329850.607615,1789401867169.232,267.1321003437042,329850.9105602,1789401867471.299,267.52293454366736,329851.30139439995,1789401867862.1333,329851.5537447,268.3115482330322,329852.089832,1789401868650.747,329852.089832,532.6668007142774,300.0,0.0,329583.7853446,1789401600339.1987,602.1908376216888,330185.959886,1789402202530.0364
sub-1219300000,ses-001,run-01,0,107,34,5,16,21,34,3,3,34,right,left,1.0,433.25659999391064,True,False,loss,32,269.3140676021576,329853.091537,1789401869653.2664,269.6186306476593,329853.3961046,1789401869957.8296,270.0518872476532,329853.8293612,1789401870391.0862,329854.0846793,270.9772741794586,329854.7551358,1789401871316.473,329854.7551358,666.9678272356794,300.0,0.0,329583.7853446,1789401600339.1987,602.1908376216888,330185.959886,1789402202530.0364
sub-1219300000,ses-001,run-01,0,108,34,5,17,21,34,3,34,3,left,right,1.0,472.5806000060402,True,True,win,31,271.9792523384094,329855.7566409,1789401872318.4512,272.2834966182709,329856.0608329,1789401872622.6956,272.7560772182769,329856.5334135,1789401873095.2761,329856.7903782,273.6833462715149,329857.4613842,1789401874022.5452,329857.4613842,667.098135521061,300.0,0.0,329583.7853446,1789401600339.1987,602.1908376216888,330185.959886,1789402202530.0364
sub-1219300000,ses-001,run-01,0,109,34,5,18,21,34,3,34,3,left,right,1.0,822.6099000312388,True,True,win,31,274.6849567890167,329858.4622419,1789401875024.1555,274.98955631256104,329858.7668654,1789401875328.7551,275.8121662125923,329859.58947530005,1789401876151.365,329859.8425532,276.63272190093994,329860.4107212,1789401876971.9207,329860.4107212,564.5013843007645,300.0,0.0,329583.7853446,1789401600339.1987,602.1908376216888,330185.959886,1789402202530.0364
sub-1219300000,ses-001,run-01,0,110,34,5,19,21,34,3,34,3,left,right,1.0,352.50079998513684,True,True,win,31,277.6350247859955,329861.4122005,1789401877974.2236,277.9396753311157,329861.7168544,1789401878278.8743,278.29217613110086,329862.0693552,1789401878631.375,329862.3250167,279.11807131767273,329862.8959482,1789401879457.2703,329862.8959482,567.36960396561,300.0,0.0,329583.7853446,1789401600339.1987,602.1908376216888,330185.959886,1789402202530.0364
sub-1219300000,ses-001,run-01,0,111,34,5,20,21,34,3,34,3,left,right,1.0,308.6345000192523,True,True,win,31,280.1189522743225,329863.8969533,1789401880458.1511,280.4234268665314,329864.2006985,1789401880762.6257,280.7320613665506,329864.509333,1789401881071.2603,329864.7637709,281.62347435951233,329865.4009912,1789401881962.673,329865.4009912,633.8437391129652,300.0,0.0,329583.7853446,1789401600339.1987,602.1908376216888,330185.959886,1789402202530.0364
sub-1219300000,ses-001,run-01,0,112,3,6,0,20,34,3,34,3,left,right,1.0,417.719799967017,False,False,loss,32,282.62490820884705,329866.4029027,1789401882964.107,282.92961049079895,329866.7076266,1789401883268.8093,283.34733029076597,329867.12534639996,1789401883686.529,329867.3815525,284.3049547672272,329868.0827149,1789401884644.1536,329868.0827149,697.6947809056142,300.0,0.0,329583.7853446,1789401600339.1987,602.1908376216888,330185.959886,1789402202530.0364
sub-1219300000,ses-001,run-01,0,113,3,6,1,20,34,3,3,34,right,left,1.0,713.0002999911085,False,False,loss,32,285.3059506416321,329869.0838546,1789401885645.1494,285.61049604415894,329869.3884052,1789401885949.6948,286.32349634415004,329870.10140549997,1789401886662.695,329870.3536226,287.13142681121826,329870.9088922,1789401887470.6257,329870.9088922,552.3551560793715,300.0,0.0,329583.7853446,1789401600339.1987,602.1908376216888,330185.959886,1789402202530.0364
sub-1219300000,ses-001,run-01,0,114,3,6,2,20,34,3,34,3,left,right,1.0,510.37939998786896,False,False,loss,32,288.1327018737793,329871.9104708,1789401888471.9006,288.43785333633423,329872.2149509,1789401888777.0522,288.9482327363221,329872.7253303,1789401889287.4316,329872.9786374,289.86039662361145,329873.6380845,1789401890199.5955,329873.6380845,655.2515408489995,300.0,0.0,329583.7853446,1789401600339.1987,602.1908376216888,330185.959886,1789402202530.0364
sub-1219300000,ses-001,run-01,0,115,3,6,3,20,34,3,34,3,left,right,1.0,502.0970000186935,False,False,loss,32,290.86158561706543,329874.6393559,1789401891200.7844,291.1672103404999,329874.9439963,1789401891506.4092,291.66930734051857,329875.4460933,1789401892008.506,329875.6990148,292.56553649902344,329876.3431249,1789401892904.7354,329876.3431249,640.0833264382657,300.0,0.0,329583.7853446,1789401600339.1987,602.1908376216888,330185.959886,1789402202530.0364
sub-1219300000,ses-001,run-01,0,116,3,6,4,20,34,3,3,34,right,left,1.0,557.0420000003651,False,True,win,31,293.5673530101776,329877.3441271,1789401893906.5518,293.8707363605499,329877.6483065,1789401894209.9353,294.4277783605503,329878.2053485,1789401894766.9773,329878.4574824,295.2618176937103,329879.0393193,1789401895601.0166,329879.0393193,577.8731559411995,300.0,0.0,329583.7853446,1789401600339.1987,602.1908376216888,330185.959886,1789402202530.0364
sub-1219300000,ses-001,run-01,0,117,3,6,5,20,34,3,34,3,left,right,1.0,524.1883000126109,False,False,loss,32,296.26371669769287,329880.0404069,1789401896602.9155,296.5685296058655,329880.3452529,1789401896907.7285,297.0927179058781,329880.8694412,1789401897431.9167,329881.1248924,298.0161294937134,329881.7933513,1789401898355.3284,329881.7933513,664.0479678005065,300.0,0.0,329583.7853446,1789401600339.1987,602.1908376216888,330185.959886,1789402202530.0364
sub-1219300000,ses-001,run-01,0,118,3,6,6,20,34,3,34,3,left,right,1.0,689.3136999569833,False,False,loss,32,299.01847982406616,329882.7959443,1789401899357.6787,299.3230950832367,329883.1001557,1789401899662.294,300.0124087831937,329883.78946939996,1789401900351.6077,329884.0447327,300.9085693359375,329884.6859073,1789401901247.768,329884.6859073,637.3308826594149,300.0,0.0,329583.7853446,1789401600339.1987,602.1908376216888,330185.959886,1789402202530.0364
sub-1219300000,ses-001,run-01,0,119,3,6,7,20,34,3,34,3,left,right,1.0,740.8790999907069,False,False,loss,32,301.91027879714966,329885.6876513,1789401902249.4775,302.215026140213,329885.9924697,1789401902554.2249,302.9559052402037,329886.7333488,1789401903295.104,329886.9871816,303.81704926490784,329887.5944552,1789401904156.248,329887.5944552,603.6626651942918,300.0,0.0,329583.7853446,1789401600339.1987,602.1908376216888,330185.959886,1789402202530.0364
sub-1219300000,ses-001,run-01,0,120,3,6,8,20,34,3,34,3,left,right,2.0,360.7361000031233,True,True,win,31,304.8200283050537,329888.5964585,1789401905159.227,305.12415957450867,329888.9006145,1789401905463.3584,305.4848956745118,329889.2613506,1789401905824.0945,329889.5137116,306.3775475025177,329890.1547676,1789401906716.7463,329890.1547676,637.9370947849586,300.0,0.0,329583.7853446,1789401600339.1987,602.1908376216888,330185.959886,1789402202530.0364
sub-1219300000,ses-001,run-01,0,121,3,6,9,20,34,3,3,34,right,left,2.0,800.1990999910049,True,True,win,31,307.3799059391022,329891.156439,1789401907719.1047,307.6846013069153,329891.4611789,1789401908023.8,308.4848004069063,329892.26137799997,1789401908823.9993,329892.5164782,309.35049700737,329893.1276159,1789401909689.6958,329893.1276159,607.0603754581921,300.0,0.0,329583.7853446,1789401600339.1987,602.1908376216888,330185.959886,1789402202530.0364
sub-1219300000,ses-001,run-01,0,122,3,6,10,20,34,3,34,3,left,right,2.0,483.86189999291673,True,False,loss,32,310.3526530265808,329894.1289692,1789401910691.8518,310.6572263240814,329894.4336301,1789401910996.425,311.14108822407434,329894.917492,1789401911480.2869,329895.1728783,312.0841236114502,329895.8611213,1789401912423.3225,329895.8611213,684.0923972159737,300.0,0.0,329583.7853446,1789401600339.1987,602.1908376216888,330185.959886,1789402202530.0364
sub-1219300000,ses-001,run-01,0,123,3,6,11,20,34,3,34,3,left,right,2.0,510.80150000052527,True,True,win,31,313.08573055267334,329896.8622203,1789401913424.9294,313.3897213935852,329897.1665718,1789401913728.9202,313.90052289358573,329897.6773733,1789401914239.7217,329897.9308884,314.74332070350647,329898.5200439,1789401915082.5195,329898.5200439,585.5756454181954,300.0,0.0,329583.7853446,1789401600339.1987,602.1908376216888,330185.959886,1789402202530.0364
sub-1219300000,ses-001,run-01,0,124,3,6,12,20,34,3,3,34,right,left,2.0,1051.0322999907658,True,False,loss,32,315.7449994087219,329899.5220508,1789401916084.1982,316.05024433135986,329899.8264628,1789401916389.443,317.10127663135063,329900.87749509997,1789401917440.4753,329901.132204,317.8839228153229,329901.6606229,1789401918223.1216,329901.6606229,524.1005008108816,300.0,0.0,329583.7853446,1789401600339.1987,602.1908376216888,330185.959886,1789402202530.0364
sub-1219300000,ses-001,run-01,0,125,3,6,13,20,34,3,34,3,left,right,1.0,782.1927999611944,False,False,loss,32,318.88560152053833,329902.6625216,1789401919224.8003,319.19121074676514,329902.9672428,1789401919530.4097,319.97340354672633,329903.74943559995,1789401920312.6025,329904.0025517,320.91213965415955,329904.6888168,1789401921251.3384,329904.6888168,682.6458327667987,300.0,0.0,329583.7853446,1789401600339.1987,602.1908376216888,330185.959886,1789402202530.0364
sub-1219300000,ses-001,run-01,0,126,3,6,14,20,34,3,34,3,left,right,1.0,363.2821000064723,False,False,loss,32,321.9140205383301,329905.6899764,1789401922253.2195,322.218065738678,329905.9941279,1789401922557.2646,322.58134783868445,329906.35741,1789401922920.5466,329906.6131478,323.4900438785553,329907.2667983,1789401923829.2427,329907.2667983,649.8371863796765,300.0,0.0,329583.7853446,1789401600339.1987,602.1908376216888,330185.959886,1789402202530.0364
sub-1219300000,ses-001,run-01,0,127,3,6,15,20,34,3,3,34,right,left,2.0,56.43990001408383,True,True,win,31,324.491010427475,329908.267852,1789401924830.2092,324.7970995903015,329908.5729458,1789401925136.2983,324.8535394903156,329908.62938570004,1789401925192.7383,329908.8856513,325.70562267303467,329909.4821601,1789401926044.8215,329909.4821601,592.3911398429556,300.0,0.0,329583.7853446,1789401600339.1987,602.1908376216888,330185.959886,1789402202530.0364
sub-1219300000,ses-001,run-01,0,128,3,6,16,20,34,3,3,34,right,left,2.0,456.5747999586165,True,False,loss,32,326.7082962989807,329910.484147,1789401927047.495,327.0128779411316,329910.7887946,1789401927352.0767,327.4694527410902,329911.24536939996,1789401927808.6514,329911.4982556,328.2410442829132,329912.0176399,1789401928580.2432,329912.0176399,515.3534977339318,300.0,0.0,329583.7853446,1789401600339.1987,602.1908376216888,330185.959886,1789402202530.0364
sub-1219300000,ses-001,run-01,0,129,3,6,17,20,34,3,3,34,right,left,2.0,474.8947999905795,True,True,win,31,329.2423791885376,329913.0181754,1789401929581.5781,329.5464231967926,329913.3225149,1789401929885.622,330.0213179967832,329913.7974097,1789401930360.5168,329914.051578,330.7855865955353,329914.5621351,1789401931124.7854,329914.5621351,506.30565309966033,300.0,0.0,329583.7853446,1789401600339.1987,602.1908376216888,330185.959886,1789402202530.0364
sub-1219300000,ses-001,run-01,0,130,3,6,18,20,34,3,34,3,left,right,2.0,529.0242999908514,True,True,win,31,331.78739404678345,329915.5639787,1789401932126.5928,332.09254217147827,329915.8683439,1789401932431.741,332.6215664714691,329916.3973682,1789401932960.7654,329916.6525759,333.46280312538147,329917.2389356,1789401933802.002,329917.2389356,582.5395850699706,300.0,0.0,329583.7853446,1789401600339.1987,602.1908376216888,330185.959886,1789402202530.0364
sub-1219300000,ses-001,run-01,0,131,3,6,19,20,34,3,34,3,left,right,2.0,540.0733000133187,True,False,loss,32,334.4650785923004,329918.2407694,1789401934804.2773,334.7696650028229,329918.5453157,1789401935108.8638,335.3097383028362,329919.085389,1789401935648.937,329919.3402029,336.20871567726135,329919.9851751,1789401936547.9146,329919.9851751,641.0924105476103,300.0,0.0,329583.7853446,1789401600339.1987,602.1908376216888,330185.959886,1789402202530.0364
sub-1219300000,ses-001,run-01,0,132,34,7,0,23,34,3,3,34,right,left,1.0,568.9979000017047,True,True,win,31,337.21204662323,329920.9875996,1789401937551.2454,337.51682806015015,329921.2923817,1789401937856.0269,338.08582596015185,329921.8613796,1789401938425.0247,329922.1164351,338.92434644699097,329922.7006689,1789401939263.5452,329922.7006689,579.7923176437477,300.0,0.0,329583.7853446,1789401600339.1987,602.1908376216888,330185.959886,1789402202530.0364
sub-1219300000,ses-001,run-01,0,133,34,7,1,23,34,3,34,3,left,right,2.0,391.7533999774605,False,True,win,31,339.92670726776123,329923.7021976,1789401940265.906,340.22995233535767,329924.0055594,1789401940569.1511,340.6217057353351,329924.3973128,1789401940960.9045,329924.6553203,341.5296697616577,329925.3056076,1789401941868.8687,329925.3056076,646.9599456451433,300.0,0.0,329583.7853446,1789401600339.1987,602.1908376216888,330185.959886,1789402202530.0364
sub-1219300000,ses-001,run-01,0,134,34,7,2,23,34,3,3,34,right,left,2.0,201.2273999862373,False,False,loss,32,342.53190898895264,329926.3073133,1789401942871.108,342.83639645576477,329926.6120651,1789401943175.5952,343.037623855751,329926.8132925,1789401943376.8225,329927.0700651,343.90041303634644,329927.6758746,1789401944239.6118,329927.6758746,601.1282768724011,300.0,0.0,329583.7853446,1789401600339.1987,602.1908376216888,330185.959886,1789402202530.0364
sub-1219300000,ses-001,run-01,0,135,34,7,3,23,34,3,34,3,left,right,1.0,311.2241000053473,True,False,loss,32,344.90255665779114,329928.6778564,1789401945241.7554,345.2068328857422,329928.9820985,1789401945546.0317,345.51805698574753,329929.2933226,1789401945857.2559,329929.5464711,346.30701780319214,329930.0828063,1789401946646.2166,329930.0828063,533.4217786626796,300.0,0.0,329583.7853446,1789401600339.1987,602.1908376216888,330185.959886,1789402202530.0364
sub-1219300000,ses-001,run-01,0,136,34,7,4,23,34,3,3,34,right,left,1.0,360.2907999884337,True,True,win,31,347.30977296829224,329931.0849901,1789401947648.9717,347.61397886276245,329931.389224,1789401947953.1777,347.9742696627509,329931.7495148,1789401948313.4685,329932.0033161,348.8757789134979,329932.6509446,1789401949214.9778,329932.6509446,643.1280926097133,300.0,0.0,329583.7853446,1789401600339.1987,602.1908376216888,330185.959886,1789402202530.0364
sub-1219300000,ses-001,run-01,0,137,34,7,5,23,34,3,3,34,right,left,1.0,375.895099947229,True,True,win,31,349.87801694869995,329933.6532543,1789401950217.2158,350.1816191673279,329933.9574159,1789401950520.818,350.5575142672751,329934.33331099997,1789401950896.7131,329934.5868614,351.46352553367615,329935.2393008,1789401951802.7244,329935.2393008,648.5017292097382,300.0,0.0,329583.7853446,1789401600339.1987,602.1908376216888,330185.959886,1789402202530.0364
sub-1219300000,ses-001,run-01,0,138,34,7,6,23,34,3,34,3,left,right,2.0,988.1002000183798,False,False,loss,32,352.4655249118805,329936.240931,1789401952804.7236,352.77000975608826,329936.5452158,1789401953109.2085,353.75810995610664,329937.533316,1789401954097.3086,329937.7852251,354.5928201675415,329938.3682617,1789401954932.019,329938.3682617,579.07603528376,300.0,0.0,329583.7853446,1789401600339.1987,602.1908376216888,330185.959886,1789402202530.0364
sub-1219300000,ses-001,run-01,0,139,34,7,7,23,34,3,3,34,right,left,2.0,410.4628000059165,False,False,loss,32,355.59431743621826,329939.3700841,1789401955933.5164,355.8996217250824,329939.6748386,1789401956238.8206,356.3100845250883,329940.0853014,1789401956649.2834,329940.3385102,357.1357548236847,329940.9109224,1789401957474.9536,329940.9109224,568.5297235165154,300.0,0.0,329583.7853446,1789401600339.1987,602.1908376216888,330185.959886,1789402202530.0364
sub-1219300000,ses-001,run-01,0,140,34,7,8,23,34,3,34,3,left,right,1.0,315.5267999973148,True,True,win,31,358.1378674507141,329941.9136758,1789401958477.0662,358.4427230358124,329942.2177495,1789401958781.9219,358.7582498358097,329942.5332763,1789401959097.4487,329942.7862339,359.54466795921326,329943.3197293,1789401959883.8667,329943.3197293,529.4371684386812,300.0,0.0,329583.7853446,1789401600339.1987,602.1908376216888,330185.959886,1789402202530.0364
sub-1219300000,ses-001,run-01,0,141,34,7,9,23,34,3,3,34,right,left,1.0,1091.7961000232026,True,False,loss,32,360.5463466644287,329944.3212505,1789401960885.5454,360.8506031036377,329944.6256011,1789401961189.802,361.9423992036609,329945.7173972,1789401962281.5981,329945.9713571,362.7840642929077,329946.5589516,1789401963123.2632,329946.5589516,583.5702193934752,300.0,0.0,329583.7853446,1789401600339.1987,602.1908376216888,330185.959886,1789402202530.0364
sub-1219300000,ses-001,run-01,0,142,34,7,10,23,34,3,34,3,left,right,1.0,762.6812999951653,True,True,win,31,363.7863233089447,329947.5616097,1789401964125.5222,364.09135723114014,329947.8665883,1789401964430.5562,364.8540385311353,329948.6292696,1789401965193.2375,329948.8823295,365.7741904258728,329949.5489898,1789401966113.3892,329949.5489898,662.9306513708283,300.0,0.0,329583.7853446,1789401600339.1987,602.1908376216888,330185.959886,1789402202530.0364
sub-1219300000,ses-001,run-01,0,143,34,7,11,23,34,3,3,34,right,left,1.0,678.1832000124268,True,False,loss,32,366.7749879360199,329950.5505832,1789401967114.1868,367.08028054237366,329950.8551612,1789401967419.4795,367.7584637423861,329951.5333444,1789401968097.6626,329951.7895563,368.71146059036255,329952.4862653,1789401969050.6594,329952.4862653,692.884834626926,300.0,0.0,329583.7853446,1789401600339.1987,602.1908376216888,330185.959886,1789402202530.0364
sub-1219300000,ses-001,run-01,0,144,34,7,12,23,34,3,34,3,left,right,1.0,669.3378000054508,True,True,win,31,369.7123200893402,329953.4878398,1789401970051.5188,370.0172121524811,329953.791958,1789401970356.411,370.68654995248653,329954.4612958,1789401971025.7488,329954.7170536,371.52982807159424,329955.3044756,1789401971869.0269,329955.3044756,583.7675308222468,300.0,0.0,329583.7853446,1789401600339.1987,602.1908376216888,330185.959886,1789402202530.0364
sub-1219300000,ses-001,run-01,0,145,34,7,13,23,34,3,3,34,right,left,1.0,521.8659000238404,True,True,win,31,372.531503200531,329956.3068515,1789401972870.7021,372.836745262146,329956.6113997,1789401973175.944,373.35861116216984,329957.1332656,1789401973697.81,329957.3855012,374.20083570480347,329957.9754547,1789401974540.0344,329957.9754547,585.6837367742911,300.0,0.0,329583.7853446,1789401600339.1987,602.1908376216888,330185.959886,1789402202530.0364
sub-1219300000,ses-001,run-01,0,146,34,7,14,23,34,3,34,3,left,right,1.0,1034.8332000430673,True,True,win,31,375.20374584198,329958.978284,1789401975542.9446,375.50761890411377,329959.2824461,1789401975846.8176,376.54245210415684,329960.31727930007,1789401976881.651,329960.57354,377.3714430332184,329961.146687,1789401977710.6418,329961.146687,568.1615934754693,300.0,0.0,329583.7853446,1789401600339.1987,602.1908376216888,330185.959886,1789402202530.0364
sub-1219300000,ses-001,run-01,0,147,34,7,15,23,34,3,34,3,left,right,1.0,840.597299975343,True,True,win,31,378.3742458820343,329962.1485654,1789401978713.4448,378.67839789390564,329962.45284,1789401979017.5967,379.518995193881,329963.29343729996,1789401979858.194,329963.5476019,380.46162605285645,329964.2360254,1789401980800.825,329964.2360254,684.1434245989674,300.0,0.0,329583.7853446,1789401600339.1987,602.1908376216888,330185.959886,1789402202530.0364
sub-1219300000,ses-001,run-01,0,148,34,7,16,23,34,3,3,34,right,left,1.0,942.9644000483677,True,True,win,31,381.4622292518616,329965.2377199,1789401981801.428,381.768182516098,329965.5424796,1789401982107.3813,382.7111469161464,329966.48544400005,1789401983050.3457,329966.7389431,383.5190544128418,329967.2934704,1789401983858.2532,329967.2934704,550.3609506857362,300.0,0.0,329583.7853446,1789401600339.1987,602.1908376216888,330185.959886,1789402202530.0364
sub-1219300000,ses-001,run-01,0,149,34,7,17,23,34,3,3,34,right,left,1.0,965.3064999729395,True,True,win,31,384.5206172466278,329968.2954815,1789401984859.8162,384.82567524909973,329968.5999653,1789401985164.874,385.79098174907267,329969.5652718,1789401986130.1804,329969.8205816,386.5554645061493,329970.3297561,1789401986894.6633,329970.3297561,504.1549868008397,300.0,0.0,329583.7853446,1789401600339.1987,602.1908376216888,330185.959886,1789402202530.0364
sub-1219300000,ses-001,run-01,0,150,34,7,18,23,34,3,34,3,left,right,1.0,937.3001999920234,True,True,win,31,387.55700397491455,329971.331973,1789401987896.203,387.86181354522705,329971.6360564,1789401988201.0125,388.7991137452191,329972.5733566,1789401989138.3127,329972.8262012,389.5604076385498,329973.3346122,1789401989899.6064,329973.3346122,504.3912525766654,300.0,0.0,329583.7853446,1789401600339.1987,602.1908376216888,330185.959886,1789402202530.0364
sub-1219300000,ses-001,run-01,0,151,34,7,19,23,34,3,3,34,right,left,,,,,miss,33,390.5616421699524,329974.3361377,1789401990900.841,390.8667325973511,329974.6408891,1789401991205.9314,,,,,392.79182410240173,329976.5659042,1789401993131.023,329976.5659042,666.0373966191415,300.0,0.0,329583.7853446,1789401600339.1987,602.1908376216888,330185.959886,1789402202530.0364
sub-1219300000,ses-001,run-01,0,152,34,7,20,23,34,3,3,34,right,left,1.0,517.9475999902934,True,False,loss,32,393.7925498485565,329977.5673274,1789401994131.7488,394.09731364250183,329977.8713814,1789401994436.5125,394.6152612424921,329978.38932899997,1789401994954.46,329978.6452191,395.3968029022217,329979.1708102,1789401995736.0017,329979.1708102,521.836487599305,300.0,0.0,329583.7853446,1789401600339.1987,602.1908376216888,330185.959886,1789402202530.0364
sub-1219300000,ses-001,run-01,0,153,34,7,21,23,34,3,3,34,right,left,1.0,1160.801000020001,True,True,win,31,396.3985688686371,329980.1723774,1789401996737.7676,396.7027544975281,329980.4765779,1789401997041.9534,397.8635554975481,329981.6373789,1789401998202.7544,329981.8928991,398.7871525287628,329982.5609937,1789401999126.3513,329982.5609937,664.0623725503425,300.0,0.0,329583.7853446,1789401600339.1987,602.1908376216888,330185.959886,1789402202530.0364
sub-1219300000,ses-001,run-01,0,154,34,7,22,23,34,3,3,34,right,left,1.0,474.46060000220314,True,True,win,31,399.78875732421875,329983.5631005,1789402000127.956,400.09227991104126,329983.8668607,1789402000431.4788,400.56674051104346,329984.3413213,1789402000905.9395,329984.596459,401.47480845451355,329985.2486622,1789402001814.0073,329985.2486622,647.9065584462671,300.0,0.0,329583.7853446,1789401600339.1987,602.1908376216888,330185.959886,1789402202530.0364
sub-1219300000,ses-001,run-01,0,155,3,8,0,24,34,3,3,34,right,left,1.0,898.2486000168137,False,False,loss,32,402.47692489624023,329986.2505928,1789402002816.1238,402.78077268600464,329986.5549737,1789402003119.9714,403.67902128602145,329987.45322230004,1789402004018.22,329987.7054516,404.55251288414,329988.3263069,1789402004891.7117,329988.3263069,616.0881832348144,300.0,0.0,329583.7853446,1789401600339.1987,602.1908376216888,330185.959886,1789402202530.0364
sub-1219300000,ses-001,run-01,0,156,3,8,1,24,34,3,34,3,left,right,,,,,miss,33,405.55488324165344,329989.328605,1789402005894.082,405.8591501712799,329989.6329332,1789402006198.349,,,,,407.7081151008606,329991.481812,1789402008047.314,329991.481812,590.3837738645806,300.0,0.0,329583.7853446,1789401600339.1987,602.1908376216888,330185.959886,1789402202530.0364
sub-1219300000,ses-001,run-01,0,157,3,8,2,24,34,3,34,3,left,right,1.0,288.8082000426948,False,False,loss,32,408.71055841445923,329992.484265,1789402009049.7573,409.0147864818573,329992.7884588,1789402009353.9854,409.3035946819,329993.07726700004,1789402009642.7935,329993.3323365,410.25506472587585,329994.0287241,1789402010594.2637,329994.0287241,692.2397487731266,300.0,0.0,329583.7853446,1789401600339.1987,602.1908376216888,330185.959886,1789402202530.0364
sub-1219300000,ses-001,run-01,0,158,3,8,3,24,34,3,34,3,left,right,1.0,926.0245999903418,False,True,win,31,411.25701427459717,329995.0305829,1789402011596.2131,411.56171131134033,329995.335279,1789402011900.9102,412.4877359113307,329996.2613036,1789402012826.9348,329996.5163928,413.26441073417664,329997.0379424,1789402013603.6096,329997.0379424,517.8731514634082,300.0,0.0,329583.7853446,1789401600339.1987,602.1908376216888,330185.959886,1789402202530.0364
sub-1219300000,ses-001,run-01,0,159,3,8,4,24,34,3,3,34,right,left,1.0,461.2667000037618,False,False,loss,32,414.26565194129944,329998.0397305,1789402014604.8508,414.5705349445343,329998.3440346,1789402014909.734,415.03180164453806,329998.8053013,1789402015371.0005,329999.058607,415.89440178871155,329999.6678773,1789402016233.6006,329999.6678773,605.9807808525807,300.0,0.0,329583.7853446,1789401600339.1987,602.1908376216888,330185.959886,1789402202530.0364
sub-1219300000,ses-001,run-01,0,160,3,8,5,24,34,3,3,34,right,left,2.0,839.0785999945365,True,True,win,31,416.8953220844269,330000.669474,1789402017234.521,417.2008316516876,330000.9742295,1789402017540.0305,418.03991025168216,330001.8133081,1789402018379.1091,330002.070446,418.8714017868042,330002.6447896,1789402019210.6006,330002.6447896,570.5422825082243,300.0,0.0,329583.7853446,1789401600339.1987,602.1908376216888,330185.959886,1789402202530.0364
sub-1219300000,ses-001,run-01,0,161,3,8,6,24,34,3,3,34,right,left,2.0,143.0757999769412,True,True,win,31,419.8724637031555,330003.6457524,1789402020211.6626,420.1769275665283,330003.9502529,1789402020516.1265,420.32000336650526,330004.0933287,1789402020659.2021,330004.3480353,421.26195669174194,330005.0352923,1789402021601.1555,330005.0352923,683.5055179612875,300.0,0.0,329583.7853446,1789401600339.1987,602.1908376216888,330185.959886,1789402202530.0364
sub-1219300000,ses-001,run-01,0,162,3,8,7,24,34,3,3,34,right,left,1.0,239.06320001697168,False,False,loss,32,422.26462841033936,330006.0378605,1789402022603.8271,422.56888723373413,330006.3421696,1789402022908.0862,422.8079504337511,330006.58123280003,1789402023147.1494,330006.8349618,423.7488510608673,330007.5221032,1789402024088.0498,330007.5221032,683.0295356717211,300.0,0.0,329583.7853446,1789401600339.1987,602.1908376216888,330185.959886,1789402202530.0364
sub-1219300000,ses-001,run-01,0,163,3,8,8,24,34,3,3,34,right,left,1.0,280.9668999980204,False,False,loss,32,424.7497799396515,330008.5237347,1789402025088.9788,425.0552558898926,330008.8283052,1789402025394.4548,425.3362227898906,330009.1092721,1789402025675.4216,330009.3615041,426.19944620132446,330009.9726304,1789402026538.645,330009.9726304,606.5950049347911,300.0,0.0,329583.7853446,1789401600339.1987,602.1908376216888,330185.959886,1789402202530.0364
sub-1219300000,ses-001,run-01,0,164,3,8,9,24,34,3,34,3,left,right,2.0,318.13999998848885,True,True,win,31,427.20152950286865,330010.9746104,1789402027540.7283,427.50631165504456,330011.2792684,1789402027845.5105,427.82445165503304,330011.5974084,1789402028163.6504,330011.8524153,428.603627204895,330012.3767819,1789402028942.826,330012.3767819,520.2185061451805,300.0,0.0,329583.7853446,1789401600339.1987,602.1908376216888,330185.959886,1789402202530.0364
sub-1219300000,ses-001,run-01,0,165,3,8,10,24,34,3,34,3,left,right,,,,,miss,33,429.60629391670227,330013.3794889,1789402029945.4927,429.9100456237793,330013.6835094,1789402030249.2444,,,,,431.71725511550903,330015.4902971,1789402032056.4539,330015.4902971,548.1789025373442,300.0,0.0,329583.7853446,1789401600339.1987,602.1908376216888,330185.959886,1789402202530.0364
sub-1219300000,ses-001,run-01,0,166,3,8,11,24,34,3,3,34,right,left,2.0,336.7418999550864,True,True,win,31,432.71841859817505,330016.4920958,1789402033057.6174,433.02361941337585,330016.7966091,1789402033362.8184,433.36036131333094,330017.13335099997,1789402033699.5603,330017.3898306,434.3153727054596,330018.0882961,1789402034654.5715,330018.0882961,694.2209909609701,300.0,0.0,329583.7853446,1789401600339.1987,602.1908376216888,330185.959886,1789402202530.0364
sub-1219300000,ses-001,run-01,0,167,3,8,12,24,34,3,3,34,right,left,1.0,682.8280999907292,False,True,win,31,435.3162384033203,330019.0899477,1789402035655.4373,435.6214771270752,330019.3944277,1789402035960.676,436.3043052270659,330020.0772558,1789402036643.5042,330020.3340812,437.17931389808655,330020.9521744,1789402037518.5127,330020.9521744,614.2358796698268,300.0,0.0,329583.7853446,1789401600339.1987,602.1908376216888,330185.959886,1789402202530.0364
sub-1219300000,ses-001,run-01,0,168,3,8,13,24,34,3,34,3,left,right,2.0,258.62739997683093,True,True,win,31,438.180557012558,330021.9539505,1789402038519.7559,438.48579359054565,330022.2586493,1789402038824.9924,438.7444209905225,330022.5172767,1789402039083.6199,330022.7721281,439.55295062065125,330023.3257602,1789402039892.1494,330023.3257602,549.9050190070336,300.0,0.0,329583.7853446,1789401600339.1987,602.1908376216888,330185.959886,1789402202530.0364
sub-1219300000,ses-001,run-01,0,169,3,8,14,24,34,3,34,3,left,right,2.0,884.7610999946482,True,True,win,31,440.555490732193,330024.3281672,1789402040894.6895,440.8592915534973,330024.6325381,1789402041198.4905,441.74405265349196,330025.5172992,1789402042083.2515,330025.7733052,442.5703055858612,330026.3429992,1789402042909.5044,330026.3429992,565.750308918194,300.0,0.0,329583.7853446,1789401600339.1987,602.1908376216888,330185.959886,1789402202530.0364
sub-1219300000,ses-001,run-01,0,170,3,8,15,24,34,3,34,3,left,right,1.0,221.86629998032004,False,False,loss,32,443.5699977874756,330027.3434027,1789402043909.1965,443.8740863800049,330027.6473953,1789402044213.2852,444.0959526799852,330027.86926159996,1789402044435.1514,330028.1253451,444.91435074806213,330028.68746,1789402045253.5496,330028.68746,557.2593868894097,300.0,0.0,329583.7853446,1789401600339.1987,602.1908376216888,330185.959886,1789402202530.0364
sub-1219300000,ses-001,run-01,0,171,3,8,16,24,34,3,34,3,left,right,2.0,451.8445000285283,True,True,win,31,445.9166729450226,330029.6897547,1789402046255.8718,446.22079586982727,330029.9934259,1789402046559.9946,446.6726403698558,330030.4452704,1789402047011.839,330030.7029014,447.4352684020996,330031.2078865,1789402047774.4673,330031.2078865,501.240410904831,300.0,0.0,329583.7853446,1789401600339.1987,602.1908376216888,330185.959886,1789402202530.0364
sub-1219300000,ses-001,run-01,0,172,3,8,17,24,34,3,34,3,left,right,2.0,411.0439000069164,True,True,win,31,448.437383890152,330032.209761,1789402048776.5828,448.7416880130768,330032.5141789,1789402049080.8867,449.1527319130837,330032.9252228,1789402049491.9307,330033.1778109,450.0763728618622,330033.8489775,1789402050415.5718,330033.8489775,667.143716615544,300.0,0.0,329583.7853446,1789401600339.1987,602.1908376216888,330185.959886,1789402202530.0364
sub-1219300000,ses-001,run-01,0,173,3,8,18,24,34,3,3,34,right,left,2.0,178.65770001662895,True,True,win,31,451.0781800746918,330034.850472,1789402051417.379,451.3821053504944,330035.1546024,1789402051721.3042,451.560763050511,330035.33326010004,1789402051899.962,330035.5876995,452.3646790981293,330036.1371256,1789402052703.878,330036.1371256,545.1964719327569,300.0,0.0,329583.7853446,1789401600339.1987,602.1908376216888,330185.959886,1789402202530.0364
sub-1219300000,ses-001,run-01,0,174,3,8,19,24,34,3,34,3,left,right,1.0,521.9554000068456,False,False,loss,32,453.36660718917847,330037.1390441,1789402053705.806,453.67086958885193,330037.4432986,1789402054010.0684,454.1928249888588,330037.965254,1789402054532.0237,330038.2183196,455.08620715141296,330038.8590766,1789402055425.406,330038.8590766,636.166604146337,300.0,0.0,329583.7853446,1789401600339.1987,602.1908376216888,330185.959886,1789402202530.0364
sub-1219300000,ses-001,run-01,0,175,3,8,20,24,34,3,3,34,right,left,2.0,457.16280001215637,True,True,win,31,456.0877606868744,330039.8602775,1789402056426.9595,456.39147114753723,330040.1640763,1789402056730.67,456.8486339475494,330040.6212391,1789402057187.8328,330040.8777189,457.7317531108856,330041.5040365,1789402058070.952,330041.5040365,622.8271099794383,300.0,0.0,329583.7853446,1789401600339.1987,602.1908376216888,330185.959886,1789402202530.0364
sub-1219300000,ses-001,run-01,0,176,3,8,21,24,34,3,34,3,left,right,2.0,587.0515999849886,True,True,win,31,458.73343324661255,330042.5064996,1789402059072.632,459.0379810333252,330042.8102351,1789402059377.18,459.6250326333102,330043.39728669997,1789402059964.2314,330043.6498653,460.4922716617584,330044.2645101,1789402060831.4705,330044.2645101,610.2472003970948,300.0,0.0,329583.7853446,1789401600339.1987,602.1908376216888,330185.959886,1789402202530.0364
sub-1219300000,ses-001,run-01,0,177,3,8,22,24,34,3,3,34,right,left,2.0,554.3831000104547,True,True,win,31,461.49461793899536,330045.2668189,1789402061833.8167,461.7986915111542,330045.5708709,1789402062137.8904,462.35307461116463,330046.125254,1789402062692.2734,330046.3802822,463.1990051269531,330046.971147,1789402063538.2039,330046.971147,586.0107338050142,300.0,0.0,329583.7853446,1789401600339.1987,602.1908376216888,330185.959886,1789402202530.0364
sub-1219300000,ses-001,run-01,0,178,3,8,23,24,34,3,34,3,left,right,2.0,577.1798000205308,True,False,loss,32,464.2001814842224,330047.9721378,1789402064539.3804,464.5040647983551,330048.2761789,1789402064843.2637,465.08124459837563,330048.8533587,1789402065420.4434,330049.1052288,465.9372229576111,330049.7092776,1789402066276.4219,330049.7092776,599.9940660639104,300.0,0.0,329583.7853446,1789401600339.1987,602.1908376216888,330185.959886,1789402202530.0364
sub-1219300000,ses-001,run-01,0,179,34,9,0,22,34,3,34,3,left,right,2.0,573.4816999756731,False,False,loss,32,466.93939089775085,330050.7113384,1789402067278.5898,467.2438142299652,330051.0158199,1789402067583.013,467.8172959299409,330051.5893016,1789402068156.4946,330051.8448906,468.5810785293579,330052.3530905,1789402068920.2773,330052.3530905,504.7211336576285,300.0,0.0,329583.7853446,1789401600339.1987,602.1908376216888,330185.959886,1789402202530.0364
sub-1219300000,ses-001,run-01,0,180,34,9,1,22,34,3,3,34,right,left,2.0,609.7217000206001,False,True,win,31,469.58282351493835,330053.3554783,1789402069922.0225,469.88686180114746,330053.6595114,1789402070226.0605,470.49658350116806,330054.2692331,1789402070835.7822,330054.5247288,471.31946635246277,330055.0914263,1789402071658.6653,330055.0914263,562.7051952876648,300.0,0.0,329583.7853446,1789401600339.1987,602.1908376216888,330185.959886,1789402202530.0364
sub-1219300000,ses-001,run-01,0,181,34,9,2,22,34,3,3,34,right,left,2.0,455.59899997897446,False,True,win,31,472.3210880756378,330056.0930748,1789402072660.2869,472.6256830692291,330056.397604,1789402072964.8818,473.0812820692081,330056.853203,1789402073420.481,330057.1061353,473.91515469551086,330057.6875513,1789402074254.3535,330057.6875513,577.2386142686836,300.0,0.0,329583.7853446,1789401600339.1987,602.1908376216888,330185.959886,1789402202530.0364
sub-1219300000,ses-001,run-01,0,182,34,9,3,22,34,3,34,3,left,right,2.0,484.4717000378296,False,False,loss,32,474.9167604446411,330058.6887029,1789402075255.9592,475.22096943855286,330058.9928296,1789402075560.1682,475.7054411385907,330059.47730130004,1789402076044.64,330059.7327834,476.48860216140747,330060.2603423,1789402076827.801,330060.2603423,523.1962755247064,300.0,0.0,329583.7853446,1789401600339.1987,602.1908376216888,330185.959886,1789402202530.0364
sub-1219300000,ses-001,run-01,0,183,34,9,4,22,34,3,34,3,left,right,2.0,404.51859997119755,False,False,loss,32,477.4920198917389,330061.2638249,1789402077831.2188,477.79645562171936,330061.5687598,1789402078135.6545,478.20097422169056,330061.97327839996,1789402078540.173,330062.228023,479.1107380390167,330062.8824565,1789402079449.9368,330062.8824565,649.4345586379335,300.0,0.0,329583.7853446,1789401600339.1987,602.1908376216888,330185.959886,1789402202530.0364
sub-1219300000,ses-001,run-01,0,184,34,9,5,22,34,3,34,3,left,right,2.0,265.13519999571145,False,True,win,31,480.1116144657135,330063.8840544,1789402080450.8132,480.4166190624237,330064.1882463,1789402080755.8179,480.6817542624194,330064.4533815,1789402081020.9531,330064.705374,481.4381411075592,330065.2097961,1789402081777.3398,330065.2097961,500.25042685394715,300.0,0.0,329583.7853446,1789401600339.1987,602.1908376216888,330185.959886,1789402202530.0364
sub-1219300000,ses-001,run-01,0,185,34,9,6,22,34,3,34,3,left,right,2.0,569.5331000024453,False,False,loss,32,482.43959736824036,330066.2116215,1789402082778.7961,482.7442054748535,330066.5157512,1789402083083.4043,483.31373857485596,330067.0852843,1789402083652.9375,330067.3396522,484.14623737335205,330067.9179165,1789402084485.4363,330067.9179165,574.216846608112,300.0,0.0,329583.7853446,1789401600339.1987,602.1908376216888,330185.959886,1789402202530.0364
sub-1219300000,ses-001,run-01,0,186,34,9,7,22,34,3,34,3,left,right,1.0,389.7529999958351,True,False,loss,32,485.14701533317566,330068.9193178,1789402085486.214,485.45145440101624,330069.2236243,1789402085790.6533,485.84120740101207,330069.6133773,1789402086180.4062,330069.867127,486.7729969024658,330070.5445376,1789402087112.1958,330070.5445376,673.4816056806205,300.0,0.0,329583.7853446,1789401600339.1987,602.1908376216888,330185.959886,1789402202530.0364
sub-1219300000,ses-001,run-01,0,187,34,9,8,22,34,3,34,3,left,right,2.0,169.4174000294879,False,True,win,31,487.7752482891083,330071.5471499,1789402088114.447,488.0804522037506,330071.8518021,1789402088419.6511,488.2498696037801,330072.02121950005,1789402088589.0686,330072.2756551,489.04996061325073,330072.8212563,1789402089389.1594,330072.8212563,541.6076379689587,300.0,0.0,329583.7853446,1789401600339.1987,602.1908376216888,330185.959886,1789402202530.0364
sub-1219300000,ses-001,run-01,0,188,34,9,9,22,34,3,34,3,left,right,1.0,221.44950000802055,True,True,win,31,490.0510711669922,330073.8232144,1789402090390.27,490.35648584365845,330074.1278526,1789402090695.6846,490.57793534366647,330074.3493021,1789402090917.134,330074.6058856,491.4743733406067,330075.2458675,1789402091813.5723,330075.2458675,635.5050083128156,300.0,0.0,329583.7853446,1789401600339.1987,602.1908376216888,330185.959886,1789402202530.0364
sub-1219300000,ses-001,run-01,0,189,34,9,10,22,34,3,3,34,right,left,1.0,605.0734000164084,True,True,win,31,492.47676730155945,330076.2479973,1789402092815.966,492.78089213371277,330076.5522308,1789402093120.091,493.3859655337292,330077.1573042,1789402093725.1646,330077.4114757,494.15768790245056,330077.9289642,1789402094496.8867,330077.9289642,513.4414764426554,300.0,0.0,329583.7853446,1789401600339.1987,602.1908376216888,330185.959886,1789402202530.0364
sub-1219300000,ses-001,run-01,0,190,34,9,11,22,34,3,3,34,right,left,1.0,609.7592000151053,True,False,loss,32,495.15982246398926,330078.9309543,1789402095499.0212,495.464248418808,330079.2355093,1789402095803.4473,496.0740076188231,330079.84526850004,1789402096413.2065,330080.1003518,496.96266746520996,330080.7338717,1789402097301.8662,330080.7338717,629.3499087745147,300.0,0.0,329583.7853446,1789401600339.1987,602.1908376216888,330185.959886,1789402202530.0364
sub-1219300000,ses-001,run-01,0,191,34,9,12,22,34,3,3,34,right,left,1.0,525.6605000467971,True,False,loss,32,497.96375012397766,330081.7352266,1789402098302.949,498.26842188835144,330082.0396296,1789402098607.6206,498.79408238839824,330082.56529010006,1789402099133.281,330082.8187662,499.74236512184143,330083.5135102,1789402100081.564,330083.5135102,690.5743129022384,300.0,0.0,329583.7853446,1789401600339.1987,602.1908376216888,330185.959886,1789402202530.0364
sub-1219300000,ses-001,run-01,0,192,34,9,13,22,34,3,3,34,right,left,2.0,217.19559998018667,False,True,win,31,500.7434940338135,330084.5154022,1789402101082.6929,501.0488429069519,330084.8200306,1789402101388.0417,501.2660385069321,330085.0372262,1789402101605.2373,330085.2928337,502.1231608390808,330085.8942436,1789402102462.3596,330085.8942436,597.9577372276439,300.0,0.0,329583.7853446,1789401600339.1987,602.1908376216888,330185.959886,1789402202530.0364
sub-1219300000,ses-001,run-01,0,193,34,9,14,22,34,3,3,34,right,left,,,,,miss,33,503.1256971359253,330086.897261,1789402103464.896,503.43063855171204,330087.2016743,1789402103769.8374,,,,,505.31306433677673,330089.0839077,1789402105652.2632,330089.0839077,623.0455826736634,300.0,0.0,329583.7853446,1789401600339.1987,602.1908376216888,330185.959886,1789402202530.0364
sub-1219300000,ses-001,run-01,0,194,34,9,15,22,34,3,34,3,left,right,1.0,271.0992000065744,True,False,loss,32,506.3147258758545,330090.085567,1789402106653.9248,506.619304895401,330090.3901176,1789402106958.5037,506.8904040954076,330090.6612168,1789402107229.6028,330090.9135734,507.8068947792053,330091.5778515,1789402108146.0935,330091.5778515,660.7094114789517,300.0,0.0,329583.7853446,1789401600339.1987,602.1908376216888,330185.959886,1789402202530.0364
sub-1219300000,ses-001,run-01,0,195,34,9,16,22,34,3,34,3,left,right,1.0,456.32650004699826,True,True,win,31,508.8099584579468,330092.5807151,1789402109149.1572,509.1140820980072,330092.8849627,1789402109453.281,509.5704085980542,330093.34128920006,1789402109909.6074,330093.5944253,510.487576007843,330094.2584153,1789402110826.775,330094.2584153,659.7651819910899,300.0,0.0,329583.7853446,1789401600339.1987,602.1908376216888,330185.959886,1789402202530.0364
sub-1219300000,ses-001,run-01,0,196,34,9,17,22,34,3,3,34,right,left,1.0,287.73629997158423,True,True,win,31,511.48946928977966,330095.2603803,1789402111828.6682,511.7946479320526,330095.5655789,1789402112133.8467,512.0823842320242,330095.85331519996,1789402112421.583,330096.1089363,512.9286150932312,330096.6992608,1789402113267.814,330096.6992608,586.1034154014309,300.0,0.0,329583.7853446,1789401600339.1987,602.1908376216888,330185.959886,1789402202530.0364
sub-1219300000,ses-001,run-01,0,197,34,9,18,22,34,3,3,34,right,left,1.0,414.9904000223614,True,True,win,31,513.9308381080627,330097.7016173,1789402114270.0369,514.2355370521545,330098.0062843,1789402114574.7358,514.6505274521769,330098.4212747,1789402114989.7263,330098.6748903,515.4760291576385,330099.2467791,1789402115815.228,330099.2467791,567.4481284268385,300.0,0.0,329583.7853446,1789401600339.1987,602.1908376216888,330185.959886,1789402202530.0364
sub-1219300000,ses-001,run-01,0,198,34,9,19,22,34,3,34,3,left,right,2.0,252.5028000236489,False,True,win,31,516.4776930809021,330100.2483093,1789402116816.8918,516.7821078300476,330100.5527478,1789402117121.3066,517.0346106300713,330100.80525060004,1789402117373.8093,330101.06124,517.9372203350067,330101.7078798,1789402118276.4192,330101.7078798,642.7130024547831,300.0,0.0,329583.7853446,1789401600339.1987,602.1908376216888,330185.959886,1789402202530.0364
sub-1219300000,ses-001,run-01,0,199,34,9,20,22,34,3,34,3,left,right,2.0,183.15660004736856,False,False,loss,32,518.9383964538574,330102.7096768,1789402119277.5952,519.2434802055359,330103.0140969,1789402119582.679,519.4266368055833,330103.19725350005,1789402119765.8354,330103.4522476,520.2871360778809,330104.0577263,1789402120626.335,330104.0577263,601.346113032767,300.0,0.0,329583.7853446,1789401600339.1987,602.1908376216888,330185.959886,1789402202530.0364
sub-1219300000,ses-001,run-01,0,200,34,9,21,22,34,3,3,34,right,left,1.0,160.4893999756314,True,True,win,31,521.2895925045013,330105.0602174,1789402121628.7913,521.5937902927399,330105.3648326,1789402121932.989,521.7542796927155,330105.525322,1789402122093.4785,330105.7781044,522.6373462677002,330106.4084745,1789402122976.5452,330106.4084745,626.3374678089956,300.0,0.0,329583.7853446,1789401600339.1987,602.1908376216888,330185.959886,1789402202530.0364
sub-1219300000,ses-001,run-01,0,201,3,10,0,21,34,3,3,34,right,left,1.0,106.55919997952878,False,False,loss,32,523.6398499011993,330107.4101765,1789402123979.0488,523.9443242549896,330107.71472,1789402124283.5232,524.0508834549692,330107.82127919997,1789402124390.0823,330108.0775982,524.9061849117279,330108.6768509,1789402125245.3838,330108.6768509,595.4627885628745,300.0,0.0,329583.7853446,1789401600339.1987,602.1908376216888,330185.959886,1789402202530.0364
sub-1219300000,ses-001,run-01,0,202,3,10,1,21,34,3,34,3,left,right,1.0,165.88330001104623,False,False,loss,32,525.9090316295624,330109.6793539,1789402126248.2305,526.2129848003387,330109.9833841,1789402126552.1836,526.3788681003498,330110.14926740003,1789402126718.067,330110.4067086,527.2070870399475,330110.9773257,1789402127546.286,330110.9773257,566.314176011412,300.0,0.0,329583.7853446,1789401600339.1987,602.1908376216888,330185.959886,1789402202530.0364
sub-1219300000,ses-001,run-01,0,203,3,10,2,21,34,3,3,34,right,left,2.0,368.804200028535,True,True,win,31,528.2087616920471,330111.9798274,1789402128547.9604,528.5141930580139,330112.2845239,1789402128853.3918,528.8829972580425,330112.65332810004,1789402129222.196,330112.9080994,529.7966616153717,330113.5669782,1789402130135.8604,330113.5669782,654.8007592187807,300.0,0.0,329583.7853446,1789401600339.1987,602.1908376216888,330185.959886,1789402202530.0364
sub-1219300000,ses-001,run-01,0,204,3,10,3,21,34,3,3,34,right,left,2.0,252.0920000388287,True,False,loss,32,530.797646522522,330114.5687212,1789402131136.8455,531.1029019355774,330114.8732052,1789402131442.1008,531.3549939356162,330115.12529720005,1789402131694.1929,330115.3809826,532.1614418029785,330115.93156,1789402132500.6406,330115.93156,545.5234485317005,300.0,0.0,329583.7853446,1789401600339.1987,602.1908376216888,330185.959886,1789402202530.0364
sub-1219300000,ses-001,run-01,0,205,3,10,4,21,34,3,34,3,left,right,1.0,14.690699987113476,False,False,loss,32,533.1631350517273,330116.9333534,1789402133502.334,533.4683973789215,330117.2385846,1789402133807.5962,533.4830880789086,330117.25327529997,1789402133822.2869,330117.5057044,534.3481900691986,330118.1182913,1789402134687.389,330118.1182913,608.1167633171365,300.0,0.0,329583.7853446,1789401600339.1987,602.1908376216888,330185.959886,1789402202530.0364
sub-1219300000,ses-001,run-01,0,206,3,10,5,21,34,3,34,3,left,right,1.0,139.83930001268163,False,False,loss,32,535.3505976200104,330119.1206385,1789402135689.7964,535.6551299095154,330119.4253108,1789402135994.3289,535.7949692095281,330119.56515010004,1789402136134.1682,330119.8176749,536.6764543056488,330120.4464276,1789402137015.653,330120.4464276,624.0797616069957,300.0,0.0,329583.7853446,1789401600339.1987,602.1908376216888,330185.959886,1789402202530.0364
sub-1219300000,ses-001,run-01,0,207,3,10,6,21,34,3,34,3,left,right,1.0,109.06829999294132,False,True,win,31,537.677488565445,330121.4481598,1789402138016.6875,537.9822988510132,330121.7523279,1789402138321.4976,538.0913671510061,330121.86139619997,1789402138430.566,330122.11491,538.925300359726,330122.6953732,1789402139264.4993,330122.6953732,576.8435505021768,300.0,0.0,329583.7853446,1789401600339.1987,602.1908376216888,330185.959886,1789402202530.0364
sub-1219300000,ses-001,run-01,0,208,3,10,7,21,34,3,3,34,right,left,1.0,307.02890001703054,False,False,loss,32,539.9273171424866,330123.6972983,1789402140266.5159,540.2317955493927,330124.0022342,1789402140570.9944,540.5388244494097,330124.30926310003,1789402140878.0232,330124.565212,541.3176634311676,330125.0875775,1789402141656.8623,330125.0875775,518.1872768584177,300.0,0.0,329583.7853446,1789401600339.1987,602.1908376216888,330185.959886,1789402202530.0364
sub-1219300000,ses-001,run-01,0,209,3,10,8,21,34,3,3,34,right,left,1.0,930.9993999777362,False,False,loss,32,542.3197584152222,330126.0896446,1789402142658.9573,542.623672246933,330126.3942599,1789402142962.871,543.5546716469107,330127.32525929995,1789402143893.8706,330127.5803345,544.3348107337952,330128.1047079,1789402144674.0095,330128.1047079,520.7709683733104,300.0,0.0,329583.7853446,1789401600339.1987,602.1908376216888,330185.959886,1789402202530.0364
sub-1219300000,ses-001,run-01,0,210,3,10,9,21,34,3,34,3,left,right,1.0,434.16780000552535,False,False,loss,32,545.3369534015656,330129.1067968,1789402145676.1523,545.6412897109985,330129.4111897,1789402145980.4885,546.0754575110041,330129.8453575,1789402146414.6562,330130.0996157,546.9906134605408,330130.7608838,1789402147329.8123,330130.7608838,657.9701830987577,300.0,0.0,329583.7853446,1789401600339.1987,602.1908376216888,330185.959886,1789402202530.0364
sub-1219300000,ses-001,run-01,0,211,3,10,10,21,34,3,34,3,left,right,1.0,258.7059999932535,False,False,loss,32,547.9916126728058,330131.7617419,1789402148330.8115,548.2967867851257,330132.0665777,1789402148635.9856,548.555492785119,330132.3252837,1789402148894.6917,330132.5798983,549.4544365406036,330133.2242204,1789402149793.6353,330133.2242204,639.0353966905078,300.0,0.0,329583.7853446,1789401600339.1987,602.1908376216888,330185.959886,1789402202530.0364
sub-1219300000,ses-001,run-01,0,212,3,10,11,21,34,3,34,3,left,right,1.0,155.5551000055857,False,False,loss,32,550.4553039073944,330134.2252762,1789402150794.5027,550.7600727081299,330134.5296705,1789402151099.2715,550.9156278081355,330134.6852256,1789402151254.8267,330134.937662,551.8616592884064,330135.6315866,1789402152200.8582,330135.6315866,689.1997666879043,300.0,0.0,329583.7853446,1789401600339.1987,602.1908376216888,330185.959886,1789402202530.0364
sub-1219300000,ses-001,run-01,0,213,3,10,12,21,34,3,3,34,right,left,2.0,204.0569999953732,True,True,win,31,552.8635764122009,330136.6335119,1789402153202.7751,553.1675357818604,330136.9372227,1789402153506.7346,553.3715927818557,330137.1412797,1789402153710.7915,330137.3950622,554.1387231349945,330137.9083881,1789402154477.9219,330137.9083881,509.2712032943658,300.0,0.0,329583.7853446,1789401600339.1987,602.1908376216888,330185.959886,1789402202530.0364
sub-1219300000,ses-001,run-01,0,214,3,10,13,21,34,3,34,3,left,right,1.0,406.11849998822436,False,False,loss,32,555.1403176784515,330138.9100078,1789402155479.5166,555.4456355571747,330139.215095,1789402155784.8345,555.8517540571629,330139.6212135,1789402156190.953,330139.8735362,556.6582081317902,330140.4278161,1789402156997.407,330140.4278161,550.5035073425854,300.0,0.0,329583.7853446,1789401600339.1987,602.1908376216888,330185.959886,1789402202530.0364
sub-1219300000,ses-001,run-01,0,215,3,10,14,21,34,3,34,3,left,right,2.0,334.7866000258364,True,True,win,31,557.6606812477112,330141.4304019,1789402157999.8801,557.9646384716034,330141.7345777,1789402158303.8374,558.2994250716292,330142.0693643,1789402158638.624,330142.3230002,559.1660513877869,330142.9354156,1789402159505.2502,330142.9354156,608.4352374446939,300.0,0.0,329583.7853446,1789401600339.1987,602.1908376216888,330185.959886,1789402202530.0364
sub-1219300000,ses-001,run-01,0,216,3,10,15,21,34,3,34,3,left,right,2.0,347.5190000026487,True,True,win,31,560.1678116321564,330143.9371929,1789402160507.0105,560.4722228050232,330144.2417427,1789402160811.4216,560.8197418050258,330144.5892617,1789402161158.9407,330144.8451864,561.6951999664307,330145.4646209,1789402162034.3987,330145.4646209,615.2774145317503,300.0,0.0,329583.7853446,1789401600339.1987,602.1908376216888,330185.959886,1789402202530.0364
sub-1219300000,ses-001,run-01,0,217,3,10,16,21,34,3,34,3,left,right,2.0,194.24369995249435,True,True,win,31,562.6973428726196,330146.4667623,1789402163036.5417,563.0017173290253,330146.7711215,1789402163340.9163,563.1959610289778,330146.96536519995,1789402163535.16,330147.2187683,564.0904920101166,330147.8598618,1789402164429.691,330147.8598618,637.1724480663992,300.0,0.0,329583.7853446,1789401600339.1987,602.1908376216888,330185.959886,1789402202530.0364
sub-1219300000,ses-001,run-01,0,218,3,10,17,21,34,3,34,3,left,right,2.0,470.8944000303745,True,False,loss,32,565.0917727947235,330148.8616017,1789402165430.9717,565.3971199989319,330149.1664568,1789402165736.3188,565.8680143989623,330149.63735120004,1789402166207.2131,330149.8902463,566.7785074710846,330150.5478003,1789402167117.7063,330150.5478003,653.7535471596539,300.0,0.0,329583.7853446,1789401600339.1987,602.1908376216888,330185.959886,1789402202530.0364
sub-1219300000,ses-001,run-01,0,219,3,10,18,21,34,3,3,34,right,left,1.0,464.1103000030853,False,False,loss,32,567.7793705463409,330151.5492466,1789402168118.5693,568.0839152336121,330151.853174,1789402168423.114,568.5480255336151,330152.3172843,1789402168887.2244,330152.5726713,569.4658217430115,330153.2350184,1789402169805.0205,330153.2350184,658.3255357172633,300.0,0.0,329583.7853446,1789401600339.1987,602.1908376216888,330185.959886,1789402202530.0364
sub-1219300000,ses-001,run-01,0,220,3,10,19,21,34,3,34,3,left,right,2.0,160.31720000319183,True,True,win,31,570.4673430919647,330154.2365797,1789402170806.542,570.7717325687408,330154.5409753,1789402171110.9314,570.932049768744,330154.7012925,1789402171271.2485,330154.95378,571.7966899871826,330155.5657785,1789402172135.889,330155.5657785,607.7791228691271,300.0,0.0,329583.7853446,1789401600339.1987,602.1908376216888,330185.959886,1789402202530.0364
sub-1219300000,ses-001,run-01,0,221,3,10,20,21,34,3,3,34,right,left,1.0,60.547899978701025,False,False,loss,32,572.7994039058685,330156.5683455,1789402173138.6028,573.1035785675049,330156.8726889,1789402173442.7773,573.1641264674836,330156.93323679996,1789402173503.3252,330157.1899,573.9697420597076,330157.7387699,1789402174308.941,330157.7387699,545.227851238899,300.0,0.0,329583.7853446,1789401600339.1987,602.1908376216888,330185.959886,1789402202530.0364
sub-1219300000,ses-001,run-01,0,222,34,11,0,20,34,3,3,34,right,left,1.0,192.08519998937845,True,True,win,31,574.9714074134827,330158.7411122,1789402175310.6062,575.27614402771,330159.0452415,1789402175615.3428,575.4682292276993,330159.2373267,1789402175807.428,330159.493572,576.3048477172852,330160.0739047,1789402176644.0466,330160.0739047,576.4692183094381,300.0,0.0,329583.7853446,1789401600339.1987,602.1908376216888,330185.959886,1789402202530.0364
sub-1219300000,ses-001,run-01,0,223,34,11,1,20,34,3,3,34,right,left,2.0,185.1702999556437,False,False,loss,32,577.3066649436951,330161.075543,1789402177645.8638,577.611052274704,330161.3800733,1789402177950.2512,577.7962225746596,330161.56524359994,1789402178135.4216,330161.8180104,578.6581814289093,330162.4272161,1789402178997.3804,330162.4272161,605.2089903897321,300.0,0.0,329583.7853446,1789401600339.1987,602.1908376216888,330185.959886,1789402202530.0364
sub-1219300000,ses-001,run-01,0,224,34,11,2,20,34,3,34,3,left,right,2.0,110.82509998232126,False,True,win,31,579.660558462143,330163.4297524,1789402179999.7573,579.9653556346893,330163.7343398,1789402180304.5544,580.0761807346717,330163.8451649,1789402180415.3796,330164.1018501,581.0226821899414,330164.7914342,1789402181361.881,330164.7914342,685.477625908593,300.0,0.0,329583.7853446,1789401600339.1987,602.1908376216888,330185.959886,1789402202530.0364
sub-1219300000,ses-001,run-01,0,225,34,11,3,20,34,3,34,3,left,right,2.0,339.66649998910725,False,True,win,31,582.0237848758698,330165.7932644,1789402182362.9836,582.3286304473877,330166.0975465,1789402182667.8293,582.6682969473768,330166.43721299997,1789402183007.4958,330166.690319,583.5957899093628,330167.3645885,1789402183934.9888,330167.3645885,670.239798207975,300.0,0.0,329583.7853446,1789401600339.1987,602.1908376216888,330185.959886,1789402202530.0364
sub-1219300000,ses-001,run-01,0,226,34,11,4,20,34,3,34,3,left,right,1.0,126.80120003642514,True,True,win,31,584.5973062515259,330168.3659502,1789402184936.5051,584.9016103744507,330168.6703874,1789402185240.809,585.0284115744871,330168.79718860006,1789402185367.6104,330169.0529792,585.9314711093903,330169.7002543,1789402186270.67,330169.7002543,643.6200810365333,300.0,0.0,329583.7853446,1789401600339.1987,602.1908376216888,330185.959886,1789402202530.0364
sub-1219300000,ses-001,run-01,0,227,34,11,5,20,34,3,3,34,right,left,1.0,358.8027000078,True,True,win,31,586.9323897361755,330170.7019154,1789402187271.5886,587.2378449440002,330171.006586,1789402187577.0437,587.596647644008,330171.3653887,1789402187935.8464,330171.6199819,588.5400886535645,330172.3088397,1789402188879.2876,330172.3088397,684.5460791434417,300.0,0.0,329583.7853446,1789401600339.1987,602.1908376216888,330185.959886,1789402202530.0364
sub-1219300000,ses-001,run-01,0,228,34,11,6,20,34,3,34,3,left,right,1.0,414.7489000461064,True,False,loss,32,589.5412721633911,330173.3106459,1789402189880.471,589.8458378314972,330173.6144535,1789402190185.0366,590.2605867315433,330174.02920240007,1789402190599.7854,330174.2830115,591.0556194782257,330174.8242496,1789402191394.8184,330174.8242496,537.5517752929959,300.0,0.0,329583.7853446,1789401600339.1987,602.1908376216888,330185.959886,1789402202530.0364
sub-1219300000,ses-001,run-01,0,229,34,11,7,20,34,3,34,3,left,right,1.0,242.28950001997873,True,True,win,31,592.0566172599792,330175.8259659,1789402192395.8162,592.3619406223297,330176.1309547,1789402192701.1394,592.6042301223497,330176.3732442,1789402192943.429,330176.6296122,593.4427115917206,330177.2117496,1789402193781.9104,330177.2117496,578.391236082884,300.0,0.0,329583.7853446,1789401600339.1987,602.1908376216888,330185.959886,1789402202530.0364
sub-1219300000,ses-001,run-01,0,230,34,11,8,20,34,3,3,34,right,left,2.0,353.52120001334697,False,False,loss,32,594.4426829814911,330178.2118181,1789402194781.8818,594.747638463974,330178.5161418,1789402195086.8374,595.1011596639873,330178.869663,1789402195440.3586,330179.1242226,595.8721315860748,330179.6406447,1789402196211.3303,330179.6406447,512.2789531002674,300.0,0.0,329583.7853446,1789401600339.1987,602.1908376216888,330185.959886,1789402202530.0364
sub-1219300000,ses-001,run-01,0,231,34,11,9,20,34,3,3,34,right,left,2.0,434.0164000168443,False,True,win,31,596.8746061325073,330180.6430294,1789402197213.805,597.1788244247437,330180.9472812,1789402197518.0232,597.6128408247605,330181.3812976,1789402197952.0396,330181.6353305,598.497300863266,330182.2657759,1789402198836.4998,330182.2657759,626.1915424750484,300.0,0.0,329583.7853446,1789401600339.1987,602.1908376216888,330185.959886,1789402202530.0364
sub-1219300000,ses-001,run-01,0,232,34,11,10,20,34,3,3,34,right,left,2.0,551.8462000181898,False,True,win,31,599.4993097782135,330183.2684684,1789402199838.5085,599.8049941062927,330183.5733332,1789402200144.1929,600.3568403063109,330184.1251794,1789402200696.039,330184.3773901,601.1898953914642,330184.9582175,1789402201529.0942,330184.9582175,576.9311643311385,300.0,0.0,329583.7853446,1789401600339.1987,602.1908376216888,330185.959886,1789402202530.0364
