subject_id	session_id	run	localizer	trial_num	current_good	contingency_id	trial_in_contingency	contingency_trials	flower1	flower2	left_stimulus	right_stimulus	slot1_position	slot2_position	choice	rt	correct	reward	outcome	feedback_marker	trial_start_task_time	trial_start_lsl_time	trial_start_unix_time	choice_window_onset_task_time	choice_window_onset_lsl_time	choice_window_onset_unix_time	choice_onset_task_time	choice_onset_lsl_time	choice_onset_unix_time	choice_marker_send_lsl_time	feedback_onset_task_time	feedback_onset_lsl_time	feedback_onset_unix_time	lsl_marker_send_time	wait_time	iti	run_start_task_time	run_start_lsl_time	run_start_unix_time	run_end_task_time	run_end_lsl_time	run_end_unix_time
sub-10166	ses-1	run-02	0	1	43	1	0	23	25	43	43	25	right	left	1.0	868.0777999998099	False	True	win	31	0.0010006427764892578	3135.8273686	1790892843076.6301	0.33938026428222656	3136.1663489	1790892843415.0098	1.2074580642820365	3137.0344266999996	1790892844283.0876	3137.2908098	2.164019823074341	3137.9903406	1790892845239.6494	3137.9903406	695.9046395435045	300.0	0.0	3135.8272941	1790892843075.6294	602.7983510494232	3738.5996987	1790893445873.9805
sub-10166	ses-1	run-02	0	2	43	1	1	23	25	43	43	25	right	left	1.0	378.04730000016207	False	True	win	31	3.1661276817321777	3138.992208	1790892846241.757	3.470435380935669	3139.2966006	1790892846546.065	3.848482680935831	3139.6746479000003	1790892846924.1123	3139.9304632	4.806824445724487	3140.6327687	1790892847882.4539	3140.6327687	698.6151838624102	300.0	0.0	3135.8272941	1790892843075.6294	602.7983510494232	3738.5996987	1790893445873.9805
sub-10166	ses-1	run-02	0	3	43	1	2	23	25	43	43	25	right	left	1.0	351.99569999986124	False	True	win	31	5.808376789093018	3141.6342887	1790892848884.0063	6.112608194351196	3141.9384278	1790892849188.2375	6.4646038943510575	3142.2904235	1790892849540.2332	3142.5459741	7.352626800537109	3143.1782792	1790892850428.2563	3143.1782792	628.1734354310513	300.0	0.0	3135.8272941	1790892843075.6294	602.7983510494232	3738.5996987	1790893445873.9805
sub-10166	ses-1	run-02	0	4	43	1	3	23	25	43	43	25	right	left	1.0	317.55810000004203	False	False	loss	32	8.354968309402466	3144.1806416	1790892851430.598	8.659486770629883	3144.4849795	1790892851735.1162	8.977044870629925	3144.8025376	1790892852052.6743	3145.0589145	9.812875032424927	3145.6382887	1790892852888.5044	3145.6382887	575.2931109310193	300.0	0.0	3135.8272941	1790892843075.6294	602.7983510494232	3738.5996987	1790893445873.9805
sub-10166	ses-1	run-02	0	5	43	1	4	23	25	43	25	43	left	right	1.0	393.5077999999521	False	False	loss	32	10.81546139717102	3146.6407675	1790892853891.0908	11.11928129196167	3146.944904	1790892854194.9106	11.512789091961622	3147.3384118	1790892854588.4185	3147.5933726	12.42760682106018	3148.2526906	1790892855503.2363	3148.2526906	655.5317492092034	300.0	0.0	3135.8272941	1790892843075.6294	602.7983510494232	3738.5996987	1790893445873.9805
sub-10166	ses-1	run-02	0	6	43	1	5	23	25	43	43	25	right	left	1.0	339.2788000001019	False	True	win	31	13.428744792938232	3149.2544661	1790892856504.3743	13.734229564666748	3149.5591451	1790892856809.8591	14.07350836466685	3149.8984239	1790892857149.138	3150.1521521	14.95779013633728	3150.7825605	1790892858033.4197	3150.7825605	626.1005124752132	300.0	0.0	3135.8272941	1790892843075.6294	602.7983510494232	3738.5996987	1790893445873.9805
sub-10166	ses-1	run-02	0	7	43	1	6	23	25	43	25	43	left	right	1.0	650.3370999998879	False	False	loss	32	15.959589719772339	3151.7841332	1790892859035.2192	16.263641834259033	3152.0881106	1790892859339.2712	16.91397893425892	3152.7384477	1790892859989.6084	3152.9927313	17.681214332580566	3153.5054876	1790892860756.8438	3153.5054876	508.66981237071496	300.0	0.0	3135.8272941	1790892843075.6294	602.7983510494232	3738.5996987	1790893445873.9805
sub-10166	ses-1	run-02	0	8	43	1	7	23	25	43	25	43	left	right	2.0	358.72070000004896	True	True	win	31	18.683210611343384	3154.5075902	1790892861758.84	18.98739457130432	3154.8118807	1790892862063.024	19.34611527130437	3155.1706014	1790892862421.7446	3155.4257177	20.168261766433716	3155.9923935	1790892863243.8914	3155.9923935	562.7482506231947	300.0	0.0	3135.8272941	1790892843075.6294	602.7983510494232	3738.5996987	1790893445873.9805
sub-10166	ses-1	run-02	0	9	43	1	8	23	25	43	43	25	right	left	2.0	344.01419999994687	True	True	win	31	21.170111417770386	3156.9940432	1790892864245.741	21.473962545394897	3157.2984354	1790892864549.592	21.817976745394844	3157.6424496	1790892864893.6062	3157.896881	22.774762868881226	3158.5986316	1790892865850.3923	3158.5986316	697.9637660499108	300.0	0.0	3135.8272941	1790892843075.6294	602.7983510494232	3738.5996987	1790893445873.9805
sub-10166	ses-1	run-02	0	10	43	1	9	23	25	43	43	25	right	left	2.0	345.97130000020115	True	True	win	31	23.776598691940308	3159.6002159	1790892866852.2283	24.080353021621704	3159.9044792	1790892867155.9824	24.426324321621905	3160.2504505	1790892867501.9536	3160.5038178	25.213541746139526	3161.036935	1790892868289.1711	3161.036935	529.952513546513	300.0	0.0	3135.8272941	1790892843075.6294	602.7983510494232	3738.5996987	1790893445873.9805
sub-10166	ses-1	run-02	0	11	43	1	10	23	25	43	25	43	left	right	2.0	387.1689999996306	True	True	win	31	26.215858936309814	3162.0392794	1790892869291.4885	26.5198495388031	3162.3432339	1790892869595.479	26.90701853880273	3162.7304028999997	1790892869982.648	3162.9864994	27.724533796310425	3163.5478228	1790892870800.1633	3163.5478228	556.4223876242321	300.0	0.0	3135.8272941	1790892843075.6294	602.7983510494232	3738.5996987	1790893445873.9805
sub-10166	ses-1	run-02	0	12	43	1	11	23	25	43	43	25	right	left	2.0	356.310300000132	True	True	win	31	28.72679328918457	3164.5499646	1790892871802.4229	29.031155586242676	3164.8541403	1790892872106.7852	29.387465886242808	3165.2104506	1790892872463.0955	3165.4621078	30.21926474571228	3166.0423443	1790892873294.8943	3166.0423443	575.356448238541	300.0	0.0	3135.8272941	1790892843075.6294	602.7983510494232	3738.5996987	1790893445873.9805
sub-10166	ses-1	run-02	0	13	43	1	12	23	25	43	25	43	left	right	2.0	358.05600000003324	True	True	win	31	31.221485376358032	3167.044207	1790892874297.1147	31.525578260421753	3167.3483659	1790892874601.2078	31.883634260421786	3167.7064219	1790892874959.2637	3167.9615343	32.82577037811279	3168.6492136	1790892875901.4	3168.6492136	683.6652471176819	300.0	0.0	3135.8272941	1790892843075.6294	602.7983510494232	3738.5996987	1790893445873.9805
sub-10166	ses-1	run-02	0	14	43	1	13	23	25	43	43	25	right	left	2.0	575.2466999997523	True	True	win	31	33.828490257263184	3169.6509	1790892876904.1196	34.1327064037323	3169.955169	1790892877208.336	34.70795310373205	3170.5304156999996	1790892877783.5825	3170.7839593	35.54240942001343	3171.3647305	1790892878618.0388	3171.3647305	576.196936607722	300.0	0.0	3135.8272941	1790892843075.6294	602.7983510494232	3738.5996987	1790893445873.9805
sub-10166	ses-1	run-02	0	15	43	1	14	23	25	43	25	43	left	right	2.0	348.0314999997063	True	True	win	31	36.54393124580383	3172.3660909	1790892879619.5608	36.84819149971008	3172.6703688	1790892879923.821	37.19622299970979	3173.0184002999995	1790892880271.8525	3173.2742328	38.023677110672	3173.8457028	1790892881099.3066	3173.8457028	567.8947892608353	300.0	0.0	3135.8272941	1790892843075.6294	602.7983510494232	3738.5996987	1790893445873.9805
sub-10166	ses-1	run-02	0	16	43	1	15	23	25	43	25	43	left	right	2.0	338.37549999998373	True	True	win	31	39.02556276321411	3174.8474908	1790892882101.1921	39.3302264213562	3175.1520667	1790892882405.856	39.668601921356185	3175.4904422	1790892882744.2314	3175.7457718	40.61685228347778	3176.4386174	1790892883692.4817	3176.4386174	689.470622582077	300.0	0.0	3135.8272941	1790892843075.6294	602.7983510494232	3738.5996987	1790893445873.9805
sub-10166	ses-1	run-02	0	17	43	1	16	23	25	43	25	43	left	right	2.0	353.4992999998394	True	False	loss	32	41.619152307510376	3177.4405595	1790892884694.7817	41.92338442802429	3177.7449273	1790892884999.014	42.27688372802413	3178.0984266	1790892885352.5132	3178.3531227	43.08991980552673	3178.9113163	1790892886165.5493	3178.9113163	554.1720795376807	300.0	0.0	3135.8272941	1790892843075.6294	602.7983510494232	3738.5996987	1790893445873.9805
sub-10166	ses-1	run-02	0	18	43	1	17	23	25	43	43	25	right	left	2.0	328.9334000000963	True	True	win	31	44.09163689613342	3179.9131291	1790892887167.2664	44.396241664886475	3180.2174571	1790892887471.871	44.72517506488657	3180.5463905	1790892887800.8044	3180.8006076	45.510966300964355	3181.331963	1790892888586.5957	3181.331963	526.6242528960493	300.0	0.0	3135.8272941	1790892843075.6294	602.7983510494232	3738.5996987	1790893445873.9805
sub-10166	ses-1	run-02	0	19	43	1	18	23	25	43	25	43	left	right	2.0	356.04940000030183	True	False	loss	32	46.51278495788574	3182.3337229	1790892889588.4146	46.817447662353516	3182.6383788	1790892889893.0771	47.17349706235382	3182.9944282	1790892890249.1265	3183.2464106	47.95140814781189	3183.772236	1790892891027.0376	3183.772236	521.3764575285517	300.0	0.0	3135.8272941	1790892843075.6294	602.7983510494232	3738.5996987	1790893445873.9805
sub-10166	ses-1	run-02	0	20	43	1	19	23	25	43	43	25	right	left	2.0	276.2825999998313	True	True	win	31	48.95338225364685	3184.7739041	1790892892029.0117	49.25757884979248	3185.0781478	1790892892333.2083	49.53386144979231	3185.3544303999997	1790892892609.491	3185.6112768	50.39719104766846	3186.217712	1790892893472.8206	3186.217712	602.010294514892	300.0	0.0	3135.8272941	1790892843075.6294	602.7983510494232	3738.5996987	1790893445873.9805
sub-10166	ses-1	run-02	0	21	43	1	20	23	25	43	25	43	left	right	2.0	327.2914999997738	True	True	win	31	51.39888310432434	3187.2192149	1790892894474.5127	51.70303654670715	3187.5232557	1790892894778.666	52.03032804670693	3187.8505471999997	1790892895105.9575	3188.1073932	52.974486112594604	3188.7946368	1790892896050.1155	3188.7946368	683.8354980592844	300.0	0.0	3135.8272941	1790892843075.6294	602.7983510494232	3738.5996987	1790893445873.9805
sub-10166	ses-1	run-02	0	22	43	1	21	23	25	43	43	25	right	left	2.0	334.02380000006815	True	True	win	31	53.974939823150635	3189.7958314	1790892897050.5693	54.280365228652954	3190.1004047	1790892897355.9946	54.61438902865302	3190.4344285	1790892897690.0183	3190.6894966	55.489805936813354	3191.3096311	1790892898565.4353	3191.3096311	615.3349864705688	300.0	0.0	3135.8272941	1790892843075.6294	602.7983510494232	3738.5996987	1790893445873.9805
sub-10166	ses-1	run-02	0	23	43	1	22	23	25	43	25	43	left	right	2.0	417.9589999998825	True	True	win	31	56.492289781570435	3192.3119881	1790892899567.9192	56.796812534332275	3192.616521	1790892899872.442	57.21477153433216	3193.03448	1790892900290.401	3193.2907214	58.12551712989807	3193.9451494	1790892901201.1465	3193.9451494	650.1442039244023	300.0	0.0	3135.8272941	1790892843075.6294	602.7983510494232	3738.5996987	1790893445873.9805
sub-10166	ses-1	run-02	0	24	25	2	0	20	25	43	25	43	left	right	2.0	319.59509999978764	False	False	loss	32	59.12693667411804	3194.9466523	1790892902202.5662	59.43150520324707	3195.2509076	1790892902507.1348	59.75110030324686	3195.5705027	1790892902826.73	3195.8250418	60.64779281616211	3196.4670903	1790892903723.4224	3196.4670903	637.9944892441252	300.0	0.0	3135.8272941	1790892843075.6294	602.7983510494232	3738.5996987	1790893445873.9805
sub-10166	ses-1	run-02	0	25	25	2	1	20	25	43	25	43	left	right	2.0	437.21110000024055	False	False	loss	32	61.64995765686035	3197.4689797	1790892904725.5872	61.95413112640381	3197.7732641	1790892905029.7605	62.39134222640405	3198.2104752	1790892905466.9717	3198.466768	63.16629695892334	3198.9853093	1790892906241.9265	3198.9853093	514.657288676208	300.0	0.0	3135.8272941	1790892843075.6294	602.7983510494232	3738.5996987	1790893445873.9805
sub-10166	ses-1	run-02	0	26	25	2	2	20	25	43	25	43	left	right	2.0	350.92919999988226	False	False	loss	32	64.16813611984253	3199.9869207	1790892907243.7656	64.4727246761322	3200.2914983	1790892907548.3542	64.82365387613208	3200.6424275	1790892907899.2834	3200.8957163	65.77421879768372	3201.5928384	1790892908849.8484	3201.5928384	692.4792195584038	300.0	0.0	3135.8272941	1790892843075.6294	602.7983510494232	3738.5996987	1790893445873.9805
sub-10166	ses-1	run-02	0	27	25	2	3	20	25	43	25	43	left	right	1.0	447.71350000019083	True	True	win	31	66.77570796012878	3202.5941512	1790892909851.3374	67.08025121688843	3202.8987357	1790892910155.8806	67.52796471688862	3203.3464492000003	1790892910603.594	3203.6027576	68.47448110580444	3204.2928425	1790892911550.1106	3204.2928425	685.4561453923362	300.0	0.0	3135.8272941	1790892843075.6294	602.7983510494232	3738.5996987	1790893445873.9805
sub-10166	ses-1	run-02	0	28	25	2	4	20	25	43	43	25	right	left	1.0	395.7430000000386	True	True	win	31	69.47602868080139	3205.2941436	1790892912551.6582	69.78077578544617	3205.598802	1790892912856.4053	70.1765187854462	3205.994545	1790892913252.1482	3206.2477503	70.99599504470825	3206.8141037	1790892914071.6245	3206.8141037	561.0078385012606	300.0	0.0	3135.8272941	1790892843075.6294	602.7983510494232	3738.5996987	1790893445873.9805
sub-10166	ses-1	run-02	0	29	25	2	5	20	25	43	43	25	right	left	1.0	336.9944000000942	True	False	loss	32	71.99817299842834	3207.8168435	1790892915073.8025	72.30358004570007	3208.1214763	1790892915379.2095	72.64057444570017	3208.4584707	1790892915716.2039	3208.7150561	73.46156692504883	3209.2794036	1790892916537.1963	3209.2794036	560.6645650087437	300.0	0.0	3135.8272941	1790892843075.6294	602.7983510494232	3738.5996987	1790893445873.9805
sub-10166	ses-1	run-02	0	30	25	2	6	20	25	43	43	25	right	left	1.0	327.9105999999956	True	False	loss	32	74.46403861045837	3210.2817387	1790892917539.668	74.76889181137085	3210.5865211	1790892917844.5212	75.09680241137085	3210.9144317	1790892918172.432	3211.170626	75.88226747512817	3211.6997179	1790892918957.897	3211.6997179	524.5157739781623	300.0	0.0	3135.8272941	1790892843075.6294	602.7983510494232	3738.5996987	1790893445873.9805
sub-10166	ses-1	run-02	0	31	25	2	7	20	25	43	43	25	right	left	1.0	332.44939999985945	True	True	win	31	76.88403129577637	3212.7013209	1790892919959.661	77.18887329101562	3213.0061461	1790892920264.5027	77.52132269101548	3213.3385955	1790892920596.9521	3213.5944512	78.43841862678528	3214.2555548	1790892921514.048	3214.2555548	657.5714272961619	300.0	0.0	3135.8272941	1790892843075.6294	602.7983510494232	3738.5996987	1790893445873.9805
sub-10166	ses-1	run-02	0	32	25	2	8	20	25	43	43	25	right	left	1.0	287.6664999998866	True	True	win	31	79.44107627868652	3215.2581346	1790892922516.7058	79.74566173553467	3215.5627874	1790892922821.2913	80.03332823553455	3215.8504539	1790892923108.9578	3216.1061892	80.81136155128479	3216.6282596	1790892923886.991	3216.6282596	517.6946485915031	300.0	0.0	3135.8272941	1790892843075.6294	602.7983510494232	3738.5996987	1790893445873.9805
sub-10166	ses-1	run-02	0	33	25	2	9	20	25	43	43	25	right	left	1.0	372.7770000000419	True	True	win	31	81.81289649009705	3217.6299242	1790892924888.526	82.11706018447876	3217.9337005	1790892925192.6897	82.4898371844788	3218.3064775000003	1790892925565.4668	3218.5621268	83.25202751159668	3219.0685469	1790892926327.657	3219.0685469	502.5746402867365	300.0	0.0	3135.8272941	1790892843075.6294	602.7983510494232	3738.5996987	1790893445873.9805
sub-10166	ses-1	run-02	0	34	25	2	10	20	25	43	43	25	right	left	1.0	332.03229999980977	True	True	win	31	84.25392746925354	3220.0703126	1790892927329.557	84.55812335014343	3220.3745047	1790892927633.753	84.89015565014324	3220.706537	1790892927965.7852	3220.9640224	85.68747997283936	3221.5043534	1790892928763.1094	3221.5043534	535.2305347165316	300.0	0.0	3135.8272941	1790892843075.6294	602.7983510494232	3738.5996987	1790893445873.9805
sub-10166	ses-1	run-02	0	35	25	2	11	20	25	43	25	43	left	right	1.0	376.7627000001994	True	False	loss	32	86.68933963775635	3222.5054585	1790892929764.969	86.99363160133362	3222.8097517	1790892930069.261	87.37039430133382	3223.1865144000003	1790892930446.0237	3223.4397514	88.29197955131531	3224.1079278	1790892931367.6091	3224.1079278	664.3483338094607	300.0	0.0	3135.8272941	1790892843075.6294	602.7983510494232	3738.5996987	1790893445873.9805
sub-10166	ses-1	run-02	0	36	25	2	12	20	25	43	43	25	right	left	1.0	331.63109999986773	True	True	win	31	89.2937171459198	3225.1095962	1790892932369.3467	89.59874820709229	3225.4148223	1790892932674.3777	89.93037930709215	3225.7464534	1790892933006.0088	3226.0025999	90.78745174407959	3226.6031052	1790892933863.0813	3226.6031052	596.4542889420734	300.0	0.0	3135.8272941	1790892843075.6294	602.7983510494232	3738.5996987	1790893445873.9805
sub-10166	ses-1	run-02	0	37	25	2	13	20	25	43	25	43	left	right	1.0	381.101899999976	True	True	win	31	91.78915762901306	3227.6046075	1790892934864.787	92.09404420852661	3227.9094018	1790892935169.6736	92.47514610852659	3228.2905037	1790892935550.7754	3228.5427066	93.29670643806458	3229.112095	1790892936372.336	3229.112095	565.2551752329646	300.0	0.0	3135.8272941	1790892843075.6294	602.7983510494232	3738.5996987	1790893445873.9805
sub-10166	ses-1	run-02	0	38	25	2	14	20	25	43	43	25	right	left	1.0	319.5482000000993	True	True	win	31	94.29844951629639	3230.1144957	1790892937374.079	94.60372996330261	3230.4189804	1790892937679.3594	94.92327816330271	3230.7385286	1790892937998.9075	3230.9927269	95.7107310295105	3231.525677	1790892938786.3606	3231.525677	528.6108307956285	300.0	0.0	3135.8272941	1790892843075.6294	602.7983510494232	3738.5996987	1790893445873.9805
sub-10166	ses-1	run-02	0	39	25	2	15	20	25	43	25	43	left	right	1.0	370.26079999986905	True	True	win	31	96.71250033378601	3232.5274235	1790892939788.13	97.0173590183258	3232.8322614	1790892940092.9885	97.38761981832567	3233.2025221999997	1790892940463.2493	3233.4569087	98.25536870956421	3234.0701158	1790892941330.9983	3234.0701158	609.2007494659694	300.0	0.0	3135.8272941	1790892843075.6294	602.7983510494232	3738.5996987	1790893445873.9805
sub-10166	ses-1	run-02	0	40	25	2	16	20	25	43	43	25	right	left	1.0	377.42889999981344	True	False	loss	32	99.25741004943848	3235.0719198	1790892942333.0396	99.56240034103394	3235.3770176	1790892942638.0298	99.93982924103375	3235.7544464999996	1790892943015.4587	3236.0101418	100.72504663467407	3236.5394685	1790892943800.676	3236.5394685	525.5083029290186	300.0	0.0	3135.8272941	1790892843075.6294	602.7983510494232	3738.5996987	1790893445873.9805
sub-10166	ses-1	run-02	0	41	25	2	17	20	25	43	25	43	left	right	1.0	348.29020000006494	True	True	win	31	101.72699642181396	3237.5413794	1790892944802.626	102.03169202804565	3237.8461511	1790892945107.3215	102.37998222804572	3238.1944413	1790892945455.6118	3238.4490754	103.2226128578186	3239.0368414	1790892946298.2424	3239.0368414	583.6545891461099	300.0	0.0	3135.8272941	1790892843075.6294	602.7983510494232	3738.5996987	1790893445873.9805
sub-10166	ses-1	run-02	0	42	25	2	18	20	25	43	25	43	left	right	1.0	379.36320000017076	True	True	win	31	104.22484135627747	3240.0387531	1790892947300.471	104.52909064292908	3240.3431272	1790892947604.7202	104.90845384292925	3240.7224904	1790892947984.0835	3240.9768084	105.83246445655823	3241.6462752	1790892948908.094	3241.6462752	665.7410345683172	300.0	0.0	3135.8272941	1790892843075.6294	602.7983510494232	3738.5996987	1790893445873.9805
sub-10166	ses-1	run-02	0	43	25	2	19	20	25	43	43	25	right	left	1.0	450.31120000021474	True	True	win	31	106.83441615104675	3242.6481371	1790892949910.0457	107.13819622993469	3242.9523265	1790892950213.8257	107.58850742993491	3243.4026377	1790892950664.137	3243.656038	108.39729928970337	3244.2108803	1790892951472.9287	3244.2108803	551.1213041395515	300.0	0.0	3135.8272941	1790892843075.6294	602.7983510494232	3738.5996987	1790893445873.9805
sub-10166	ses-1	run-02	0	44	43	3	0	21	25	43	25	43	left	right	1.0	309.4146999997065	False	True	win	31	109.39956951141357	3245.2131322	1790892952475.199	109.70322108268738	3245.5170616	1790892952778.8506	110.01263578268708	3245.8264762999997	1790892953088.2654	3246.0807742	110.83686947822571	3246.6501653	1790892953912.499	3246.6501653	565.7898725875009	300.0	0.0	3135.8272941	1790892843075.6294	602.7983510494232	3738.5996987	1790893445873.9805
sub-10166	ses-1	run-02	0	45	43	3	1	21	25	43	25	43	left	right	1.0	389.2381000000569	False	True	win	31	111.83976078033447	3247.6527674	1790892954915.3901	112.14425444602966	3247.9572313	1790892955219.884	112.53349254602972	3248.3464694	1790892955609.122	3248.6008913	113.3408613204956	3249.1538522	1790892956416.4907	3249.1538522	548.3716002753815	300.0	0.0	3135.8272941	1790892843075.6294	602.7983510494232	3738.5996987	1790893445873.9805
sub-10166	ses-1	run-02	0	46	43	3	2	21	25	43	25	43	left	right	1.0	366.6490000000522	False	True	win	31	114.3426764011383	3250.1553713	1790892957418.306	114.64702606201172	3250.4598575	1790892957722.6555	115.01367506201177	3250.8265065	1790892958089.3044	3251.0844932	115.95319724082947	3251.7658028	1790892959028.8267	3251.7658028	677.2133569641969	300.0	0.0	3135.8272941	1790892843075.6294	602.7983510494232	3738.5996987	1790893445873.9805
sub-10166	ses-1	run-02	0	47	43	3	3	21	25	43	25	43	left	right	1.0	362.36830000007103	False	False	loss	32	116.95497918128967	3252.7675107	1790892960030.6086	117.25975465774536	3253.0721206	1790892960335.384	117.62212295774543	3253.4344889	1790892960697.7524	3253.6914779	118.39761757850647	3254.2105974	1790892961473.247	3254.2105974	515.0872614169477	300.0	0.0	3135.8272941	1790892843075.6294	602.7983510494232	3738.5996987	1790893445873.9805
sub-10166	ses-1	run-02	0	48	43	3	4	21	25	43	43	25	right	left	1.0	734.2364999999518	False	False	loss	32	119.3996422290802	3255.2117815	1790892962475.2717	119.70408987998962	3255.516337	1790892962779.7192	120.43832637998958	3256.2505735	1790892963513.9558	3256.5060191	121.3189001083374	3257.1309668	1790892964394.5295	3257.1309668	621.0918157792142	300.0	0.0	3135.8272941	1790892843075.6294	602.7983510494232	3738.5996987	1790893445873.9805
sub-10166	ses-1	run-02	0	49	43	3	5	21	25	43	43	25	right	left	1.0	333.61820000027365	False	False	loss	32	122.32049632072449	3258.1324779	1790892965396.1257	122.6249213218689	3258.4368144	1790892965700.5508	122.95853952186917	3258.7704326000003	1790892966034.169	3259.0251166	123.86330699920654	3259.6750488	1790892966938.9365	3259.6750488	645.1412962572224	300.0	0.0	3135.8272941	1790892843075.6294	602.7983510494232	3738.5996987	1790893445873.9805
sub-10166	ses-1	run-02	0	50	43	3	6	21	25	43	43	25	right	left	2.0	309.54639999981737	True	True	win	31	124.8650734424591	3260.6765796	1790892967940.703	125.16949486732483	3260.9809318	1790892968245.1243	125.47904126732465	3261.2904781999996	1790892968554.6707	3261.5443402	126.3419439792633	3262.1534481	1790892969417.5735	3262.1534481	604.7515200370053	300.0	0.0	3135.8272941	1790892843075.6294	602.7983510494232	3738.5996987	1790893445873.9805
sub-10166	ses-1	run-02	0	51	43	3	7	21	25	43	43	25	right	left	2.0	302.71429999993416	True	True	win	31	127.34380531311035	3263.1550471	1790892970419.4348	127.64817476272583	3263.4597091	1790892970723.8042	127.95088906272576	3263.7624234	1790892971026.5186	3264.0179441	128.75532627105713	3264.5671852	1790892971830.9558	3264.5671852	545.2047464498636	300.0	0.0	3135.8272941	1790892843075.6294	602.7983510494232	3738.5996987	1790893445873.9805
sub-10166	ses-1	run-02	0	52	43	3	8	21	25	43	25	43	left	right	2.0	314.23640000002706	True	True	win	31	129.7569351196289	3265.5680425	1790892972832.5647	130.061363697052	3265.8722165	1790892973136.9932	130.37560009705203	3266.1864529	1790892973451.2295	3266.440866	131.2994842529297	3267.1103076	1790892974375.1138	3267.1103076	665.2139695316619	300.0	0.0	3135.8272941	1790892843075.6294	602.7983510494232	3738.5996987	1790893445873.9805
sub-10166	ses-1	run-02	0	53	43	3	9	21	25	43	43	25	right	left	2.0	426.1888999999428	True	True	win	31	132.30010795593262	3268.1115949	1790892975375.7375	132.60557317733765	3268.4162571	1790892975681.2026	133.0317620773376	3268.842446	1790892976107.3916	3269.0955041	133.81084632873535	3269.6220455	1790892976886.4758	3269.6220455	521.3406420188035	300.0	0.0	3135.8272941	1790892843075.6294	602.7983510494232	3738.5996987	1790893445873.9805
sub-10166	ses-1	run-02	0	54	43	3	10	21	25	43	25	43	left	right	2.0	290.5246000000261	True	False	loss	32	134.81209754943848	3270.6230228	1790892977887.727	135.11772203445435	3270.9280896	1790892978193.3516	135.40824663445437	3271.2186142	1790892978483.8762	3271.471144	136.3440752029419	3272.1542835	1790892979419.7046	3272.1542835	679.9275068092165	300.0	0.0	3135.8272941	1790892843075.6294	602.7983510494232	3738.5996987	1790893445873.9805
sub-10166	ses-1	run-02	0	55	43	3	11	21	25	43	25	43	left	right	2.0	302.7570999997806	True	True	win	31	137.3453631401062	3273.1558094	1790892980420.9927	137.6498441696167	3273.4597526	1790892980725.4736	137.95260126961648	3273.7625096999996	1790892981028.2307	3274.0184854	138.78259754180908	3274.5925476	1790892981858.227	3274.5925476	569.3306464631459	300.0	0.0	3135.8272941	1790892843075.6294	602.7983510494232	3738.5996987	1790893445873.9805
sub-10166	ses-1	run-02	0	56	43	3	12	21	25	43	25	43	left	right	2.0	384.0501999998196	True	True	win	31	139.78437733650208	3275.594032	1790892982860.0068	140.08883357048035	3275.8984575	1790892983164.4631	140.47288377048017	3276.2825076999998	1790892983548.5134	3276.5369797	141.2942008972168	3277.1037702	1790892984369.8303	3277.1037702	562.4288263190637	300.0	0.0	3135.8272941	1790892843075.6294	602.7983510494232	3738.5996987	1790893445873.9805
sub-10166	ses-1	run-02	0	57	43	3	13	21	25	43	43	25	right	left	2.0	448.7223000000995	True	True	win	31	142.29612231254578	3278.1055257	1790892985371.7517	142.60040807724	3278.4098166	1790892985676.0376	143.0491303772401	3278.8585389	1790892986124.76	3279.1142139	143.89703559875488	3279.7063476	1790892986972.665	3279.7063476	588.117898486218	300.0	0.0	3135.8272941	1790892843075.6294	602.7983510494232	3738.5996987	1790893445873.9805
sub-10166	ses-1	run-02	0	58	43	3	14	21	25	43	25	43	left	right	2.0	334.3181000000186	True	True	win	31	144.8982925415039	3280.7082472	1790892987973.922	145.203040599823	3281.0122192	1790892988278.6702	145.53735869982302	3281.3465373	1790892988612.9883	3281.6005068	146.31871676445007	3282.1277279	1790892989394.3462	3282.1277279	523.7537203109518	300.0	0.0	3135.8272941	1790892843075.6294	602.7983510494232	3738.5996987	1790893445873.9805
sub-10166	ses-1	run-02	0	59	43	3	15	21	25	43	25	43	left	right	2.0	504.7896999999466	True	True	win	31	147.3205897808075	3283.1297305	1790892990396.2192	147.62440299987793	3283.4336252	1790892990700.0325	148.12919269987788	3283.9384148999998	1790892991204.8223	3284.193502	149.03381538391113	3284.8425475	1790892992109.4448	3284.8425475	645.9867994801589	300.0	0.0	3135.8272941	1790892843075.6294	602.7983510494232	3738.5996987	1790893445873.9805
sub-10166	ses-1	run-02	0	60	43	3	16	21	25	43	43	25	right	left	2.0	358.18049999988943	True	False	loss	32	150.03545117378235	3285.8440402	1790892993111.0806	150.33971309661865	3286.1482908	1790892993415.3425	150.69789359661854	3286.5064712999997	1790892993773.523	3286.7617803	151.60439085960388	3287.413049	1790892994680.0203	3287.413049	647.9654369953166	300.0	0.0	3135.8272941	1790892843075.6294	602.7983510494232	3738.5996987	1790893445873.9805
sub-10166	ses-1	run-02	0	61	43	3	17	21	25	43	43	25	right	left	2.0	356.33720000032554	True	True	win	31	152.60656929016113	3288.4147026	1790892995682.1987	152.90994954109192	3288.7182353	1790892995985.579	153.26628674109224	3289.0745725	1790892996341.9163	3289.3272201	154.03302001953125	3289.8411426	1790892997108.6494	3289.8411426	509.4412617937334	300.0	0.0	3135.8272941	1790892843075.6294	602.7983510494232	3738.5996987	1790893445873.9805
sub-10166	ses-1	run-02	0	62	43	3	18	21	25	43	25	43	left	right	2.0	463.30330000000686	True	False	loss	32	155.03407883644104	3290.8423786	1790892998109.7083	155.33947944641113	3291.1472813	1790892998415.109	155.80278274641114	3291.6105846	1790892998878.412	3291.866105	156.7054786682129	3292.5132066	1790892999781.1082	3292.5132066	643.5075066001849	300.0	0.0	3135.8272941	1790892843075.6294	602.7983510494232	3738.5996987	1790893445873.9805
sub-10166	ses-1	run-02	0	63	43	3	19	21	25	43	25	43	left	right	2.0	326.2230999998792	True	False	loss	32	157.70804238319397	3293.5156258	1790893000783.6719	158.01257467269897	3293.8201981	1790893001088.204	158.33879777269885	3294.1464212	1790893001414.4272	3294.3987356	159.19619035720825	3295.0036061	1790893002271.8198	3295.0036061	600.0110536963749	300.0	0.0	3135.8272941	1790892843075.6294	602.7983510494232	3738.5996987	1790893445873.9805
sub-10166	ses-1	run-02	0	64	43	3	20	21	25	43	25	43	left	right	1.0	380.4917000002206	False	False	loss	32	160.19837617874146	3296.0057418	1790893003274.0056	160.50265336036682	3296.3101138	1790893003578.2827	160.88314506036704	3296.6906055000004	1790893003958.7744	3296.9435913	161.7848858833313	3297.5924176	1790893004860.5154	3297.5924176	644.8384268012554	300.0	0.0	3135.8272941	1790892843075.6294	602.7983510494232	3738.5996987	1790893445873.9805
sub-10166	ses-1	run-02	0	65	25	4	0	21	25	43	43	25	right	left	1.0	479.6462999997857	True	False	loss	32	162.78762578964233	3298.5946134	1790893005863.2554	163.0911831855774	3298.8990058	1790893006166.8127	163.57082948557718	3299.3786520999997	1790893006646.459	3299.6328406	164.47316002845764	3300.2799666	1790893007548.7896	3300.2799666	642.6961154110454	300.0	0.0	3135.8272941	1790892843075.6294	602.7983510494232	3738.5996987	1790893445873.9805
sub-10166	ses-1	run-02	0	66	25	4	1	21	25	43	43	25	right	left	1.0	344.6524999999383	True	True	win	31	165.47519397735596	3301.2818068	1790893008550.8235	165.77920961380005	3301.5858675	1790893008854.839	166.1238621138	3301.93052	1790893009199.4917	3302.1844334	166.94008016586304	3302.7466201	1790893010015.7097	3302.7466201	558.5048517492137	300.0	0.0	3135.8272941	1790892843075.6294	602.7983510494232	3738.5996987	1790893445873.9805
sub-10166	ses-1	run-02	0	67	25	4	2	21	25	43	25	43	left	right	1.0	493.2110999998258	True	False	loss	32	167.9422197341919	3303.7491389	1790893011017.849	168.24683046340942	3304.0532047	1790893011322.46	168.74004156340925	3304.5464158	1790893011815.6711	3304.8025685	169.69075393676758	3305.4968243	1790893012766.3833	3305.4968243	689.4363220763305	300.0	0.0	3135.8272941	1790892843075.6294	602.7983510494232	3738.5996987	1790893445873.9805
sub-10166	ses-1	run-02	0	68	25	4	3	21	25	43	43	25	right	left	1.0	575.7154000002629	True	True	win	31	170.6925311088562	3306.4985344	1790893013768.1606	170.99656653404236	3306.802719	1790893014072.196	171.57228193404262	3307.3784344	1790893014647.9114	3307.6315729	172.3796525001526	3308.1855566	1790893015455.282	3308.1855566	550.1462817301469	300.0	0.0	3135.8272941	1790892843075.6294	602.7983510494232	3738.5996987	1790893445873.9805
sub-10166	ses-1	run-02	0	69	25	4	4	21	25	43	25	43	left	right	1.0	343.0097999998907	True	False	loss	32	173.38158655166626	3309.1872951	1790893016457.216	173.685932636261	3309.4916256	1790893016761.562	174.02894243626088	3309.8346354	1790893017104.5718	3310.0906308	174.84049606323242	3310.6461642	1790893017916.1255	3310.6461642	551.7448483895057	300.0	0.0	3135.8272941	1790892843075.6294	602.7983510494232	3738.5996987	1790893445873.9805
sub-10166	ses-1	run-02	0	70	25	4	5	21	25	43	43	25	right	left	1.0	433.1167000000278	True	True	win	31	175.8429980278015	3311.6484021	1790893018918.6274	176.14803314208984	3311.953457	1790893019223.6626	176.58114984208987	3312.3865737	1790893019656.7793	3312.642421	177.48307728767395	3313.2882815	1790893020558.7068	3313.2882815	641.8381106223127	300.0	0.0	3135.8272941	1790892843075.6294	602.7983510494232	3738.5996987	1790893445873.9805
sub-10166	ses-1	run-02	0	71	25	4	6	21	25	43	43	25	right	left	1.0	359.2996000002131	True	True	win	31	178.4846374988556	3314.2902791	1790893021560.267	178.79019784927368	3314.5953498	1790893021865.8274	179.1494974492739	3314.9546494	1790893022225.127	3315.2089884	179.95152711868286	3315.7565912	1790893023027.1565	3315.7565912	543.9567548200572	300.0	0.0	3135.8272941	1790892843075.6294	602.7983510494232	3738.5996987	1790893445873.9805
sub-10166	ses-1	run-02	0	72	25	4	7	21	25	43	25	43	left	right	1.0	538.5264000001371	True	False	loss	32	180.95470762252808	3316.7594503	1790893024030.3372	181.25910878181458	3317.063947	1790893024334.7383	181.7976351818147	3317.6024734000002	1790893024873.2646	3317.8587882	182.5825538635254	3318.3874426	1790893025658.1833	3318.3874426	524.0602793301406	300.0	0.0	3135.8272941	1790892843075.6294	602.7983510494232	3738.5996987	1790893445873.9805
sub-10166	ses-1	run-02	0	73	25	4	8	21	25	43	25	43	left	right	2.0	509.15249999980006	False	False	loss	32	183.58437824249268	3319.3889273	1790893026660.0078	183.88880062103271	3319.693339	1790893026964.4302	184.39795312103251	3320.2024914999997	1790893027473.5828	3320.4575789	185.24432563781738	3321.0486141	1790893028319.955	3321.0486141	586.6142377328777	300.0	0.0	3135.8272941	1790892843075.6294	602.7983510494232	3738.5996987	1790893445873.9805
sub-10166	ses-1	run-02	0	74	25	4	9	21	25	43	43	25	right	left	1.0	528.6639000000832	True	True	win	31	186.24573373794556	3322.0499114	1790893029321.3633	186.54959559440613	3322.3537662	1790893029625.225	187.0782594944062	3322.8824301	1790893030153.889	3323.1377212	187.8730697631836	3323.6774387	1790893030948.6992	3323.6774387	535.5276016481994	300.0	0.0	3135.8272941	1790892843075.6294	602.7983510494232	3738.5996987	1790893445873.9805
sub-10166	ses-1	run-02	0	75	25	4	10	21	25	43	43	25	right	left	1.0	515.2840999999171	True	True	win	31	188.87484192848206	3324.678763	1790893031950.4714	189.1792025566101	3324.9831344	1790893032254.832	189.69448665661002	3325.4984185	1790893032770.1162	3325.75222	190.6081395149231	3326.4117071	1790893033683.769	3326.4117071	655.5149356612302	300.0	0.0	3135.8272941	1790892843075.6294	602.7983510494232	3738.5996987	1790893445873.9805
sub-10166	ses-1	run-02	0	76	25	4	11	21	25	43	25	43	left	right	1.0	404.1023999998288	True	True	win	31	191.61051034927368	3327.4143103	1790893034686.14	191.91495513916016	3327.7185867	1790893034990.5847	192.31905753915999	3328.1226890999997	1790893035394.687	3328.3773208	193.25594854354858	3329.0592002	1790893036331.5781	3329.0592002	677.8276751630405	300.0	0.0	3135.8272941	1790892843075.6294	602.7983510494232	3738.5996987	1790893445873.9805
sub-10166	ses-1	run-02	0	77	25	4	12	21	25	43	25	43	left	right	1.0	340.3488999997535	True	True	win	31	194.2582037448883	3330.0613581	1790893037333.8333	194.56303358078003	3330.3662922	1790893037638.663	194.90338248077978	3330.7066410999996	1790893037979.012	3330.9598302	195.76294994354248	3331.5661117	1790893038838.5793	3331.5661117	602.8529176799399	300.0	0.0	3135.8272941	1790892843075.6294	602.7983510494232	3738.5996987	1790893445873.9805
sub-10166	ses-1	run-02	0	78	25	4	13	21	25	43	43	25	right	left	1.0	339.00809999977355	True	True	win	31	196.76441502571106	3332.5674026	1790893039840.0444	197.06866312026978	3332.8716221	1790893040144.2925	197.40767122026955	3333.2106301999997	1790893040483.3005	3333.4648949	198.35350394248962	3334.1562708	1790893041429.1333	3334.1562708	687.5858464005881	300.0	0.0	3135.8272941	1790892843075.6294	602.7983510494232	3738.5996987	1790893445873.9805
sub-10166	ses-1	run-02	0	79	25	4	14	21	25	43	25	43	left	right	1.0	316.62509999978283	True	True	win	31	199.35452890396118	3335.1578206	1790893042430.1584	199.65928888320923	3335.4619644	1790893042734.9185	199.975913983209	3335.7785894999997	1790893043051.5435	3336.0354311	200.9051649570465	3336.7076746	1790893043980.7944	3336.7076746	668.3483551851492	300.0	0.0	3135.8272941	1790892843075.6294	602.7983510494232	3738.5996987	1790893445873.9805
sub-10166	ses-1	run-02	0	80	25	4	15	21	25	43	25	43	left	right	1.0	356.702900000073	True	False	loss	32	201.90729594230652	3337.7096853	1790893044982.9253	202.21154689788818	3338.013929	1790893045287.1763	202.56824979788826	3338.3706319000003	1790893045643.8792	3338.6281468	203.40433979034424	3339.2065209	1790893046479.9692	3339.2065209	574.2249448906135	300.0	0.0	3135.8272941	1790892843075.6294	602.7983510494232	3738.5996987	1790893445873.9805
sub-10166	ses-1	run-02	0	81	25	4	16	21	25	43	43	25	right	left	1.0	433.4675000000061	True	True	win	31	204.40669059753418	3340.2086322	1790893047482.32	204.71122789382935	3340.5131038	1790893047786.8574	205.14469539382935	3340.9465713	1790893048220.325	3341.2019848	206.01526308059692	3341.8171588	1790893049090.8926	3341.8171588	611.030318671512	300.0	0.0	3135.8272941	1790892843075.6294	602.7983510494232	3738.5996987	1790893445873.9805
sub-10166	ses-1	run-02	0	82	25	4	17	21	25	43	43	25	right	left	1.0	406.864300000052	True	True	win	31	207.0175759792328	3342.8191786	1790893050093.2056	207.32195687294006	3343.1236952	1790893050397.5864	207.72882117294012	3343.5305595	1790893050804.4507	3343.7878552	208.50229406356812	3344.3038747	1790893051577.9236	3344.3038747	511.3977894261339	300.0	0.0	3135.8272941	1790892843075.6294	602.7983510494232	3738.5996987	1790893445873.9805
sub-10166	ses-1	run-02	0	83	25	4	18	21	25	43	43	25	right	left	1.0	505.02319999986867	True	True	win	31	209.50351572036743	3345.3054449	1790893052579.1453	209.80807495117188	3345.6095291	1790893052883.7043	210.31309815117174	3346.1145523	1790893053388.7275	3346.3684375	211.19611763954163	3346.9973787	1790893054271.747	3346.9973787	624.2707602131313	300.0	0.0	3135.8272941	1790892843075.6294	602.7983510494232	3738.5996987	1790893445873.9805
sub-10166	ses-1	run-02	0	84	25	4	19	21	25	43	25	43	left	right	1.0	370.5944999996973	True	False	loss	32	212.19857478141785	3347.9995746	1790893055274.2043	212.5028953552246	3348.3039986	1790893055578.525	212.8734898552243	3348.6745930999996	1790893055949.1194	3348.9284092	213.81427335739136	3349.6152101	1790893056889.9028	3349.6152101	682.1141162151547	300.0	0.0	3135.8272941	1790892843075.6294	602.7983510494232	3738.5996987	1790893445873.9805
sub-10166	ses-1	run-02	0	85	25	4	20	21	25	43	25	43	left	right	1.0	345.52190000022165	True	True	win	31	214.8159465789795	3350.6166882	1790893057891.5762	215.1202425956726	3350.9210607	1790893058195.872	215.46576449567283	3351.2665826	1790893058541.394	3351.5187066	216.35593962669373	3352.1569405	1790893059431.569	3352.1569405	634.1274261344705	300.0	0.0	3135.8272941	1790892843075.6294	602.7983510494232	3738.5996987	1790893445873.9805
sub-10166	ses-1	run-02	0	86	43	5	0	23	25	43	43	25	right	left	1.0	354.92299999987154	False	True	win	31	217.35896587371826	3353.1593664	1790893060434.5955	217.66341590881348	3353.4637751	1790893060739.0454	218.01833890881335	3353.8186981	1790893061093.9685	3354.0730959	218.8056640625	3354.6063981	1790893061881.2935	3354.6063981	529.4579097020826	300.0	0.0	3135.8272941	1790892843075.6294	602.7983510494232	3738.5996987	1790893445873.9805
sub-10166	ses-1	run-02	0	87	43	5	1	23	25	43	43	25	right	left	1.0	441.9023999998899	False	False	loss	32	219.80806612968445	3355.608477	1790893062883.6956	220.11244010925293	3355.9126676	1790893063188.0696	220.55434250925282	3356.35457	1790893063629.972	3356.6117539	221.48373198509216	3357.2836898	1790893064559.3616	3357.2836898	668.5620909636555	300.0	0.0	3135.8272941	1790892843075.6294	602.7983510494232	3738.5996987	1790893445873.9805
sub-10166	ses-1	run-02	0	88	43	5	2	23	25	43	25	43	left	right	1.0	420.64909999999145	False	True	win	31	222.4858274459839	3358.2856671	1790893065561.457	222.78999829292297	3358.5898891	1790893065865.6277	223.21064739292297	3359.0105382	1790893066286.2769	3359.2639751	223.99866223335266	3359.7984023	1790893067074.2917	3359.7984023	530.8739431485549	300.0	0.0	3135.8272941	1790892843075.6294	602.7983510494232	3738.5996987	1790893445873.9805
sub-10166	ses-1	run-02	0	89	43	5	3	23	25	43	43	25	right	left	1.0	410.4606999999305	False	False	loss	32	224.99977803230286	3360.7998763	1790893068075.4075	225.30441427230835	3361.1040014	1790893068380.0437	225.71487497230828	3361.5144621	1790893068790.5044	3361.7672889	226.63906288146973	3362.4384797	1790893069714.6924	3362.4384797	667.4833414270829	300.0	0.0	3135.8272941	1790892843075.6294	602.7983510494232	3738.5996987	1790893445873.9805
sub-10166	ses-1	run-02	0	90	43	5	4	23	25	43	43	25	right	left	1.0	384.59800000009636	False	False	loss	32	227.6409502029419	3363.4408648	1790893070716.5796	227.9461154937744	3363.7458178	1790893071021.7449	228.3307134937745	3364.1304158000003	1790893071406.3428	3364.3844344	229.16715550422668	3364.9662755	1790893072242.785	3364.9662755	577.3984886006562	300.0	0.0	3135.8272941	1790892843075.6294	602.7983510494232	3738.5996987	1790893445873.9805
sub-10166	ses-1	run-02	0	91	43	5	5	23	25	43	25	43	left	right	1.0	458.0372999998872	False	False	loss	32	230.16819524765015	3365.9679327	1790893073243.8247	230.47343277931213	3366.2724247	1790893073549.0623	230.93147007931202	3366.730462	1790893074007.0996	3366.9860833	231.7715928554535	3367.5704169	1790893074847.2224	3367.5704169	580.2452274966492	300.0	0.0	3135.8272941	1790892843075.6294	602.7983510494232	3738.5996987	1790893445873.9805
sub-10166	ses-1	run-02	0	92	43	5	6	23	25	43	43	25	right	left	2.0	654.3427000001429	True	True	win	31	232.77332854270935	3368.5720284	1790893075848.958	233.07751035690308	3368.8761872	1790893076153.14	233.73185305690322	3369.5305299	1790893076807.4827	3369.7856451	234.53065657615662	3370.3291647	1790893077606.2861	3370.3291647	539.9349270097459	300.0	0.0	3135.8272941	1790892843075.6294	602.7983510494232	3738.5996987	1790893445873.9805
sub-10166	ses-1	run-02	0	93	43	5	7	23	25	43	43	25	right	left	2.0	381.9542999999612	True	True	win	31	235.53378653526306	3371.3320128	1790893078609.416	235.838228225708	3371.6365611	1790893078913.8577	236.22018252570797	3372.0185154	1790893079295.812	3372.2751214	237.12363123893738	3372.9216873	1790893080199.2607	3372.9216873	641.7291928860174	300.0	0.0	3135.8272941	1790892843075.6294	602.7983510494232	3738.5996987	1790893445873.9805
sub-10166	ses-1	run-02	0	94	43	5	8	23	25	43	25	43	left	right	2.0	894.2354000000705	True	True	win	31	238.1258099079132	3373.9236972	1790893081201.4395	238.43023467063904	3374.2282714	1790893081505.8643	239.3244700706391	3375.1225068	1790893082400.0996	3375.3783409	240.19000005722046	3375.9878299	1790893083265.6296	3375.9878299	605.4695817189278	300.0	0.0	3135.8272941	1790892843075.6294	602.7983510494232	3738.5996987	1790893445873.9805
sub-10166	ses-1	run-02	0	95	43	5	9	23	25	43	25	43	left	right	2.0	340.6920999996146	True	True	win	31	241.19174790382385	3376.9896269	1790893084267.3774	241.49614787101746	3377.2937551	1790893084571.7773	241.83683997101707	3377.6344471999996	1790893084912.4695	3377.886777	242.73745107650757	3378.5349449	1790893085813.0806	3378.5349449	644.5627410243183	300.0	0.0	3135.8272941	1790892843075.6294	602.7983510494232	3738.5996987	1790893445873.9805
sub-10166	ses-1	run-02	0	96	43	5	10	23	25	43	25	43	left	right	2.0	729.0413000000626	True	True	win	31	243.7398407459259	3379.5371222	1790893086815.4702	244.04401278495789	3379.8413526	1790893087119.6423	244.77305408495795	3380.5703939	1790893087848.6836	3380.8252444	245.6704843044281	3381.4675976	1790893088746.1138	3381.4675976	638.4177150009862	300.0	0.0	3135.8272941	1790892843075.6294	602.7983510494232	3738.5996987	1790893445873.9805
sub-10166	ses-1	run-02	0	97	43	5	11	23	25	43	43	25	right	left	2.0	340.4773000002024	True	False	loss	32	246.67175364494324	3382.4694653	1790893089747.383	246.97693729400635	3382.7739435	1790893090052.5667	247.31741459400655	3383.1144208	1790893090393.044	3383.3668948	248.2307529449463	3384.0274691	1790893091306.3823	3384.0274691	656.913341706994	300.0	0.0	3135.8272941	1790892843075.6294	602.7983510494232	3738.5996987	1790893445873.9805
sub-10166	ses-1	run-02	0	98	43	5	12	23	25	43	25	43	left	right	2.0	708.6816999999428	True	True	win	31	249.2318947315216	3385.0293293	1790893092307.5242	249.53711414337158	3385.3337833	1790893092612.7437	250.24579584337152	3386.042465	1790893093321.4253	3386.2983098	251.090980052948	3386.8874732	1790893094166.6096	3386.8874732	585.9814942066732	300.0	0.0	3135.8272941	1790892843075.6294	602.7983510494232	3738.5996987	1790893445873.9805
sub-10166	ses-1	run-02	0	99	43	5	13	23	25	43	25	43	left	right	2.0	281.181899999865	True	True	win	31	252.0927610397339	3387.8891081	1790893095168.3906	252.3970274925232	3388.1933686	1790893095472.657	252.67820939252306	3388.4745505	1790893095753.8389	3388.7318486	253.52430295944214	3389.3211919	1790893096599.9324	3389.3211919	585.0664555762219	300.0	0.0	3135.8272941	1790892843075.6294	602.7983510494232	3738.5996987	1790893445873.9805
sub-10166	ses-1	run-02	0	100	43	5	14	23	25	43	25	43	left	right	2.0	271.50910000000295	True	False	loss	32	254.52661204338074	3390.322615	1790893097602.2415	254.83088088035583	3390.6269471	1790893097906.5103	255.10238998035584	3390.8984562	1790893098178.0193	3391.1549575	255.87602996826172	3391.672368	1790893098951.6594	3391.672368	513.6589542018309	300.0	0.0	3135.8272941	1790892843075.6294	602.7983510494232	3738.5996987	1790893445873.9805
sub-10166	ses-1	run-02	0	101	43	5	15	23	25	43	43	25	right	left	1.0	311.92920000012236	False	False	loss	32	256.87854170799255	3392.6742956	1790893099954.1711	257.18210792541504	3392.9785199	1790893100257.7373	257.49403712541516	3393.2904491	1790893100569.6665	3393.5464198	258.43747210502625	3394.2331428	1790893101513.1016	3394.2331428	682.3055690897646	300.0	0.0	3135.8272941	1790892843075.6294	602.7983510494232	3738.5996987	1790893445873.9805
sub-10166	ses-1	run-02	0	102	43	5	16	23	25	43	25	43	left	right	2.0	391.3124999999127	True	True	win	31	259.4396276473999	3395.2351773	1790893102515.257	259.74376702308655	3395.5392098	1790893102819.3965	260.13507952308646	3395.9305223	1790893103210.709	3396.1831132	261.0850775241852	3396.8803733	1790893104160.707	3396.8803733	693.6858329513856	300.0	0.0	3135.8272941	1790892843075.6294	602.7983510494232	3738.5996987	1790893445873.9805
sub-10166	ses-1	run-02	0	103	43	5	17	23	25	43	25	43	left	right	2.0	575.7423999998537	True	False	loss	32	262.0865752696991	3397.8825059	1790893105162.2048	262.39155292510986	3398.186695	1790893105467.1824	262.9672953251097	3398.7624373999997	1790893106042.9248	3399.0155611	263.88784766197205	3399.6828327	1790893106963.477	3399.6828327	662.3851171746754	300.0	0.0	3135.8272941	1790892843075.6294	602.7983510494232	3738.5996987	1790893445873.9805
sub-10166	ses-1	run-02	0	104	43	5	18	23	25	43	25	43	left	right	2.0	589.3789000001561	True	True	win	31	264.8901126384735	3400.6850065	1790893107965.7422	265.19433760643005	3400.9891431	1790893108269.967	265.7837165064302	3401.5785220000002	1790893108859.346	3401.8333404	266.7427079677582	3402.5372886	1790893109818.3374	3402.5372886	699.0233877899252	300.0	0.0	3135.8272941	1790892843075.6294	602.7983510494232	3738.5996987	1790893445873.9805
sub-10166	ses-1	run-02	0	105	43	5	19	23	25	43	43	25	right	left	2.0	575.6770000002689	True	True	win	31	267.74382519721985	3403.53872	1790893110819.4546	268.04832434654236	3403.8427808	1790893111123.9539	268.6240013465426	3404.4184578000004	1790893111699.6309	3404.6718089	269.55986642837524	3405.3541712	1790893112635.4958	3405.3541712	678.8428047779389	300.0	0.0	3135.8272941	1790892843075.6294	602.7983510494232	3738.5996987	1790893445873.9805
sub-10166	ses-1	run-02	0	106	43	5	20	23	25	43	25	43	left	right	2.0	430.3023999996185	True	True	win	31	270.561532497406	3406.3559739	1790893113637.1619	270.8656361103058	3406.6601573	1790893113941.2656	271.2959385103054	3407.0904596999994	1790893114371.568	3407.34343	272.108749628067	3407.9027563	1790893115184.3792	3407.9027563	555.7143279357018	300.0	0.0	3135.8272941	1790892843075.6294	602.7983510494232	3738.5996987	1790893445873.9805
sub-10166	ses-1	run-02	0	107	43	5	21	23	25	43	25	43	left	right					miss	33	273.1105535030365	3408.9043223	1790893116186.1829	273.4137649536133	3409.2083001	1790893116489.3945					275.29310154914856	3411.0868333	1790893118368.731	3411.0868333	620.0750252097333	300.0	0.0	3135.8272941	1790892843075.6294	602.7983510494232	3738.5996987	1790893445873.9805
sub-10166	ses-1	run-02	0	108	43	5	22	23	25	43	25	43	left	right	2.0	577.4998000001688	True	True	win	31	276.2948122024536	3412.0885312	1790893119370.4417	276.59912300109863	3412.392924	1790893119674.7524	277.1766228010988	3412.9704238000004	1790893120252.2522	3413.2266769	278.11111974716187	3413.9049506	1790893121186.7493	3413.9049506	674.8426812909382	300.0	0.0	3135.8272941	1790892843075.6294	602.7983510494232	3738.5996987	1790893445873.9805
sub-10166	ses-1	run-02	0	109	25	6	0	23	25	43	43	25	right	left	2.0	471.8772999999601	False	False	loss	32	279.11246156692505	3414.9064233	1790893122188.091	279.4164173603058	3415.2107919	1790893122492.0469	279.88829466030575	3415.6826692	1790893122963.924	3415.9350512	280.66505908966064	3416.4593531	1790893123740.6885	3416.4593531	519.2253992121182	300.0	0.0	3135.8272941	1790892843075.6294	602.7983510494232	3738.5996987	1790893445873.9805
sub-10166	ses-1	run-02	0	110	25	6	1	23	25	43	25	43	left	right	2.0	317.0114999998077	False	True	win	31	281.6663076877594	3417.4607099	1790893124741.9373	281.9715099334717	3417.7654701	1790893125047.1394	282.2885214334715	3418.0824816	1790893125364.151	3418.3385982	283.0839762687683	3418.877927	1790893126159.6057	3418.877927	535.2374608377856	300.0	0.0	3135.8272941	1790892843075.6294	602.7983510494232	3738.5996987	1790893445873.9805
sub-10166	ses-1	run-02	0	111	25	6	2	23	25	43	25	43	left	right	1.0	506.5337000000909	True	True	win	31	284.08565044403076	3419.8798226	1790893127161.28	284.39003252983093	3420.1839777	1790893127465.662	284.896566229831	3420.6905114	1790893127972.1958	3420.9432017	285.770791053772	3421.5648242	1790893128846.4204	3421.5648242	617.126466985185	300.0	0.0	3135.8272941	1790892843075.6294	602.7983510494232	3738.5996987	1790893445873.9805
sub-10166	ses-1	run-02	0	112	25	6	3	23	25	43	43	25	right	left	1.0	346.93250000009357	True	True	win	31	286.77252650260925	3422.566456	1790893129848.156	287.0774540901184	3422.8715423	1790893130153.0835	287.4243865901185	3423.2184748	1790893130500.016	3423.475313	288.3809263706207	3424.1749611	1790893131456.556	3424.1749611	695.6525087279085	300.0	0.0	3135.8272941	1790892843075.6294	602.7983510494232	3738.5996987	1790893445873.9805
sub-10166	ses-1	run-02	0	113	25	6	4	23	25	43	43	25	right	left	1.0	337.59620000000723	True	False	loss	32	289.38256216049194	3425.1765434	1790893132458.1917	289.68702578544617	3425.4810355	1790893132762.6553	290.0246219854462	3425.8186317	1790893133100.2515	3426.0753394	290.9784560203552	3426.7726128	1790893134054.0854	3426.7726128	693.0073995143197	300.0	0.0	3135.8272941	1790892843075.6294	602.7983510494232	3738.5996987	1790893445873.9805
sub-10166	ses-1	run-02	0	114	25	6	5	23	25	43	25	43	left	right	1.0	467.86310000015874	True	True	win	31	291.98006772994995	3427.7742667	1790893135055.6973	292.28454208374023	3428.0785939	1790893135360.1716	292.7524051837404	3428.5464570000004	1790893135828.0347	3428.8022315	293.6654784679413	3429.4597354	1790893136741.108	3429.4597354	653.874301356224	300.0	0.0	3135.8272941	1790892843075.6294	602.7983510494232	3738.5996987	1790893445873.9805
sub-10166	ses-1	run-02	0	115	25	6	6	23	25	43	43	25	right	left	1.0	331.70039999959045	True	False	loss	32	294.66854667663574	3430.4626585	1790893137744.1763	294.97260546684265	3430.7667399	1790893138048.2349	295.30430586684224	3431.0984402999998	1790893138379.9353	3431.3551496	296.2592079639435	3432.0534875	1790893139334.8374	3432.0534875	694.8159014025337	300.0	0.0	3135.8272941	1790892843075.6294	602.7983510494232	3738.5996987	1790893445873.9805
sub-10166	ses-1	run-02	0	116	25	6	7	23	25	43	43	25	right	left	1.0	290.4927999998108	True	True	win	31	297.261013507843	3433.0552524	1790893140336.643	297.5658197402954	3433.3599945	1790893140641.4492	297.8563125402952	3433.6504873	1790893140931.9421	3433.9032275	298.7983772754669	3434.5927207	1790893141874.0068	3434.5927207	685.9875493558027	300.0	0.0	3135.8272941	1790892843075.6294	602.7983510494232	3738.5996987	1790893445873.9805
sub-10166	ses-1	run-02	0	117	25	6	8	23	25	43	43	25	right	left	1.0	351.2871000002633	True	True	win	31	299.8000650405884	3435.5943008	1790893142875.6946	300.1048882007599	3435.8992727	1790893143180.5176	300.45617530076015	3436.2505598000002	1790893143531.8047	3436.503884	301.23395562171936	3437.0283726	1790893144309.5852	3437.0283726	520.8269822943072	300.0	0.0	3135.8272941	1790892843075.6294	602.7983510494232	3738.5996987	1790893445873.9805
sub-10166	ses-1	run-02	0	118	25	6	9	23	25	43	25	43	left	right	1.0	468.11609999986104	True	True	win	31	302.235698223114	3438.0302953	1790893145311.3276	302.5399343967438	3438.3343201	1790893145615.564	303.00805049674364	3438.8024361999996	1790893146083.6802	3439.0584876	303.94964694976807	3439.7445231	1790893147025.2764	3439.7445231	681.5420713848353	300.0	0.0	3135.8272941	1790892843075.6294	602.7983510494232	3738.5996987	1790893445873.9805
sub-10166	ses-1	run-02	0	119	25	6	10	23	25	43	43	25	right	left	1.0	336.2849999998616	True	True	win	31	304.9511458873749	3440.7455672	1790893148026.7754	305.2558481693268	3441.0501931	1790893148331.4775	305.59213316932664	3441.3864780999997	1790893148667.7625	3441.6382822	306.40762400627136	3442.202136	1790893149483.2534	3442.202136	559.7631838161246	300.0	0.0	3135.8272941	1790892843075.6294	602.7983510494232	3738.5996987	1790893445873.9805
sub-10166	ses-1	run-02	0	120	25	6	11	23	25	43	43	25	right	left	1.0	422.66700000027413	True	True	win	31	307.4087598323822	3443.2035018	1790893150484.3894	307.7132852077484	3443.5077742	1790893150788.9148	308.1359522077487	3443.9304412	1790893151211.5818	3444.1862145	308.9547140598297	3444.7497309	1790893152030.3435	3444.7497309	559.8202513157436	300.0	0.0	3135.8272941	1790892843075.6294	602.7983510494232	3738.5996987	1790893445873.9805
sub-10166	ses-1	run-02	0	121	25	6	12	23	25	43	43	25	right	left	1.0	307.25630000006277	True	True	win	31	309.95629620552063	3445.7508298	1790893153031.9258	310.26076221466064	3446.0552166	1790893153336.3916	310.5680185146607	3446.3624729000003	1790893153643.648	3446.6188168	311.4289104938507	3447.2239868	1790893154504.54	3447.2239868	601.8847322836544	300.0	0.0	3135.8272941	1790892843075.6294	602.7983510494232	3738.5996987	1790893445873.9805
sub-10166	ses-1	run-02	0	122	25	6	13	23	25	43	25	43	left	right	1.0	560.334100000091	True	True	win	31	312.4304542541504	3448.2258005	1790893155506.0837	312.73562574386597	3448.5303184	1790893155811.2551	313.29595984386606	3449.0906525	1790893156371.589	3449.3458119	314.1856691837311	3449.9802843	1790893157261.2986	3449.9802843	630.5381996477917	300.0	0.0	3135.8272941	1790892843075.6294	602.7983510494232	3738.5996987	1790893445873.9805
sub-10166	ses-1	run-02	0	123	25	6	14	23	25	43	25	43	left	right	1.0	388.24079999994865	True	False	loss	32	315.1863203048706	3450.9817772	1790893158261.9497	315.4917356967926	3451.2864323	1790893158567.3652	315.87997649679255	3451.6746731	1790893158955.606	3451.9302827	316.7131972312927	3452.5078836	1790893159788.8267	3452.5078836	573.086245963238	300.0	0.0	3135.8272941	1790892843075.6294	602.7983510494232	3738.5996987	1790893445873.9805
sub-10166	ses-1	run-02	0	124	25	6	15	23	25	43	25	43	left	right	1.0	340.4312999996364	True	False	loss	32	317.71518087387085	3453.5100514	1790893160790.8103	318.0193524360657	3453.8141346	1790893161094.982	318.3597837360653	3454.1545659	1790893161435.4133	3454.4074307	319.17282271385193	3454.9675969	1790893162248.4521	3454.9675969	556.5425836258693	300.0	0.0	3135.8272941	1790892843075.6294	602.7983510494232	3738.5996987	1790893445873.9805
sub-10166	ses-1	run-02	0	125	25	6	16	23	25	43	25	43	left	right	1.0	336.71410000033575	True	True	win	31	320.17457938194275	3455.9693326	1790893163250.2087	320.4791202545166	3456.2738204	1790893163554.7498	320.81583435451694	3456.6105345000005	1790893163891.4639	3456.8669564	321.64948320388794	3457.4447202	1790893164725.1128	3457.4447202	574.2652664508943	300.0	0.0	3135.8272941	1790892843075.6294	602.7983510494232	3738.5996987	1790893445873.9805
sub-10166	ses-1	run-02	0	126	25	6	17	23	25	43	43	25	right	left	2.0	372.25790000002235	False	False	loss	32	322.6513407230377	3458.4468031	1790893165726.9702	322.95540285110474	3458.7502602	1790893166031.0322	323.32766075110476	3459.1225181	1790893166403.29	3459.3786429	324.0989911556244	3459.8938922	1790893167174.6206	3459.8938922	511.1506819504741	300.0	0.0	3135.8272941	1790892843075.6294	602.7983510494232	3738.5996987	1790893445873.9805
sub-10166	ses-1	run-02	0	127	25	6	18	23	25	43	43	25	right	left	1.0	354.7625999999582	True	True	win	31	325.10061836242676	3460.8955982	1790893168176.2478	325.4040324687958	3461.1997517	1790893168480.6628	325.75879506879573	3461.5545143	1790893168835.4255	3461.8085016	326.67319226264954	3462.4686559	1790893169748.8218	3462.4686559	656.8764607666523	300.0	0.0	3135.8272941	1790892843075.6294	602.7983510494232	3738.5996987	1790893445873.9805
sub-10166	ses-1	run-02	0	128	25	6	19	23	25	43	25	43	left	right	1.0	388.36240000000544	True	True	win	31	327.6748642921448	3463.4697355	1790893170750.4937	327.9791991710663	3463.7741529	1790893171054.8286	328.3675615710663	3464.1625153	1790893171443.191	3464.4171054	329.126531124115	3464.9215341	1790893172202.1606	3464.9215341	500.895213339148	300.0	0.0	3135.8272941	1790892843075.6294	602.7983510494232	3738.5996987	1790893445873.9805
sub-10166	ses-1	run-02	0	129	25	6	20	23	25	43	43	25	right	left	1.0	583.4001999996872	True	True	win	31	330.1279261112213	3465.9230076	1790893173203.5557	330.43207263946533	3466.2271487	1790893173507.7021	331.015472839465	3466.8105488999995	1790893174091.1023	3467.0661469	331.8535702228546	3467.648638	1790893174929.1997	3467.648638	578.2190656550889	300.0	0.0	3135.8272941	1790892843075.6294	602.7983510494232	3738.5996987	1790893445873.9805
sub-10166	ses-1	run-02	0	130	25	6	21	23	25	43	25	43	left	right	1.0	352.40440000006856	True	True	win	31	332.8545174598694	3468.6501286	1790893175930.147	333.15925097465515	3468.9542194	1790893176234.8804	333.5116553746552	3469.3066238	1790893176587.2847	3469.5635919	334.33817648887634	3470.1332791	1790893177413.806	3470.1332791	565.7034392031809	300.0	0.0	3135.8272941	1790892843075.6294	602.7983510494232	3738.5996987	1790893445873.9805
sub-10166	ses-1	run-02	0	131	25	6	22	23	25	43	25	43	left	right	1.0	818.0801999997129	True	True	win	31	335.3401026725769	3471.1359551	1790893178415.7322	335.645414352417	3471.4403907	1790893178721.044	336.4634945524167	3472.2584709	1790893179539.124	3472.5152305	337.3492500782013	3473.1444603	1790893180424.8796	3473.1444603	625.6788584609932	300.0	0.0	3135.8272941	1790892843075.6294	602.7983510494232	3738.5996987	1790893445873.9805
sub-10166	ses-1	run-02	0	132	43	7	0	24	25	43	25	43	left	right	1.0	367.70019999994474	False	False	loss	32	338.3511686325073	3474.1466724	1790893181426.798	338.65561413764954	3474.4508466	1790893181731.2437	339.0233143376495	3474.8185468	1790893182098.9438	3475.0738647	339.97299122810364	3475.768267	1790893183048.6206	3475.768267	690.6001551035423	300.0	0.0	3135.8272941	1790892843075.6294	602.7983510494232	3738.5996987	1790893445873.9805
sub-10166	ses-1	run-02	0	133	43	7	1	24	25	43	25	43	left	right	1.0	320.3707000002396	False	False	loss	32	340.9748229980469	3476.769998	1790893184050.4524	341.2789731025696	3477.0741598	1790893184354.6025	341.5993438025698	3477.3945305	1790893184674.9731	3477.6473004	342.4241178035736	3478.2194367	1790893185499.7473	3478.2194367	568.200929840148	300.0	0.0	3135.8272941	1790892843075.6294	602.7983510494232	3738.5996987	1790893445873.9805
sub-10166	ses-1	run-02	0	134	43	7	2	24	25	43	43	25	right	left	1.0	357.08759999988615	False	False	loss	32	343.42590713500977	3479.2211991	1790893186501.5366	343.73010325431824	3479.5254322	1790893186805.7327	344.0871908543181	3479.8825198	1790893187162.8203	3480.1380274	344.89996314048767	3480.695332	1790893187975.5925	3480.695332	553.1994834972787	300.0	0.0	3135.8272941	1790892843075.6294	602.7983510494232	3738.5996987	1790893445873.9805
sub-10166	ses-1	run-02	0	135	43	7	3	24	25	43	25	43	left	right	2.0	353.7114999999176	True	True	win	31	345.90138506889343	3481.6967943	1790893188977.0146	346.2053916454315	3482.0007717	1790893189281.021	346.55910314543144	3482.3544832	1790893189634.7324	3482.6089179	347.4690282344818	3483.2644531	1790893190544.6577	3483.2644531	651.5065971271598	300.0	0.0	3135.8272941	1790892843075.6294	602.7983510494232	3738.5996987	1790893445873.9805
sub-10166	ses-1	run-02	0	136	43	7	4	24	25	43	43	25	right	left	2.0	320.52420000036363	True	False	loss	32	348.4706451892853	3484.2659936	1790893191546.2747	348.7746570110321	3484.5699471	1790893191850.2864	349.09518121103247	3484.8904713	1790893192170.8105	3485.1435842	349.90928769111633	3485.7047865	1790893192984.9172	3485.7047865	557.1148533522363	300.0	0.0	3135.8272941	1790892843075.6294	602.7983510494232	3738.5996987	1790893445873.9805
sub-10166	ses-1	run-02	0	137	43	7	5	24	25	43	43	25	right	left	2.0	303.9029000001392	True	True	win	31	350.91020917892456	3486.7063397	1790893193985.8386	351.2149987220764	3487.0105498	1790893194290.6282	351.51890162207656	3487.3144527	1790893194594.531	3487.5686349	352.27775287628174	3488.0740264	1790893195353.3823	3488.0740264	501.96543640405713	300.0	0.0	3135.8272941	1790892843075.6294	602.7983510494232	3738.5996987	1790893445873.9805
sub-10166	ses-1	run-02	0	138	43	7	6	24	25	43	25	43	left	right	2.0	391.1124999999629	True	True	win	31	353.2790367603302	3489.0744991	1790893196354.6663	353.58337116241455	3489.379351	1790893196659.0007	353.9744836624145	3489.7704635	1790893197050.1133	3490.0235136	354.748379945755	3490.5439846	1790893197824.0095	3490.5439846	516.1260411336564	300.0	0.0	3135.8272941	1790892843075.6294	602.7983510494232	3738.5996987	1790893445873.9805
sub-10166	ses-1	run-02	0	139	43	7	7	24	25	43	25	43	left	right	2.0	328.2586000000265	True	True	win	31	355.7507221698761	3491.54624	1790893198826.3516	356.05466198921204	3491.850257	1790893199130.2915	356.38292058921206	3492.1785156	1790893199458.55	3492.4336488	357.3103492259979	3493.1060057	1790893200385.9788	3493.1060057	668.340818401647	300.0	0.0	3135.8272941	1790892843075.6294	602.7983510494232	3738.5996987	1790893445873.9805
sub-10166	ses-1	run-02	0	140	43	7	8	24	25	43	25	43	left	right	2.0	333.2861999997476	True	True	win	31	358.31331491470337	3494.1090644	1790893201388.9443	358.61750888824463	3494.4131861	1790893201693.1384	358.9507950882444	3494.7464723	1790893202026.4246	3495.0007823	359.75430846214294	3495.5500226	1790893202829.938	3495.5500226	545.35790730664	300.0	0.0	3135.8272941	1790892843075.6294	602.7983510494232	3738.5996987	1790893445873.9805
sub-10166	ses-1	run-02	0	141	43	7	9	24	25	43	25	43	left	right	2.0	626.8917000002148	True	True	win	31	360.75587797164917	3496.55153	1790893203831.5073	361.05981278419495	3496.8555358	1790893204135.4421	361.68670448419516	3497.4824275	1790893204762.3337	3497.7346005	362.47204184532166	3498.267787	1790893205547.6714	3498.267787	529.5662878001075	300.0	0.0	3135.8272941	1790892843075.6294	602.7983510494232	3738.5996987	1790893445873.9805
sub-10166	ses-1	run-02	0	142	43	7	10	24	25	43	43	25	right	left	2.0	373.08249999978216	True	False	loss	32	363.47363567352295	3499.2693911	1790893206549.2651	363.7777009010315	3499.5734606	1790893206853.3303	364.1507834010313	3499.9465431	1790893207226.4128	3500.2014918	365.02185678482056	3500.8176829	1790893208097.4863	3500.8176829	612.0098543276932	300.0	0.0	3135.8272941	1790892843075.6294	602.7983510494232	3738.5996987	1790893445873.9805
sub-10166	ses-1	run-02	0	143	43	7	11	24	25	43	25	43	left	right	2.0	310.7844000001023	True	True	win	31	366.02344489097595	3501.8192578	1790893209099.0745	366.3278012275696	3502.1236886	1790893209403.4307	366.6385856275697	3502.4344730000003	1790893209714.215	3502.6873616	367.52069067955017	3503.3164653	1790893210596.32	3503.3164653	625.4880131492126	300.0	0.0	3135.8272941	1790892843075.6294	602.7983510494232	3738.5996987	1790893445873.9805
sub-10166	ses-1	run-02	0	144	43	7	12	24	25	43	25	43	left	right	2.0	323.3208999999988	True	True	win	31	368.52264285087585	3504.318514	1790893211598.2722	368.82726430892944	3504.6231772	1790893211902.8938	369.15058520892944	3504.9464981	1790893212226.2146	3505.2013322	369.92170214653015	3505.7175994	1790893212997.3315	3505.7175994	512.0929599872625	300.0	0.0	3135.8272941	1790892843075.6294	602.7983510494232	3738.5996987	1790893445873.9805
sub-10166	ses-1	run-02	0	145	43	7	13	24	25	43	43	25	right	left	2.0	515.25890000039	True	True	win	31	370.92345118522644	3506.7193695	1790893213999.0806	371.2264575958252	3507.0232405	1790893214302.0872	371.7417164958256	3507.5384994000005	1790893214817.346	3507.7920419	372.5027096271515	3508.2987166	1790893215578.339	3508.2987166	502.22716057141247	300.0	0.0	3135.8272941	1790892843075.6294	602.7983510494232	3738.5996987	1790893445873.9805
sub-10166	ses-1	run-02	0	146	43	7	14	24	25	43	25	43	left	right	2.0	765.208000000257	True	True	win	31	373.50487065315247	3509.3008525	1790893216580.5002	373.809273481369	3509.6053	1790893216884.9028	374.5744814813693	3510.3705080000004	1790893217650.1108	3510.6247567	375.4680576324463	3511.2641186	1790893218543.687	3511.2641186	635.5914813865679	300.0	0.0	3135.8272941	1790892843075.6294	602.7983510494232	3738.5996987	1790893445873.9805
sub-10166	ses-1	run-02	0	147	43	7	15	24	25	43	43	25	right	left	2.0	455.9548000001996	True	False	loss	32	376.47008657455444	3512.2660782	1790893219545.716	376.774373292923	3512.5705011	1790893219850.0027	377.2303280929232	3513.0264559	1790893220305.9575	3513.2789523	378.0842707157135	3513.880376	1790893221159.9001	3513.880376	597.7775156827295	300.0	0.0	3135.8272941	1790892843075.6294	602.7983510494232	3738.5996987	1790893445873.9805
sub-10166	ses-1	run-02	0	148	43	7	16	24	25	43	25	43	left	right	2.0	359.7341999998207	True	True	win	31	379.08636260032654	3514.8824771	1790893222161.9922	379.3906874656677	3515.1868216	1790893222466.317	379.75042166566755	3515.5465557999996	1790893222826.051	3515.7998178	380.5545268058777	3516.3507258	1790893223630.1562	3516.3507258	547.6602916374362	300.0	0.0	3135.8272941	1790892843075.6294	602.7983510494232	3738.5996987	1790893445873.9805
sub-10166	ses-1	run-02	0	149	43	7	17	24	25	43	43	25	right	left	2.0	434.0114999999969	True	True	win	31	381.5560619831085	3517.3524432	1790893224631.6914	381.8602602481842	3517.6564845	1790893224935.8896	382.2942717481842	3518.090496	1790893225369.9011	3518.345836	383.200786113739	3518.9970269	1790893226276.4155	3518.9970269	647.4745585439304	300.0	0.0	3135.8272941	1790892843075.6294	602.7983510494232	3738.5996987	1790893445873.9805
sub-10166	ses-1	run-02	0	150	43	7	18	24	25	43	43	25	right	left	2.0	323.4514999999192	True	True	win	31	384.2026674747467	3519.9989032	1790893227278.2969	384.50682616233826	3520.3030308	1790893227582.4556	384.8302776623382	3520.6264823	1790893227905.907	3520.8813652	385.6577386856079	3521.4539417	1790893228733.3682	3521.4539417	568.5527478334582	300.0	0.0	3135.8272941	1790892843075.6294	602.7983510494232	3738.5996987	1790893445873.9805
sub-10166	ses-1	run-02	0	151	43	7	19	24	25	43	25	43	left	right	2.0	962.4627000002874	True	True	win	31	386.6594293117523	3522.4556959	1790893229735.0588	386.963258266449	3522.7600111	1790893230038.8877	387.92572096644926	3523.7224738000004	1790893231001.3503	3523.9750832	388.76460099220276	3524.5610641	1790893231840.2305	3524.5610641	582.2465199460916	300.0	0.0	3135.8272941	1790892843075.6294	602.7983510494232	3738.5996987	1790893445873.9805
sub-10166	ses-1	run-02	0	152	43	7	20	24	25	43	43	25	right	left	2.0	359.82780000040293	True	True	win	31	389.7662546634674	3525.562613	1790893232841.884	390.07025146484375	3525.8666475	1790893233145.8809	390.43007926484415	3526.2264753000004	1790893233505.7087	3526.4807709	391.1967990398407	3526.9936534	1790893234272.4285	3526.9936534	508.38508973624175	300.0	0.0	3135.8272941	1790892843075.6294	602.7983510494232	3738.5996987	1790893445873.9805
sub-10166	ses-1	run-02	0	153	43	7	21	24	25	43	43	25	right	left	2.0	351.30230000004303	True	True	win	31	392.1983323097229	3527.9948434	1790893235273.9617	392.5022165775299	3528.2991718	1790893235577.846	392.85351887752995	3528.6504741	1790893235929.1482	3528.9027169	393.7706730365753	3529.5671914	1790893236846.3025	3529.5671914	660.1377661376946	300.0	0.0	3135.8272941	1790892843075.6294	602.7983510494232	3738.5996987	1790893445873.9805
sub-10166	ses-1	run-02	0	154	43	7	22	24	25	43	43	25	right	left	2.0	409.3689000001177	True	True	win	31	394.77232575416565	3530.5687337	1790893237847.9553	395.0765845775604	3530.8730993	1790893238152.214	395.48595347756054	3531.2824682	1790893238561.583	3531.5363092	396.43932366371155	3532.2358707	1790893239514.9531	3532.2358707	695.2065446102105	300.0	0.0	3135.8272941	1790892843075.6294	602.7983510494232	3738.5996987	1790893445873.9805
sub-10166	ses-1	run-02	0	155	43	7	23	24	25	43	43	25	right	left	2.0	380.11569999980566	True	False	loss	32	397.44036984443665	3533.2377398	1790893240515.9993	397.74539279937744	3533.5423643	1790893240821.0222	398.12550849937725	3533.9224799999997	1790893241201.138	3534.1748838	398.989196062088	3534.7860808	1790893242064.8254	3534.7860808	607.3199695505836	300.0	0.0	3135.8272941	1790892843075.6294	602.7983510494232	3738.5996987	1790893445873.9805
sub-10166	ses-1	run-02	0	156	25	8	0	22	25	43	43	25	right	left	2.0	398.35249999987354	False	False	loss	32	399.990843296051	3535.7873852	1790893243066.4727	400.29591941833496	3536.0924073	1790893243371.5488	400.69427191833483	3536.4907598	1790893243769.9014	3536.7459629	401.54030108451843	3537.3369812	1790893244615.9307	3537.3369812	587.0381881818984	300.0	0.0	3135.8272941	1790892843075.6294	602.7983510494232	3738.5996987	1790893445873.9805
sub-10166	ses-1	run-02	0	157	25	8	1	22	25	43	25	43	left	right	2.0	759.798800000226	False	False	loss	32	402.5418891906738	3538.3385084	1790893245617.5186	402.84597849845886	3538.642789	1790893245921.608	403.6057772984591	3539.4025878	1790893246681.4067	3539.6571257	404.5495800971985	3540.346322	1790893247625.2095	3540.346322	685.3088045763438	300.0	0.0	3135.8272941	1790892843075.6294	602.7983510494232	3738.5996987	1790893445873.9805
sub-10166	ses-1	run-02	0	158	25	8	2	22	25	43	43	25	right	left	1.0	540.7656000002135	True	True	win	31	405.5519313812256	3541.3487355	1790893248627.5608	405.8570683002472	3541.6537542	1790893248932.6978	406.3978339002474	3542.1945198000003	1790893249473.4634	3542.4476773	407.249018907547	3543.0458152	1790893250324.6484	3543.0458152	593.5176540936785	300.0	0.0	3135.8272941	1790892843075.6294	602.7983510494232	3738.5996987	1790893445873.9805
sub-10166	ses-1	run-02	0	159	25	8	3	22	25	43	25	43	left	right	1.0	417.86709999996674	True	True	win	31	408.25113558769226	3544.048011	1790893251326.7651	408.55577063560486	3544.3525989	1790893251631.4001	408.9736377356048	3544.770466	1790893252049.2673	3545.0259229	409.8173871040344	3545.6142751	1790893252893.0166	3545.6142751	584.1687849487943	300.0	0.0	3135.8272941	1790892843075.6294	602.7983510494232	3738.5996987	1790893445873.9805
sub-10166	ses-1	run-02	0	160	25	8	4	22	25	43	25	43	left	right	1.0	370.02220000022135	True	True	win	31	410.8193497657776	3546.6161651	1790893253894.9792	411.12354159355164	3546.920432	1790893254199.1711	411.49356379355186	3547.2904542	1790893254569.1934	3547.5438753	412.42618060112	3548.2231007	1790893255501.81	3548.2231007	675.9887226340722	300.0	0.0	3135.8272941	1790892843075.6294	602.7983510494232	3738.5996987	1790893445873.9805
sub-10166	ses-1	run-02	0	161	25	8	5	22	25	43	43	25	right	left	1.0	409.461299999748	True	False	loss	32	413.4277503490448	3549.2245661	1790893256503.38	413.73210763931274	3549.5290043	1790893256807.737	414.1415689393125	3549.9384655999997	1790893257217.1982	3550.1924435	415.08471059799194	3550.8817189	1790893258160.34	3550.8817189	685.0997124857494	300.0	0.0	3135.8272941	1790892843075.6294	602.7983510494232	3738.5996987	1790893445873.9805
sub-10166	ses-1	run-02	0	162	25	8	6	22	25	43	43	25	right	left	1.0	316.3716999997632	True	True	win	31	416.0878629684448	3551.8850018	1790893259163.4924	416.3931713104248	3552.1901627	1790893259468.8008	416.70954301042457	3552.5065344	1790893259785.1724	3552.758857	417.5482339859009	3553.3452086	1790893260623.8635	3553.3452086	582.3146172625643	300.0	0.0	3135.8272941	1790892843075.6294	602.7983510494232	3738.5996987	1790893445873.9805
sub-10166	ses-1	run-02	0	163	25	8	7	22	25	43	25	43	left	right	1.0	710.6538999996701	True	True	win	31	418.55039167404175	3554.3475248	1790893261626.0212	418.8548357486725	3554.6518361	1790893261930.4653	419.56548964867216	3555.3624899999995	1790893262641.1191	3555.6163604	420.51250314712524	3556.3095852	1790893263588.1326	3556.3095852	688.76097778439	300.0	0.0	3135.8272941	1790892843075.6294	602.7983510494232	3738.5996987	1790893445873.9805
sub-10166	ses-1	run-02	0	164	25	8	8	22	25	43	43	25	right	left	1.0	714.4167000001289	True	True	win	31	421.51429438591003	3557.3113086	1790893264589.9238	421.81908559799194	3557.6161177	1790893264894.715	422.5335022979921	3558.3305344	1790893265609.1318	3558.5863125	423.4586703777313	3559.2558613	1790893266534.2998	3559.2558613	665.840369846842	300.0	0.0	3135.8272941	1790892843075.6294	602.7983510494232	3738.5996987	1790893445873.9805
sub-10166	ses-1	run-02	0	165	25	8	9	22	25	43	25	43	left	right	1.0	896.7457000003378	True	False	loss	32	424.46024346351624	3560.257315	1790893267535.873	424.764621257782	3560.5617557	1790893267840.2507	425.6613669577823	3561.4585014000004	1790893268736.9963	3561.7130639	426.6163375377655	3562.4134967	1790893269691.967	3562.4134967	696.7785848770889	300.0	0.0	3135.8272941	1790892843075.6294	602.7983510494232	3738.5996987	1790893445873.9805
sub-10166	ses-1	run-02	0	166	25	8	10	22	25	43	25	43	left	right	1.0	810.5983999998898	True	True	win	31	427.618262052536	3563.4154238	1790893270693.8916	427.9226186275482	3563.7198735	1790893270998.248	428.7332170275481	3564.5304719	1790893271808.8464	3564.785115	429.4955356121063	3565.2928697	1790893272571.165	3565.2928697	503.45681594088865	300.0	0.0	3135.8272941	1790892843075.6294	602.7983510494232	3738.5996987	1790893445873.9805
sub-10166	ses-1	run-02	0	167	25	8	11	22	25	43	43	25	right	left	1.0	524.0959999996448	True	True	win	31	430.49703788757324	3566.2942579	1790893273572.6675	430.80115032196045	3566.5984037	1790893273876.7798	431.3252463219601	3567.1224996999995	1790893274400.8757	3567.3779118	432.15259170532227	3567.9499568	1790893275228.2212	3567.9499568	567.4129279602611	300.0	0.0	3135.8272941	1790892843075.6294	602.7983510494232	3738.5996987	1790893445873.9805
sub-10166	ses-1	run-02	0	168	25	8	12	22	25	43	25	43	left	right					miss	33	433.1550989151001	3568.9528221	1790893276230.7283	433.46010541915894	3569.2577172	1790893276535.7349					435.3501892089844	3571.1475695	1790893278425.8186	3571.1475695	631.7523382037733	300.0	0.0	3135.8272941	1790892843075.6294	602.7983510494232	3738.5996987	1790893445873.9805
sub-10166	ses-1	run-02	0	169	25	8	13	22	25	43	43	25	right	left	1.0	340.83739999960017	True	True	win	31	436.3514268398285	3572.1495934	1790893279427.0564	436.6562411785126	3572.4536845	1790893279731.8706	436.9970785785122	3572.7945218999994	1790893280072.708	3573.047392	437.76649165153503	3573.5639471	1790893280842.121	3573.5639471	512.0869076418177	300.0	0.0	3135.8272941	1790892843075.6294	602.7983510494232	3738.5996987	1790893445873.9805
sub-10166	ses-1	run-02	0	170	25	8	14	22	25	43	43	25	right	left	1.0	307.98349999986385	True	True	win	31	438.76815009117126	3574.5655684	1790893281843.7795	439.0730092525482	3574.8705287	1790893282148.6387	439.3809927525481	3575.1785121999997	1790893282456.622	3575.4337483	440.2943482398987	3576.0918852	1790893283369.9778	3576.0918852	653.455333004449	300.0	0.0	3135.8272941	1790892843075.6294	602.7983510494232	3738.5996987	1790893445873.9805
sub-10166	ses-1	run-02	0	171	25	8	15	22	25	43	43	25	right	left	1.0	315.82280000020546	True	True	win	31	441.29681158065796	3577.0943899	1790893284372.4412	441.601087808609	3577.3986564	1790893284676.7173	441.9169106086092	3577.7144792000004	1790893284992.54	3577.966772	442.69574213027954	3578.4933612	1790893285771.3716	3578.4933612	522.0643322988356	300.0	0.0	3135.8272941	1790892843075.6294	602.7983510494232	3738.5996987	1790893445873.9805
sub-10166	ses-1	run-02	0	172	25	8	16	22	25	43	25	43	left	right	1.0	378.39279999980135	True	False	loss	32	443.6979022026062	3579.4953767	1790893286773.5317	444.00245094299316	3579.8000959	1790893287078.0803	444.38084374299297	3580.1784887	1790893287456.4731	3580.4339726	445.2268648147583	3581.0245022	1790893288302.4944	3581.0245022	586.5197248922514	300.0	0.0	3135.8272941	1790892843075.6294	602.7983510494232	3738.5996987	1790893445873.9805
sub-10166	ses-1	run-02	0	173	25	8	17	22	25	43	25	43	left	right	1.0	456.3963999999032	True	True	win	31	446.2283205986023	3582.0258632	1790893289303.95	446.53210711479187	3582.3301821	1790893289607.7366	446.9885035147918	3582.7865785	1790893290064.133	3583.0388155	447.84122133255005	3583.6389496	1790893290916.8508	3583.6389496	596.8890958125767	300.0	0.0	3135.8272941	1790892843075.6294	602.7983510494232	3738.5996987	1790893445873.9805
sub-10166	ses-1	run-02	0	174	25	8	18	22	25	43	25	43	left	right	1.0	426.48529999996754	True	True	win	31	448.84305715560913	3584.6406213	1790893291918.6865	449.14622378349304	3584.9440548	1790893292221.8533	449.572709083493	3585.3705400999997	1790893292648.3386	3585.6221566	450.38577032089233	3586.1835688	1790893293461.4	3586.1835688	557.3327754589714	300.0	0.0	3135.8272941	1790892843075.6294	602.7983510494232	3738.5996987	1790893445873.9805
sub-10166	ses-1	run-02	0	175	25	8	19	22	25	43	43	25	right	left	1.0	353.6770999999135	True	True	win	31	451.38716435432434	3587.1849667	1790893294462.794	451.6911518573761	3587.4888543	1790893294766.7812	452.044828957376	3587.8425314	1790893295120.4583	3588.0976043	452.95323419570923	3588.7510682	1790893296028.8638	3588.7510682	649.328832689548	300.0	0.0	3135.8272941	1790892843075.6294	602.7983510494232	3738.5996987	1790893445873.9805
sub-10166	ses-1	run-02	0	176	25	8	20	22	25	43	25	43	left	right	1.0	536.5020999997796	True	True	win	31	453.9557785987854	3589.7535366	1790893297031.408	454.2601389884949	3590.0579797	1790893297335.7686	454.79664108849465	3590.5944818	1790893297872.2708	3590.846682	455.7384305000305	3591.5363411	1790893298814.06	3591.5363411	685.21127704402	300.0	0.0	3135.8272941	1790892843075.6294	602.7983510494232	3738.5996987	1790893445873.9805
sub-10166	ses-1	run-02	0	177	25	8	21	22	25	43	25	43	left	right	1.0	455.77300000013565	True	True	win	31	456.74009704589844	3592.5380165	1790893299815.7266	457.0448794364929	3592.8427734	1790893300120.5088	457.50065243649306	3593.2985464000003	1790893300576.2817	3593.5516054	458.4409604072571	3594.2389498	1790893301516.5898	3594.2389498	683.8900756618747	300.0	0.0	3135.8272941	1790892843075.6294	602.7983510494232	3738.5996987	1790893445873.9805
sub-10166	ses-1	run-02	0	178	43	9	0	23	25	43	25	43	left	right	1.0	336.5751999999702	False	False	loss	32	459.4435420036316	3595.2414531	1790893302519.1714	459.74800848960876	3595.5458828	1790893302823.638	460.08458368960873	3595.882458	1790893303160.2131	3596.1382374	460.8556809425354	3596.6537065	1790893303931.3103	3596.6537065	511.07050626170724	300.0	0.0	3135.8272941	1790892843075.6294	602.7983510494232	3738.5996987	1790893445873.9805
sub-10166	ses-1	run-02	0	179	43	9	1	23	25	43	25	43	left	right	1.0	721.9820000000254	False	False	loss	32	461.85778164863586	3597.6558964	1790893304933.4111	462.16243267059326	3597.9604992	1790893305238.0623	462.8844146705933	3598.6824812	1790893305960.0442	3598.9349199	463.8029456138611	3599.6010366	1790893306878.5752	3599.6010366	661.5696205509527	300.0	0.0	3135.8272941	1790892843075.6294	602.7983510494232	3738.5996987	1790893445873.9805
sub-10166	ses-1	run-02	0	180	43	9	2	23	25	43	43	25	right	left	1.0	703.5310000001118	False	False	loss	32	464.8044102191925	3600.6024156	1790893307880.0398	465.1087861061096	3600.9069903	1790893308184.4155	465.81231710610973	3601.6105213	1790893308887.9465	3601.8663886	466.76314997673035	3602.5613118	1790893309838.7795	3602.5613118	691.5670498099475	300.0	0.0	3135.8272941	1790892843075.6294	602.7983510494232	3738.5996987	1790893445873.9805
sub-10166	ses-1	run-02	0	181	43	9	3	23	25	43	25	43	left	right	2.0	383.5057000001143	True	False	loss	32	467.76474356651306	3603.5629354	1790893310840.373	468.06875872612	3603.8669739	1790893311144.3882	468.4522644261201	3604.2504796000003	1790893311527.8938	3604.5051603	469.2343394756317	3605.0325955	1790893312309.969	3605.0325955	523.6160765861225	300.0	0.0	3135.8272941	1790892843075.6294	602.7983510494232	3738.5996987	1790893445873.9805
sub-10166	ses-1	run-02	0	182	43	9	4	23	25	43	25	43	left	right	2.0	431.84340000016164	True	True	win	31	470.2361943721771	3606.034378	1790893313311.8237	470.54042506217957	3606.338669	1790893313616.0544	470.9722684621797	3606.7705124000004	1790893314047.898	3607.0274697	471.8061034679413	3607.6043632	1790893314881.733	3607.6043632	572.08888462172	300.0	0.0	3135.8272941	1790892843075.6294	602.7983510494232	3738.5996987	1790893445873.9805
sub-10166	ses-1	run-02	0	183	43	9	5	23	25	43	25	43	left	right	2.0	996.128900000258	True	True	win	31	472.8079023361206	3608.6061026	1790893315883.5317	473.11223244667053	3608.9105263	1790893316187.8618	474.1083613466708	3609.9066552000004	1790893317183.9907	3610.1612023	474.97121596336365	3610.7695558	1790893318046.8455	3610.7695558	604.1111507679107	300.0	0.0	3135.8272941	1790892843075.6294	602.7983510494232	3738.5996987	1790893445873.9805
sub-10166	ses-1	run-02	0	184	43	9	6	23	25	43	25	43	left	right	2.0	334.38980000028096	True	False	loss	32	475.9728603363037	3611.7711949	1790893319048.4897	476.2776825428009	3612.0761045	1790893319353.312	476.6120723428012	3612.4104943	1790893319687.702	3612.6641949	477.45321249961853	3613.2515308	1790893320528.842	3613.2515308	583.4729373790348	300.0	0.0	3135.8272941	1790892843075.6294	602.7983510494232	3738.5996987	1790893445873.9805
sub-10166	ses-1	run-02	0	185	43	9	7	23	25	43	43	25	right	left	2.0	549.1071000001284	True	True	win	31	478.4548740386963	3614.2532046	1790893321530.5034	478.7590789794922	3614.5575197	1790893321834.7085	479.3081860794923	3615.1066268	1790893322383.8157	3615.3626569	480.22109603881836	3616.0195877	1790893323296.7256	3616.0195877	653.1266842232402	300.0	0.0	3135.8272941	1790892843075.6294	602.7983510494232	3738.5996987	1790893445873.9805
sub-10166	ses-1	run-02	0	186	43	9	8	23	25	43	43	25	right	left	2.0	748.63490000007	True	False	loss	32	481.22346091270447	3617.0219441	1790893324299.0903	481.52746629714966	3617.3259132	1790893324603.0957	482.2761011971497	3618.0745481	1790893325351.7307	3618.3314565	483.19818472862244	3618.9967739	1790893326273.8142	3618.9967739	661.0505657688143	300.0	0.0	3135.8272941	1790892843075.6294	602.7983510494232	3738.5996987	1790893445873.9805
sub-10166	ses-1	run-02	0	187	43	9	9	23	25	43	25	43	left	right	2.0	347.68549999989773	True	True	win	31	484.1996200084686	3619.9980759	1790893327275.2495	484.5043292045593	3620.3028507	1790893327579.9587	484.8520147045592	3620.6505362	1790893327927.6443	3620.9063549	485.7100188732147	3621.509163	1790893328785.6484	3621.509163	598.7671323060497	300.0	0.0	3135.8272941	1790892843075.6294	602.7983510494232	3738.5996987	1790893445873.9805
sub-10166	ses-1	run-02	0	188	43	9	10	23	25	43	25	43	left	right	1.0	387.6722999998492	False	True	win	31	486.711767911911	3622.5104045	1790893329787.3975	487.01624631881714	3622.8149672	1790893330091.8757	487.403918618817	3623.2026395	1790893330479.548	3623.4582149	488.3624017238617	3624.1609837	1790893331438.0312	3624.1609837	698.6960830789708	300.0	0.0	3135.8272941	1790892843075.6294	602.7983510494232	3738.5996987	1790893445873.9805
sub-10166	ses-1	run-02	0	189	43	9	11	23	25	43	25	43	left	right	2.0	359.62689999996655	True	True	win	31	489.3631386756897	3625.1625234	1790893332438.768	489.6682255268097	3625.4669094	1790893332743.855	490.02785242680966	3625.8265363	1790893333103.482	3626.0805454	490.95217728614807	3626.7509554	1790893334027.8066	3626.7509554	666.0826925758631	300.0	0.0	3135.8272941	1790892843075.6294	602.7983510494232	3738.5996987	1790893445873.9805
sub-10166	ses-1	run-02	0	190	43	9	12	23	25	43	43	25	right	left	2.0	329.79870000008304	True	False	loss	32	491.95385098457336	3627.7527726	1790893335029.4805	492.25794434547424	3628.0566902	1790893335333.5737	492.5877430454743	3628.3864889	1790893335663.3723	3628.6402551	493.3523576259613	3629.151043	1790893336427.987	3629.151043	507.62903005236313	300.0	0.0	3135.8272941	1790892843075.6294	602.7983510494232	3738.5996987	1790893445873.9805
sub-10166	ses-1	run-02	0	191	43	9	13	23	25	43	43	25	right	left	2.0	1153.0298000002404	True	False	loss	32	494.35413217544556	3630.1535386	1790893337429.7617	494.65890550613403	3630.4577199	1790893337734.535	495.8119353061343	3631.6107497000003	1790893338887.5647	3631.8646893	496.60296535491943	3632.4018223	1790893339678.5947	3632.4018223	532.4046651069514	300.0	0.0	3135.8272941	1790892843075.6294	602.7983510494232	3738.5996987	1790893445873.9805
sub-10166	ses-1	run-02	0	192	43	9	14	23	25	43	43	25	right	left	2.0	446.3949999999386	True	True	win	31	497.6037106513977	3633.4033	1790893340679.34	497.9094567298889	3633.7081694	1790893340985.0862	498.35585172988885	3634.1545644	1790893341431.4812	3634.407522	499.2296688556671	3635.028613	1790893342305.2983	3635.028613	616.916176690305	300.0	0.0	3135.8272941	1790892843075.6294	602.7983510494232	3738.5996987	1790893445873.9805
sub-10166	ses-1	run-02	0	193	43	9	15	23	25	43	25	43	left	right	2.0	460.26130000018384	True	True	win	31	500.23128604888916	3636.0303272	1790893343306.9155	500.53516721725464	3636.3344307	1790893343610.7966	500.9954285172548	3636.7946920000004	1790893344071.0579	3637.0486559	501.9346640110016	3637.7336643	1790893345010.2935	3637.7336643	680.6597980364509	300.0	0.0	3135.8272941	1790892843075.6294	602.7983510494232	3738.5996987	1790893445873.9805
sub-10166	ses-1	run-02	0	194	43	9	16	23	25	43	25	43	left	right	2.0	467.0109999997294	True	False	loss	32	502.93629574775696	3638.7351924	1790893346011.9253	503.2404716014862	3639.0394996	1790893346316.101	503.70748260148594	3639.5065105999997	1790893346783.112	3639.7634696	504.5352826118469	3640.3343009	1790893347610.912	3640.3343009	566.4368414650831	300.0	0.0	3135.8272941	1790892843075.6294	602.7983510494232	3738.5996987	1790893445873.9805
sub-10166	ses-1	run-02	0	195	43	9	17	23	25	43	25	43	left	right	1.0	632.8823999997439	False	True	win	31	505.53693318367004	3641.336532	1790893348612.5627	505.842764377594	3641.6416705	1790893348918.3938	506.47564677759374	3642.2745529	1790893349551.2761	3642.5311152	507.2567205429077	3643.0558132	1790893350332.35	3643.0558132	520.2834114013916	300.0	0.0	3135.8272941	1790892843075.6294	602.7983510494232	3738.5996987	1790893445873.9805
sub-10166	ses-1	run-02	0	196	43	9	18	23	25	43	25	43	left	right	1.0	312.7724999999373	False	False	loss	32	508.2585725784302	3644.0575751	1790893351334.2021	508.562730550766	3644.3618268	1790893351638.36	508.87550305076593	3644.6745993	1790893351951.1326	3644.9300534	509.74809432029724	3645.5472526	1790893352823.7239	3645.5472526	613.990140042611	300.0	0.0	3135.8272941	1790892843075.6294	602.7983510494232	3738.5996987	1790893445873.9805
sub-10166	ses-1	run-02	0	197	43	9	19	23	25	43	25	43	left	right	1.0	556.6185999996378	False	False	loss	32	510.7504756450653	3646.5495605	1790893353826.1052	511.05472922325134	3646.8539693	1790893354130.3586	511.611347823251	3647.4105878999994	1790893354686.9773	3647.6623561	512.4252967834473	3648.224556	1790893355500.9263	3648.224556	557.0714694277663	300.0	0.0	3135.8272941	1790892843075.6294	602.7983510494232	3738.5996987	1790893445873.9805
sub-10166	ses-1	run-02	0	198	43	9	20	23	25	43	25	43	left	right	2.0	751.9107999996777	True	True	win	31	513.427408695221	3649.226887	1790893356503.038	513.7313721179962	3649.5305926	1790893356807.0017	514.4832829179959	3650.2825033999998	1790893357558.9126	3650.5351476	515.3601479530334	3651.1594252	1790893358435.7773	3651.1594252	620.9523593177701	300.0	0.0	3135.8272941	1790892843075.6294	602.7983510494232	3738.5996987	1790893445873.9805
sub-10166	ses-1	run-02	0	199	43	9	21	23	25	43	43	25	right	left	2.0	337.3826000001827	True	False	loss	32	516.3616857528687	3652.1608942	1790893359437.3152	516.665849685669	3652.465168	1790893359741.4792	517.0032322856691	3652.8025506000004	1790893360078.8618	3653.0594622	517.9034395217896	3653.7027909	1790893360979.069	3653.7027909	639.9163450895961	300.0	0.0	3135.8272941	1790892843075.6294	602.7983510494232	3738.5996987	1790893445873.9805
sub-10166	ses-1	run-02	0	200	43	9	22	23	25	43	25	43	left	right	2.0	426.1661999998978	True	True	win	31	518.9037399291992	3654.7038114	1790893361979.3694	519.2085275650024	3655.0083671	1790893362284.157	519.6346937650023	3655.4345333	1790893362710.3232	3655.6870449	520.562468290329	3656.3618779	1790893363638.0977	3656.3618779	670.5346523644699	300.0	0.0	3135.8272941	1790892843075.6294	602.7983510494232	3738.5996987	1790893445873.9805
sub-10166	ses-1	run-02	0	201	25	10	0	23	25	43	43	25	right	left	2.0	350.8502000004228	False	False	loss	32	521.5640394687653	3657.3632925	1790893364639.669	521.8682532310486	3657.6677132	1790893364943.8828	522.219103431049	3658.0185634000004	1790893365294.733	3658.2707294	523.063098192215	3658.8625565	1790893366138.7278	3658.8625565	588.3681992102722	300.0	0.0	3135.8272941	1790892843075.6294	602.7983510494232	3738.5996987	1790893445873.9805
sub-10166	ses-1	run-02	0	202	25	10	1	23	25	43	43	25	right	left	2.0	288.5409999998956	False	False	loss	32	524.065272808075	3659.8648061	1790893367140.9023	524.3705172538757	3660.1699665	1790893367446.1467	524.6590582538756	3660.4585075	1790893367734.6877	3660.7128419	525.4497447013855	3661.2492082	1790893368525.3743	3661.2492082	532.0066612685987	300.0	0.0	3135.8272941	1790892843075.6294	602.7983510494232	3738.5996987	1790893445873.9805
sub-10166	ses-1	run-02	0	203	25	10	2	23	25	43	25	43	left	right					miss	33	526.4513473510742	3662.2507884	1790893369526.9768	526.7554969787598	3662.5549922	1790893369831.1265					528.7022933959961	3664.5017082	1790893371777.9229	3664.5017082	688.3006144707184	300.0	0.0	3135.8272941	1790892843075.6294	602.7983510494232	3738.5996987	1790893445873.9805
sub-10166	ses-1	run-02	0	204	25	10	3	23	25	43	43	25	right	left	2.0	330.5390000000443	False	True	win	31	529.7041823863983	3665.5037726	1790893372779.8118	530.0083549022675	3665.8080043	1790893373083.9844	530.3388939022675	3666.1385433	1790893373414.5234	3666.3914325	531.1003932952881	3666.9000587	1790893374176.0227	3666.9000587	504.4168566208127	300.0	0.0	3135.8272941	1790892843075.6294	602.7983510494232	3738.5996987	1790893445873.9805
sub-10166	ses-1	run-02	0	205	25	10	4	23	25	43	43	25	right	left	2.0	300.5253999999695	False	False	loss	32	532.1019926071167	3667.9015589	1790893375177.622	532.4062781333923	3668.2060096	1790893375481.9077	532.7068035333923	3668.506535	1790893375782.433	3668.7593482	533.6619462966919	3669.4616792	1790893376737.5757	3669.4616792	698.9155333466437	300.0	0.0	3135.8272941	1790892843075.6294	602.7983510494232	3738.5996987	1790893445873.9805
sub-10166	ses-1	run-02	0	206	25	10	5	23	25	43	25	43	left	right	1.0	362.74420000017926	True	False	loss	32	534.6636517047882	3670.4632639	1790893377739.2812	534.9679870605469	3670.7677442	1790893378043.6165	535.330731260547	3671.1304884	1790893378406.3606	3671.3866021	536.1603667736053	3671.9605868	1790893379235.9963	3671.9605868	570.1731145169764	300.0	0.0	3135.8272941	1790892843075.6294	602.7983510494232	3738.5996987	1790893445873.9805
sub-10166	ses-1	run-02	0	207	25	10	6	23	25	43	43	25	right	left	1.0	263.22540000001027	True	True	win	31	537.1630029678345	3672.9628734	1790893380238.6323	537.4670305252075	3673.267317	1790893380542.66	537.7302559252075	3673.5305424	1790893380805.8853	3673.7851491	538.5004606246948	3674.3006172	1790893381576.09	3674.3006172	511.2650078883518	300.0	0.0	3135.8272941	1790892843075.6294	602.7983510494232	3738.5996987	1790893445873.9805
sub-10166	ses-1	run-02	0	208	25	10	7	23	25	43	25	43	left	right	1.0	347.03559999979916	True	True	win	31	539.5027072429657	3675.3026001	1790893382578.3367	539.807852268219	3675.6075184	1790893382883.4817	540.1548878682188	3675.954554	1790893383230.5173	3676.2112243	541.0045301914215	3676.8043585	1790893384080.1597	3676.8043585	589.8672589245411	300.0	0.0	3135.8272941	1790892843075.6294	602.7983510494232	3738.5996987	1790893445873.9805
sub-10166	ses-1	run-02	0	209	25	10	8	23	25	43	43	25	right	left	1.0	307.87169999985053	True	True	win	31	542.0062897205353	3677.8062583	1790893385081.9192	542.3109562397003	3678.1106825	1790893385386.5857	542.6188279397002	3678.4185542	1790893385694.4573	3678.6743524	543.407721042633	3679.2081642	1790893386483.3506	3679.2081642	529.5777128608318	300.0	0.0	3135.8272941	1790892843075.6294	602.7983510494232	3738.5996987	1790893445873.9805
sub-10166	ses-1	run-02	0	210	25	10	9	23	25	43	25	43	left	right	1.0	385.00410000006013	True	True	win	31	544.4095239639282	3680.2093725	1790893387485.1533	544.7138307094574	3680.5136978	1790893387789.4602	545.0988348094575	3680.8987019	1790893388174.4644	3681.1521064	545.9730989933014	3681.7730818	1790893389048.7285	3681.7730818	616.4996213838931	300.0	0.0	3135.8272941	1790892843075.6294	602.7983510494232	3738.5996987	1790893445873.9805
sub-10166	ses-1	run-02	0	211	25	10	10	23	25	43	25	43	left	right	1.0	402.51839999973527	True	True	win	31	546.9752929210663	3682.7758177	1790893390050.9224	547.2798607349396	3683.080027	1790893390355.4902	547.6823791349393	3683.4825453999997	1790893390758.0085	3683.739296	548.5866277217865	3684.3866315	1790893391662.257	3684.3866315	643.819477164752	300.0	0.0	3135.8272941	1790892843075.6294	602.7983510494232	3738.5996987	1790893445873.9805
sub-10166	ses-1	run-02	0	212	25	10	11	23	25	43	43	25	right	left	1.0	381.9785000000593	True	True	win	31	549.5886356830597	3685.3886215	1790893392664.2651	549.8926272392273	3685.6925427	1790893392968.2566	550.2746057392274	3686.0745212	1790893393350.235	3686.3315092	551.1871814727783	3686.9872821	1790893394262.811	3686.9872821	651.5789701955113	300.0	0.0	3135.8272941	1790892843075.6294	602.7983510494232	3738.5996987	1790893445873.9805
sub-10166	ses-1	run-02	0	213	25	10	12	23	25	43	25	43	left	right	1.0	325.5461000003379	True	False	loss	32	552.1879677772522	3687.988755	1790893395263.5972	552.4929640293121	3688.2929556	1790893395568.5935	552.8185101293125	3688.6185017000003	1790893395894.1396	3688.87142	553.7114698886871	3689.5116686	1790893396787.0994	3689.5116686	636.2615416015011	300.0	0.0	3135.8272941	1790892843075.6294	602.7983510494232	3738.5996987	1790893445873.9805
sub-10166	ses-1	run-02	0	214	25	10	13	23	25	43	43	25	right	left	2.0	424.4822999999087	False	False	loss	32	554.7136750221252	3690.5138885	1790893397789.3044	555.0178897380829	3690.8180971	1790893398093.5193	555.4423720380828	3691.2425794	1790893398518.0017	3691.4971576	556.261091709137	3692.0613348	1790893399336.7212	3692.0613348	560.8273376998883	300.0	0.0	3135.8272941	1790892843075.6294	602.7983510494232	3738.5996987	1790893445873.9805
sub-10166	ses-1	run-02	0	215	25	10	14	23	25	43	25	43	left	right	1.0	657.8776000001199	True	True	win	31	557.263726234436	3693.0638091	1790893400339.3557	557.5685515403748	3693.3687948	1790893400644.181	558.2264291403749	3694.0266724000003	1790893401302.0586	3694.2831051	559.0354068279266	3694.8356853	1790893402111.0364	3694.8356853	548.6009729371314	300.0	0.0	3135.8272941	1790892843075.6294	602.7983510494232	3738.5996987	1790893445873.9805
sub-10166	ses-1	run-02	0	216	25	10	15	23	25	43	25	43	left	right	1.0	468.3351000003313	True	True	win	31	560.0372424125671	3695.8376009	1790893403112.8718	560.341915845871	3696.142225	1790893403417.5454	560.8102509458713	3696.6105601000004	1790893403885.8806	3696.8660731	561.6083526611328	3697.4087012	1790893404683.9822	3697.4087012	538.4157832423056	300.0	0.0	3135.8272941	1790892843075.6294	602.7983510494232	3738.5996987	1790893445873.9805
sub-10166	ses-1	run-02	0	217	25	10	16	23	25	43	25	43	left	right	1.0	319.06759999992573	True	True	win	31	562.6106488704681	3698.410881	1790893405686.2783	562.9148466587067	3698.7155616	1790893405990.476	563.2339142587066	3699.0346292	1790893406309.5437	3699.2893889	564.140017747879	3699.9405624	1790893407215.6472	3699.9405624	647.5236902002995	300.0	0.0	3135.8272941	1790892843075.6294	602.7983510494232	3738.5996987	1790893445873.9805
sub-10166	ses-1	run-02	0	218	25	10	17	23	25	43	43	25	right	left	1.0	339.63930000027176	True	True	win	31	565.1422257423401	3700.9424901	1790893408217.8552	565.4464526176453	3701.2469534	1790893408522.082	565.7860919176455	3701.5865927000004	1790893408861.7214	3701.8406071	566.7106473445892	3702.511791	1790893409786.2769	3702.511791	666.7116902889569	300.0	0.0	3135.8272941	1790892843075.6294	602.7983510494232	3738.5996987	1790893445873.9805
sub-10166	ses-1	run-02	0	219	25	10	18	23	25	43	43	25	right	left	1.0	745.4342999999426	True	True	win	31	567.7114777565002	3703.5127397	1790893410787.1072	568.0167284011841	3703.817211	1790893411092.358	568.762162701184	3704.5626453	1790893411837.7922	3704.8170047	569.7137408256531	3705.5143025	1790893412789.3704	3705.5143025	693.0860646809377	300.0	0.0	3135.8272941	1790892843075.6294	602.7983510494232	3738.5996987	1790893445873.9805
sub-10166	ses-1	run-02	0	220	25	10	19	23	25	43	43	25	right	left	1.0	350.3921999999875	True	False	loss	32	570.7148368358612	3706.5161396	1790893413790.4663	571.0196359157562	3706.8201938	1790893414095.2654	571.3700281157562	3707.170586	1790893414445.6575	3707.4243159	572.2332451343536	3708.0347482	1790893415308.8745	3708.0347482	606.1067798579345	300.0	0.0	3135.8272941	1790892843075.6294	602.7983510494232	3738.5996987	1790893445873.9805
sub-10166	ses-1	run-02	0	221	25	10	20	23	25	43	43	25	right	left	1.0	333.67630000020654	True	False	loss	32	573.2363104820251	3709.0369205	1790893416311.94	573.5395119190216	3709.3409258	1790893416615.1414	573.8731882190218	3709.6746021000004	1790893416948.8176	3709.9292977	574.6496956348419	3710.4503404	1790893417725.3252	3710.4503404	517.0282002108657	300.0	0.0	3135.8272941	1790892843075.6294	602.7983510494232	3738.5996987	1790893445873.9805
sub-10166	ses-1	run-02	0	222	25	10	21	23	25	43	25	43	left	right	1.0	446.3522999999441	True	True	win	31	575.6512458324432	3711.4518786	1790893418726.8752	575.9556791782379	3711.7563231	1790893419031.3086	576.4020314782379	3712.2026754	1790893419477.661	3712.4549206	577.2618668079376	3713.0625652	1790893420337.4963	3713.0625652	603.287368359968	300.0	0.0	3135.8272941	1790892843075.6294	602.7983510494232	3738.5996987	1790893445873.9805
sub-10166	ses-1	run-02	0	223	25	10	22	23	25	43	43	25	right	left	1.0	697.4261000000297	True	True	win	31	578.2639973163605	3714.0648462	1790893421339.6267	578.5685052871704	3714.3692457	1790893421644.1348	579.2659313871704	3715.0666718	1790893422341.5608	3715.3196449	580.0267581939697	3715.828091	1790893423102.3877	3715.828091	504.70611709342427	300.0	0.0	3135.8272941	1790892843075.6294	602.7983510494232	3738.5996987	1790893445873.9805
sub-10166	ses-1	run-02	0	224	43	11	0	21	25	43	43	25	right	left	1.0	404.930400000012	False	False	loss	32	581.02903008461	3716.8298702	1790893424104.6597	581.3322875499725	3717.1337335	1790893424407.917	581.7372179499725	3717.5386639	1790893424812.8474	3717.7924225	582.6353821754456	3718.4362398	1790893425711.0117	3718.4362398	639.0917057381483	300.0	0.0	3135.8272941	1790892843075.6294	602.7983510494232	3738.5996987	1790893445873.9805
sub-10166	ses-1	run-02	0	225	43	11	1	21	25	43	25	43	left	right					miss	33	583.6369476318359	3719.437706	1790893426712.5771	583.9407410621643	3719.7416228	1790893427016.3706					585.8156921863556	3721.6165761	1790893428891.3218	3721.6165761	616.4469168679187	300.0	0.0	3135.8272941	1790892843075.6294	602.7983510494232	3738.5996987	1790893445873.9805
sub-10166	ses-1	run-02	0	226	43	11	2	21	25	43	25	43	left	right	2.0	303.669699999773	True	True	win	31	586.817675113678	3722.6185807	1790893429893.3047	587.1218731403351	3722.9228129	1790893430197.5027	587.4255428403349	3723.2264825999996	1790893430501.1724	3723.481644	588.2220690250397	3724.0229504	1790893431297.6985	3724.0229504	537.0728935993935	300.0	0.0	3135.8272941	1790892843075.6294	602.7983510494232	3738.5996987	1790893445873.9805
sub-10166	ses-1	run-02	0	227	43	11	3	21	25	43	25	43	left	right	2.0	384.74790000009307	True	False	loss	32	589.2230439186096	3725.0245898	1790893432298.6733	589.5287375450134	3725.3297288	1790893432604.367	589.9134854450135	3725.7144767	1790893432989.1147	3725.9677871	590.8348481655121	3726.635849	1790893433910.4775	3726.635849	663.4488915441812	300.0	0.0	3135.8272941	1790892843075.6294	602.7983510494232	3738.5996987	1790893445873.9805
sub-10166	ses-1	run-02	0	228	43	11	4	21	25	43	43	25	right	left	1.0	477.4488000002748	False	False	loss	32	591.8357615470886	3727.637126	1790893434911.391	592.1402530670166	3727.9411427	1790893435215.8826	592.6177018670169	3728.4185915000003	1790893435693.3313	3728.6747973	593.5166416168213	3729.31822	1790893436592.271	3729.31822	639.62025237067	300.0	0.0	3135.8272941	1790892843075.6294	602.7983510494232	3738.5996987	1790893445873.9805
sub-10166	ses-1	run-02	0	229	43	11	5	21	25	43	43	25	right	left	2.0	571.1952000001475	True	True	win	31	594.5175046920776	3730.3192725	1790893437593.1343	594.822154045105	3730.6232994	1790893437897.7834	595.3933492451051	3731.1944946000003	1790893438468.9788	3731.4476548	596.1597971916199	3731.9609237	1790893439235.4268	3731.9609237	509.3921738158288	300.0	0.0	3135.8272941	1790892843075.6294	602.7983510494232	3738.5996987	1790893445873.9805
sub-10166	ses-1	run-02	0	230	43	11	6	21	25	43	25	43	left	right	2.0	334.9745999998959	True	True	win	31	597.1619837284088	3732.9632758	1790893440237.6133	597.4664056301117	3733.2675817	1790893440542.0352	597.8013802301116	3733.6025563	1790893440877.0098	3733.856418	598.5935971736908	3734.3948162	1790893441669.2266	3734.3948162	534.2944011221796	300.0	0.0	3135.8272941	1790892843075.6294	602.7983510494232	3738.5996987	1790893445873.9805
sub-10166	ses-1	run-02	0	231	43	11	7	21	25	43	43	25	right	left	2.0	966.3016000004063	True	False	loss	32	599.5950407981873	3735.3968203	1790893442670.6702	599.8989462852478	3735.7001895	1790893442974.5757	600.8652478852482	3736.6664911000003	1790893443940.8772	3736.9203205	601.7955899238586	3737.5969093	1790893444871.2195	3737.5969093	672.6138455686638	300.0	0.0	3135.8272941	1790892843075.6294	602.7983510494232	3738.5996987	1790893445873.9805
