subject_id	session_id	run	localizer	trial_num	current_good	contingency_id	trial_in_contingency	contingency_trials	flower1	flower2	left_stimulus	right_stimulus	slot1_position	slot2_position	choice	rt	correct	reward	outcome	feedback_marker	trial_start_task_time	trial_start_lsl_time	trial_start_unix_time	choice_window_onset_task_time	choice_window_onset_lsl_time	choice_window_onset_unix_time	choice_onset_task_time	choice_onset_lsl_time	choice_onset_unix_time	choice_marker_send_lsl_time	feedback_onset_task_time	feedback_onset_lsl_time	feedback_onset_unix_time	lsl_marker_send_time	wait_time	iti	run_start_task_time	run_start_lsl_time	run_start_unix_time	run_end_task_time	run_end_lsl_time	run_end_unix_time
sub-10166	ses-1	run-01	0	1	17	1	0	22	17	16	16	17	right	left	2	368.5398999996323	False	True	win	31	0.0	2469.806358	1790892177067.19	0.3478720188140869	2470.1538888	1790892177415.062	0.7164119188137192	2470.5224286999996	1790892177783.6018	2470.7779424	1.6032638549804688	2471.4092853	1790892178670.4539	2471.4092853	627.7475338038992	300.0	0.0	2469.8062906	1790892177067.19	600.6605257987976	3070.4806849	1790892777727.7158
sub-10166	ses-1	run-01	0	2	17	1	1	22	17	16	16	17	right	left	2	351.9613999997091	False	False	loss	32	2.603646993637085	2472.4103533	1790892179670.837	2.908367395401001	2472.7144206	1790892179975.5574	3.26032879540071	2473.0663819999995	1790892180327.5188	2473.3240247	4.203253507614136	2474.00934	1790892181270.4434	2474.00934	680.7323817093995	300.0	0.0	2469.8062906	1790892177067.19	600.6605257987976	3070.4806849	1790892777727.7158
sub-10166	ses-1	run-01	0	3	17	1	2	22	17	16	17	16	left	right	2	438.4072000002561	False	False	loss	32	5.20532488822937	2475.0114792	1790892182272.515	5.509963035583496	2475.315999	1790892182577.153	5.948370235583752	2475.7544062	1790892183015.5603	2476.0096616	6.883996963500977	2476.6901447	1790892183951.187	2476.6901447	676.9621493780409	300.0	0.0	2469.8062906	1790892177067.19	600.6605257987976	3070.4806849	1790892777727.7158
sub-10166	ses-1	run-01	0	4	17	1	3	22	17	16	17	16	left	right	2	374.449999999797	False	True	win	31	7.885667562484741	2477.691714	1790892184952.8574	8.189743518829346	2477.9959092	1790892185256.9333	8.564193518829143	2478.3703591999997	1790892185631.3833	2478.6240929	9.430257797241211	2479.2364348	1790892186497.4478	2479.2364348	608.0561805898291	300.0	0.0	2469.8062906	1790892177067.19	600.6605257987976	3070.4806849	1790892777727.7158
sub-10166	ses-1	run-01	0	5	17	1	4	22	17	16	17	16	left	right	2	371.9556000000921	False	False	loss	32	10.432088613510132	2480.2382839	1790892187499.2786	10.736020803451538	2480.5423954	1790892187803.2107	11.10797640345163	2480.914351	1790892188175.1663	2481.171668	11.982746601104736	2481.7889685	1790892189049.9365	2481.7889685	613.4827831145172	300.0	0.0	2469.8062906	1790892177067.19	600.6605257987976	3070.4806849	1790892777727.7158
sub-10166	ses-1	run-01	0	6	17	1	5	22	17	16	16	17	right	left	2	466.58720000004905	False	True	win	31	12.9847412109375	2482.791412	1790892190051.9312	13.289497375488281	2483.0957798	1790892190356.6873	13.75608457548833	2483.562367	1790892190823.2744	2483.814918	14.63536787033081	2484.4416784	1790892191702.5579	2484.4416784	622.042662200931	300.0	0.0	2469.8062906	1790892177067.19	600.6605257987976	3070.4806849	1790892777727.7158
sub-10166	ses-1	run-01	0	7	17	1	6	22	17	16	17	16	left	right	2	510.3420999998889	False	False	loss	32	15.637036085128784	2485.4432839	1790892192704.226	15.941752672195435	2485.7480758	1790892193008.9426	16.452094772195323	2486.2584179	1790892193519.2847	2486.5122638	17.347367525100708	2487.1537809	1790892194414.5574	2487.1537809	637.3204367584127	300.0	0.0	2469.8062906	1790892177067.19	600.6605257987976	3070.4806849	1790892777727.7158
sub-10166	ses-1	run-01	0	8	17	1	7	22	17	16	17	16	left	right	2	342.67030000000887	False	False	loss	32	18.34933590888977	2488.1556028	1790892195416.526	18.652806997299194	2488.4596685	1790892195719.9968	18.995477297299203	2488.8023388	1790892196062.6672	2489.0579934	19.92188262939453	2489.728478	1790892196989.0725	2489.728478	666.2729671778878	300.0	0.0	2469.8062906	1790892177067.19	600.6605257987976	3070.4806849	1790892777727.7158
sub-10166	ses-1	run-01	0	9	17	1	8	22	17	16	16	17	right	left	1	407.292100000177	True	True	win	31	20.923672437667847	2490.7303836	1790892197990.8623	21.228580951690674	2491.0350413	1790892198295.771	21.63587305169085	2491.4423334000003	1790892198703.063	2491.6991602	22.419153690338135	2492.2256682	1790892199486.3435	2492.2256682	522.0883620535237	300.0	0.0	2469.8062906	1790892177067.19	600.6605257987976	3070.4806849	1790892777727.7158
sub-10166	ses-1	run-01	0	10	17	1	9	22	17	16	16	17	right	left	1	374.069800000143	True	False	loss	32	23.42130732536316	2493.2276731	1790892200488.4973	23.725717306137085	2493.5322369	1790892200792.9072	24.099787106137228	2493.9063067	1790892201166.977	2494.1603175	24.887863397598267	2494.6944587	1790892201955.0532	2494.6944587	530.4598129756511	300.0	0.0	2469.8062906	1790892177067.19	600.6605257987976	3070.4806849	1790892777727.7158
sub-10166	ses-1	run-01	0	11	17	1	10	22	17	16	16	17	right	left	1	361.4218000002438	True	False	loss	32	25.889169216156006	2495.6962974	1790892202956.3591	26.194254875183105	2496.0009478	1790892203261.4448	26.55567667518335	2496.3623696000004	1790892203622.8667	2496.6144364	27.465333223342896	2497.2719546	1790892204532.5232	2497.2719546	653.8667115409615	300.0	0.0	2469.8062906	1790892177067.19	600.6605257987976	3070.4806849	1790892777727.7158
sub-10166	ses-1	run-01	0	12	17	1	11	22	17	16	16	17	right	left	1	319.9911000001521	True	True	win	31	28.467283248901367	2498.2740611	1790892205534.4731	28.771640300750732	2498.5784454	1790892205838.8303	29.091631400750884	2498.8984365	1790892206158.8215	2499.1516521	29.97968053817749	2499.7863717	1790892207046.8704	2499.7863717	630.345839376712	300.0	0.0	2469.8062906	1790892177067.19	600.6605257987976	3070.4806849	1790892777727.7158
sub-10166	ses-1	run-01	0	13	17	1	12	22	17	16	17	16	left	right	1	405.214899999919	True	True	win	31	30.981476068496704	2500.7882138	1790892208048.666	31.286478757858276	2501.0931964	1790892208353.6687	31.691693657858195	2501.4984113	1790892208758.8835	2501.7529191	32.52875375747681	2502.3354775	1790892209595.9436	2502.3354775	578.4575548930125	300.0	0.0	2469.8062906	1790892177067.19	600.6605257987976	3070.4806849	1790892777727.7158
sub-10166	ses-1	run-01	0	14	17	1	13	22	17	16	16	17	right	left	1	353.1346999998277	True	True	win	31	33.53142428398132	2503.3381401	1790892210598.6143	33.834468603134155	2503.6412685	1790892210901.6584	34.18760330313398	2503.9944032	1790892211254.7932	2504.2497379	35.10424184799194	2504.911026	1790892212171.432	2504.911026	656.8061409516149	300.0	0.0	2469.8062906	1790892177067.19	600.6605257987976	3070.4806849	1790892777727.7158
sub-10166	ses-1	run-01	0	15	17	1	14	22	17	16	17	16	left	right	1	456.3662000000477	True	True	win	31	36.10673213005066	2505.9134575	1790892213173.922	36.411338329315186	2506.2182011	1790892213478.5283	36.86770452931523	2506.6745673	1790892213934.8945	2506.927635	37.76390290260315	2507.5707864	1790892214831.0928	2507.5707864	639.5525573920353	300.0	0.0	2469.8062906	1790892177067.19	600.6605257987976	3070.4806849	1790892777727.7158
sub-10166	ses-1	run-01	0	16	17	1	15	22	17	16	17	16	left	right	1	381.6681000002973	True	True	win	31	38.76594591140747	2508.5728298	1790892215833.1357	39.06986379623413	2508.876722	1790892216137.0537	39.45153189623443	2509.2583901000003	1790892216518.722	2509.5156486	40.24825382232666	2510.0551591	1790892217315.4438	2510.0551591	535.5701148968842	300.0	0.0	2469.8062906	1790892177067.19	600.6605257987976	3070.4806849	1790892777727.7158
sub-10166	ses-1	run-01	0	17	17	1	16	22	17	16	17	16	left	right	1	368.1477999998606	True	True	win	31	41.25031805038452	2511.0573305	1790892218317.508	41.55515766143799	2511.3622081	1790892218622.3477	41.92330546143785	2511.7303558999997	1790892218990.4954	2511.9858335	42.86912250518799	2512.6762927	1790892219936.3125	2512.6762927	686.0320550409288	300.0	0.0	2469.8062906	1790892177067.19	600.6605257987976	3070.4806849	1790892777727.7158
sub-10166	ses-1	run-01	0	18	17	1	17	22	17	16	17	16	left	right	1	332.19839999992473	True	False	loss	32	43.87107563018799	2513.6779781	1790892220938.2656	44.17441964149475	2513.9821941	1790892221241.6096	44.506618041494676	2514.3143925	1790892221573.808	2514.5708364	45.4652202129364	2515.2722834	1790892222532.4102	2515.2722834	697.1767705130756	300.0	0.0	2469.8062906	1790892177067.19	600.6605257987976	3070.4806849	1790892777727.7158
sub-10166	ses-1	run-01	0	19	17	1	18	22	17	16	16	17	right	left	1	328.19240000026184	True	False	loss	32	46.466878175735474	2516.2740207	1790892223534.068	46.77038812637329	2516.5782082	1790892223837.5781	47.09858052637355	2516.9064006000003	1790892224165.7705	2517.1616403	48.00502061843872	2517.8120827	1790892225072.2104	2517.8120827	646.9515833480438	300.0	0.0	2469.8062906	1790892177067.19	600.6605257987976	3070.4806849	1790892777727.7158
sub-10166	ses-1	run-01	0	20	17	1	19	22	17	16	17	16	left	right	1	475.41309999996884	True	True	win	31	49.00706720352173	2518.8146922	1790892226074.257	49.31178879737854	2519.1189144	1790892226378.9788	49.78720189737851	2519.5943275	1790892226854.3918	2519.8477431	50.73134970664978	2520.5385273	1790892227798.5396	2520.5385273	686.1048760062998	300.0	0.0	2469.8062906	1790892177067.19	600.6605257987976	3070.4806849	1790892777727.7158
sub-10166	ses-1	run-01	0	21	17	1	20	22	17	16	17	16	left	right	1	341.29729999995106	True	False	loss	32	51.73370313644409	2521.5407457	1790892228800.893	52.037729263305664	2521.8450428	1790892229104.9192	52.379026563305615	2522.1863401	1790892229446.2166	2522.4383975	53.25266790390015	2523.0599167	1790892230319.858	2523.0599167	617.7990735133902	300.0	0.0	2469.8062906	1790892177067.19	600.6605257987976	3070.4806849	1790892777727.7158
sub-10166	ses-1	run-01	0	22	17	1	21	22	17	16	16	17	right	left	1	380.81160000001546	True	True	win	31	54.25438380241394	2524.0618934	1790892231321.5737	54.55837607383728	2524.3655565	1790892231625.566	54.939187673837296	2524.7463681	1790892232006.3774	2524.9994411	55.82417607307434	2525.6314932	1790892232891.366	2525.6314932	627.871260686668	300.0	0.0	2469.8062906	1790892177067.19	600.6605257987976	3070.4806849	1790892777727.7158
sub-10166	ses-1	run-01	0	23	16	2	0	20	17	16	16	17	right	left	1	329.23189999974056	False	False	loss	32	56.82600378990173	2526.6331529	1790892233893.1936	57.12900900840759	2526.9371032	1790892234196.199	57.45824090840733	2527.2663350999997	1790892234525.431	2527.5205221	58.309322118759155	2528.1166876	1790892235376.512	2528.1166876	592.9971207138453	300.0	0.0	2469.8062906	1790892177067.19	600.6605257987976	3070.4806849	1790892777727.7158
sub-10166	ses-1	run-01	0	24	16	2	1	20	17	16	17	16	left	right	2	419.8033000002397	True	False	loss	32	59.3110032081604	2529.1182854	1790892236378.193	59.615267515182495	2529.4226317	1790892236682.4575	60.035070815182735	2529.842435	1790892237102.2607	2530.0964372	60.97631645202637	2530.783779	1790892238043.5063	2530.783779	683.3792348302835	300.0	0.0	2469.8062906	1790892177067.19	600.6605257987976	3070.4806849	1790892777727.7158
sub-10166	ses-1	run-01	0	25	16	2	2	20	17	16	16	17	right	left	1	287.85219999963374	False	False	loss	32	61.97783374786377	2531.7860751	1790892239045.0237	62.28321433067322	2532.0905895	1790892239350.4043	62.57106653067285	2532.3784416999997	1790892239638.2566	2532.6339891	63.36580491065979	2533.1733233	1790892240432.9949	2533.1733233	535.182535902587	300.0	0.0	2469.8062906	1790892177067.19	600.6605257987976	3070.4806849	1790892777727.7158
sub-10166	ses-1	run-01	0	26	16	2	3	20	17	16	17	16	left	right	1	385.55760000008377	False	False	loss	32	64.36843919754028	2534.1760666	1790892241435.6292	64.67305874824524	2534.480921	1790892241740.2488	65.05861634824532	2534.8664786	1790892242125.8064	2535.1197384	65.95217680931091	2535.7600106	1790892243019.3667	2535.7600106	636.5666666672128	300.0	0.0	2469.8062906	1790892177067.19	600.6605257987976	3070.4806849	1790892777727.7158
sub-10166	ses-1	run-01	0	27	16	2	4	20	17	16	17	16	left	right	1	336.77200000011	False	False	loss	32	66.95399594306946	2536.7614104	1790892244021.1858	67.25752425193787	2537.0655911	1790892244324.714	67.59429625193798	2537.4023631	1790892244661.486	2537.6590861	68.36390566825867	2538.1714803	1790892245431.0957	2538.1714803	508.17280851832857	300.0	0.0	2469.8062906	1790892177067.19	600.6605257987976	3070.4806849	1790892777727.7158
sub-10166	ses-1	run-01	0	28	16	2	5	20	17	16	17	16	left	right	2	348.5521000002336	True	False	loss	32	69.36609315872192	2539.1735913	1790892246433.2832	69.67054200172424	2539.4780133	1790892246737.732	70.01909410172448	2539.8265654	1790892247086.284	2540.0814119	70.8598518371582	2540.6675154	1790892247927.0417	2540.6675154	582.5436283765374	300.0	0.0	2469.8062906	1790892177067.19	600.6605257987976	3070.4806849	1790892777727.7158
sub-10166	ses-1	run-01	0	29	16	2	6	20	17	16	16	17	right	left	2	301.0888000003433	True	True	win	31	71.86141419410706	2541.6690853	1790892248928.604	72.16556358337402	2541.9732544	1790892249232.7534	72.46665238337437	2542.2743432	1790892249533.8423	2542.5262615	73.3300666809082	2543.1377303	1790892250397.2566	2543.1377303	607.6362844461273	300.0	0.0	2469.8062906	1790892177067.19	600.6605257987976	3070.4806849	1790892777727.7158
sub-10166	ses-1	run-01	0	30	16	2	7	20	17	16	16	17	right	left	2	342.9360000000088	True	True	win	31	74.3308675289154	2544.1393813	1790892251398.0574	74.63568329811096	2544.4434137	1790892251702.8733	74.97861929811097	2544.7863497	1790892252045.8093	2545.0414269	75.89621686935425	2545.7039986	1790892252963.4067	2545.7039986	658.4868873550204	300.0	0.0	2469.8062906	1790892177067.19	600.6605257987976	3070.4806849	1790892777727.7158
sub-10166	ses-1	run-01	0	31	16	2	8	20	17	16	17	16	left	right	1	336.5628999999899	False	True	win	31	76.89780116081238	2546.7055694	1790892253964.9912	77.20194268226624	2547.0097703	1790892254269.1326	77.53850558226623	2547.3463332	1790892254605.6956	2547.6033426	78.3826801776886	2548.1905282	1790892255449.87	2548.1905282	583.9543527518272	300.0	0.0	2469.8062906	1790892177067.19	600.6605257987976	3070.4806849	1790892777727.7158
sub-10166	ses-1	run-01	0	32	16	2	9	20	17	16	16	17	right	left	1	929.8980999997184	False	True	win	31	79.38417911529541	2549.192474	1790892256451.3691	79.68817520141602	2549.4965408	1790892256755.3652	80.61807330141573	2550.4264388999995	1790892257685.2634	2550.681983	81.51878213882446	2551.3271713	1790892258585.9722	2551.3271713	641.6777394260216	300.0	0.0	2469.8062906	1790892177067.19	600.6605257987976	3070.4806849	1790892777727.7158
sub-10166	ses-1	run-01	0	33	16	2	10	20	17	16	16	17	right	left	1	376.7313000003014	False	False	loss	32	82.52072548866272	2552.3285541	1790892259587.9155	82.82586026191711	2552.633746	1790892259893.0503	83.20259156191742	2553.0104773000003	1790892260269.7815	2553.2630572	83.96614813804626	2553.7740659	1790892261033.3381	2553.7740659	507.46862765755805	300.0	0.0	2469.8062906	1790892177067.19	600.6605257987976	3070.4806849	1790892777727.7158
sub-10166	ses-1	run-01	0	34	16	2	11	20	17	16	17	16	left	right	1	354.2715999997199	False	True	win	31	84.96713995933533	2554.7758494	1790892262034.3298	85.27176022529602	2555.0801364	1790892262338.9502	85.62603182529574	2555.4344079999996	1790892262693.2217	2555.688623	86.5218288898468	2556.3298734	1790892263589.0188	2556.3298734	637.3397610782646	300.0	0.0	2469.8062906	1790892177067.19	600.6605257987976	3070.4806849	1790892777727.7158
sub-10166	ses-1	run-01	0	35	16	2	12	20	17	16	17	16	left	right	1	334.22650000011345	False	False	loss	32	87.523592710495	2557.3320515	1790892264590.7827	87.82810640335083	2557.6361567	1790892264895.2964	88.16233290335094	2557.9703832	1790892265229.523	2558.2245736	88.93424129486084	2558.7426094	1790892266001.4312	2558.7426094	513.271245036566	300.0	0.0	2469.8062906	1790892177067.19	600.6605257987976	3070.4806849	1790892777727.7158
sub-10166	ses-1	run-01	0	36	16	2	13	20	17	16	16	17	right	left	1	385.9802000001764	False	True	win	31	89.93537831306458	2559.7441522	1790892267002.5684	90.24053764343262	2560.0485871	1790892267307.7275	90.6265178434328	2560.4345673000003	1790892267693.7078	2560.6863179	91.44356727600098	2561.2521923	1790892268510.7573	2561.2521923	561.0129034977687	300.0	0.0	2469.8062906	1790892177067.19	600.6605257987976	3070.4806849	1790892777727.7158
sub-10166	ses-1	run-01	0	37	16	2	14	20	17	16	17	16	left	right	1	356.290799999897	False	True	win	31	92.44578409194946	2562.254224	1790892269512.974	92.74957704544067	2562.5581248	1790892269816.767	93.10586784544057	2562.9144155999998	1790892270173.0579	2563.1670801	93.96519327163696	2563.7733818	1790892271032.3833	2563.7733818	602.897290447055	300.0	0.0	2469.8062906	1790892177067.19	600.6605257987976	3070.4806849	1790892777727.7158
sub-10166	ses-1	run-01	0	38	16	2	15	20	17	16	16	17	right	left	1	354.8393999999462	False	False	loss	32	94.96649670600891	2564.775456	1790892272033.6865	95.27137851715088	2565.0795894	1790892272338.5684	95.62621791715083	2565.4344287999998	1790892272693.4077	2565.6881584	96.56218719482422	2566.3704387	1790892273629.3772	2566.3704387	678.8849260003102	300.0	0.0	2469.8062906	1790892177067.19	600.6605257987976	3070.4806849	1790892777727.7158
sub-10166	ses-1	run-01	0	39	16	2	16	20	17	16	17	16	left	right	1	509.828600000219	False	False	loss	32	97.56405544281006	2567.3723128	1790892274631.2454	97.86826944351196	2567.6765647	1790892274935.4595	98.37809804351218	2568.1863933000004	1790892275445.288	2568.4407538	99.31661534309387	2569.1249176	1790892276383.8052	2569.1249176	679.5360612094768	300.0	0.0	2469.8062906	1790892177067.19	600.6605257987976	3070.4806849	1790892777727.7158
sub-10166	ses-1	run-01	0	40	16	2	17	20	17	16	16	17	right	left	1	355.41990000001533	False	True	win	31	100.31824779510498	2570.126435	1790892277385.4377	100.62289333343506	2570.4310997	1790892277690.0833	100.97831323343507	2570.7865196	1790892278045.5032	2571.0406396	101.8975121974945	2571.7059249	1790892278964.7021	2571.7059249	661.867960875264	300.0	0.0	2469.8062906	1790892177067.19	600.6605257987976	3070.4806849	1790892777727.7158
sub-10166	ses-1	run-01	0	41	16	2	18	20	17	16	17	16	left	right	1	366.27299999963725	False	False	loss	32	102.89984774589539	2572.7083425	1790892279967.0376	103.20353651046753	2573.0121772	1790892280270.7266	103.56980951046717	2573.3784502	1790892280636.9995	2573.6307515	104.39949679374695	2574.2079523	1790892281466.6868	2574.2079523	573.9253923827011	300.0	0.0	2469.8062906	1790892177067.19	600.6605257987976	3070.4806849	1790892777727.7158
sub-10166	ses-1	run-01	0	42	16	2	19	20	17	16	16	17	right	left	1	344.229699999687	False	False	loss	32	105.40091466903687	2575.2092712	1790892282468.1045	105.70572638511658	2575.5142075	1790892282772.9163	106.04995608511626	2575.8584371999996	1790892283117.146	2576.1131156	106.92483925819397	2576.733313	1790892283992.0293	2576.733313	616.7673011740505	300.0	0.0	2469.8062906	1790892177067.19	600.6605257987976	3070.4806849	1790892777727.7158
sub-10166	ses-1	run-01	0	43	17	3	0	22	17	16	17	16	left	right	1	291.567500000383	True	False	loss	32	107.92515563964844	2577.7344086	1790892284992.3455	108.23023295402527	2578.0387836	1790892285297.4229	108.52180045402565	2578.3303511000004	1790892285588.9902	2578.5867641	109.44377446174622	2579.2523508	1790892286510.9644	2579.2523508	661.2186004305678	300.0	0.0	2469.8062906	1790892177067.19	600.6605257987976	3070.4806849	1790892777727.7158
sub-10166	ses-1	run-01	0	44	17	3	1	22	17	16	17	16	left	right	2	388.57789999974557	False	False	loss	32	110.44496870040894	2580.2534634	1790892287512.1587	110.74956059455872	2580.5579879	1790892287816.7505	111.13813849455846	2580.9465658	1790892288205.3284	2581.2012357	112.01491141319275	2581.8235167	1790892289082.1013	2581.8235167	618.2775205081359	300.0	0.0	2469.8062906	1790892177067.19	600.6605257987976	3070.4806849	1790892777727.7158
sub-10166	ses-1	run-01	0	45	17	3	2	22	17	16	16	17	right	left	2	328.842600000371	False	False	loss	32	113.01651549339294	2582.8250569	1790892290083.7053	113.3209137916565	2583.1295671	1790892290388.1038	113.64975639165687	2583.4584097	1790892290716.9463	2583.713218	114.49941658973694	2584.3080604	1790892291566.6064	2584.3080604	591.9361766120751	300.0	0.0	2469.8062906	1790892177067.19	600.6605257987976	3070.4806849	1790892777727.7158
sub-10166	ses-1	run-01	0	46	17	3	3	22	17	16	16	17	right	left	1	427.9701999998906	True	True	win	31	115.5018253326416	2585.3104701	1790892292569.0154	115.80593061447144	2585.6146205	1790892292873.1206	116.23390081447133	2586.0425907	1790892293301.0908	2586.2986519	117.08629393577576	2586.8952333	1790892294153.484	2586.8952333	592.5665915504355	300.0	0.0	2469.8062906	1790892177067.19	600.6605257987976	3070.4806849	1790892777727.7158
sub-10166	ses-1	run-01	0	47	17	3	4	22	17	16	17	16	left	right	1	320.56740000007267	True	True	win	31	118.08900737762451	2587.8976283	1790892295156.1973	118.39302349090576	2588.2017895	1790892295460.2134	118.71359089090583	2588.5223569	1790892295780.7808	2588.7749208	119.63434767723083	2589.4431857	1790892296701.5376	2589.4431857	664.3287979840865	300.0	0.0	2469.8062906	1790892177067.19	600.6605257987976	3070.4806849	1790892777727.7158
sub-10166	ses-1	run-01	0	48	17	3	5	22	17	16	16	17	right	left	1	373.29890000000887	True	True	win	31	120.63613605499268	2590.4449644	1790892297703.326	120.94033646583557	2590.7491757	1790892298007.5264	121.31363536583558	2591.1224746	1790892298380.8252	2591.3777564	122.26473331451416	2592.0735887	1790892299331.9233	2592.0735887	691.5348074550143	300.0	0.0	2469.8062906	1790892177067.19	600.6605257987976	3070.4806849	1790892777727.7158
sub-10166	ses-1	run-01	0	49	17	3	6	22	17	16	17	16	left	right	1	333.28009999968344	True	True	win	31	123.26724886894226	2593.0762041	1790892300334.4387	123.5714750289917	2593.3810852	1790892300638.665	123.90475512899138	2593.7143653	1790892300971.945	2593.9692666	124.70167851448059	2594.5105896	1790892301768.8684	2594.5105896	537.9299701761094	300.0	0.0	2469.8062906	1790892177067.19	600.6605257987976	3070.4806849	1790892777727.7158
sub-10166	ses-1	run-01	0	50	17	3	7	22	17	16	17	16	left	right	1	329.2252000001099	True	False	loss	32	125.7044563293457	2595.5132331	1790892302771.6462	126.0082483291626	2595.8172285	1790892303075.4382	126.33747352916271	2596.1464537	1790892303404.6633	2596.4003347	127.18492913246155	2596.9945587	1790892304252.1191	2596.9945587	590.7056675810128	300.0	0.0	2469.8062906	1790892177067.19	600.6605257987976	3070.4806849	1790892777727.7158
sub-10166	ses-1	run-01	0	51	17	3	8	22	17	16	17	16	left	right	1	495.08139999989	True	False	loss	32	128.1862597465515	2597.9955204	1790892305253.4497	128.49032163619995	2598.2993421	1790892305557.5115	128.98540303619984	2598.7944235	1790892306052.5928	2599.0489841	129.79460382461548	2599.6036453	1790892306861.7937	2599.6036453	551.9223919119738	300.0	0.0	2469.8062906	1790892177067.19	600.6605257987976	3070.4806849	1790892777727.7158
sub-10166	ses-1	run-01	0	52	17	3	9	22	17	16	16	17	right	left	1	412.5944000002164	True	True	win	31	130.79662013053894	2600.60572	1790892307863.81	131.10079145431519	2600.9097602	1790892308167.9814	131.5133858543154	2601.3223546000004	1790892308580.576	2601.5789602	132.28923201560974	2602.0988735	1790892309356.4219	2602.0988735	516.4987508154344	300.0	0.0	2469.8062906	1790892177067.19	600.6605257987976	3070.4806849	1790892777727.7158
sub-10166	ses-1	run-01	0	53	17	3	10	22	17	16	17	16	left	right	1	334.0323000002172	True	False	loss	32	133.29079127311707	2603.0997484	1790892310357.9812	133.59532022476196	2603.4043731	1790892310662.5103	133.92935252476218	2603.7384054000004	1790892310996.5425	2603.9929744	134.71055126190186	2604.5197378	1790892311777.7412	2604.5197378	522.376677551206	300.0	0.0	2469.8062906	1790892177067.19	600.6605257987976	3070.4806849	1790892777727.7158
sub-10166	ses-1	run-01	0	54	17	3	11	22	17	16	17	16	left	right	1	328.11609999998836	True	True	win	31	135.71233654022217	2605.5215793	1790892312779.5264	136.01710176467896	2605.8262528	1790892313084.2917	136.34521786467894	2606.1543689	1790892313412.408	2606.4102846	137.11684036254883	2606.9259823	1790892314184.0303	2606.9259823	511.2153697205728	300.0	0.0	2469.8062906	1790892177067.19	600.6605257987976	3070.4806849	1790892777727.7158
sub-10166	ses-1	run-01	0	55	17	3	12	22	17	16	17	16	left	right	1	313.76289999980145	True	True	win	31	138.11852550506592	2607.9279004	1790892315185.7153	138.42337489128113	2608.2326115	1790892315490.565	138.73713779128093	2608.5463744	1790892315804.328	2608.8010211	139.52180933952332	2609.3311063	1790892316588.9993	2609.3311063	525.5170557720254	300.0	0.0	2469.8062906	1790892177067.19	600.6605257987976	3070.4806849	1790892777727.7158
sub-10166	ses-1	run-01	0	56	17	3	13	22	17	16	16	17	right	left	1	373.5001000000011	True	True	win	31	140.52347445487976	2610.332681	1790892317590.6643	140.8276562690735	2610.6369545	1790892317894.8462	141.2011563690735	2611.0104546	1790892318268.3462	2611.2659409	141.99865913391113	2611.8080043	1790892319065.849	2611.8080043	538.9801195370937	300.0	0.0	2469.8062906	1790892177067.19	600.6605257987976	3070.4806849	1790892777727.7158
sub-10166	ses-1	run-01	0	57	17	3	14	22	17	16	17	16	left	right	1	279.1428000000451	True	True	win	31	143.00083208084106	2612.8100694	1790892320068.022	143.3059320449829	2613.1152729	1790892320373.122	143.58507484498296	2613.3944157	1790892320652.265	2613.6483856	144.42016863822937	2614.2295666	1790892321487.3586	2614.2295666	577.0625511926203	300.0	0.0	2469.8062906	1790892177067.19	600.6605257987976	3070.4806849	1790892777727.7158
sub-10166	ses-1	run-01	0	58	17	3	15	22	17	16	17	16	left	right	1	330.04739999978483	True	False	loss	32	145.4228618144989	2615.2324466	1790892322490.0518	145.72697162628174	2615.5363986	1790892322794.1616	146.05701902628152	2615.866446	1790892323124.209	2616.1198147	146.96755504608154	2616.7770353	1790892324034.7449	2616.7770353	653.9154623644806	300.0	0.0	2469.8062906	1790892177067.19	600.6605257987976	3070.4806849	1790892777727.7158
sub-10166	ses-1	run-01	0	59	17	3	16	22	17	16	17	16	left	right	1	294.83329999993657	True	True	win	31	147.96948099136353	2617.7789943	1790892325036.671	148.27420806884766	2618.0836825	1790892325341.398	148.5690413688476	2618.3785158	1790892325636.2312	2618.6317892	149.46217012405396	2619.2720896	1790892326529.36	2619.2720896	636.5578688147848	300.0	0.0	2469.8062906	1790892177067.19	600.6605257987976	3070.4806849	1790892777727.7158
sub-10166	ses-1	run-01	0	60	17	3	17	22	17	16	16	17	right	left	1	352.4775999999292	True	True	win	31	150.46425700187683	2620.2739127	1790892327531.447	150.76841282844543	2620.577991	1790892327835.6028	151.12089042844536	2620.9304686	1790892328188.0803	2621.1865083	152.03911924362183	2621.8487188	1790892329106.309	2621.8487188	658.0031322919219	300.0	0.0	2469.8062906	1790892177067.19	600.6605257987976	3070.4806849	1790892777727.7158
sub-10166	ses-1	run-01	0	61	17	3	18	22	17	16	16	17	right	left	1	359.4924999997602	True	True	win	31	153.04101848602295	2622.8507053	1790892330108.2085	153.34522008895874	2623.1549415	1790892330412.41	153.7047125889585	2623.5144339999997	1790892330771.9023	2623.7683427	154.53607964515686	2624.3455498	1790892331603.2695	2624.3455498	573.4658484950742	300.0	0.0	2469.8062906	1790892177067.19	600.6605257987976	3070.4806849	1790892777727.7158
sub-10166	ses-1	run-01	0	62	17	3	19	22	17	16	17	16	left	right	1	341.8040999999903	True	True	win	31	155.53867435455322	2625.3482226	1790892332605.8643	155.84306454658508	2625.6527303	1790892332910.2544	156.18486864658507	2625.9945344	1790892333252.0586	2626.2509514	157.09287285804749	2626.9025709	1790892334160.0627	2626.9025709	647.4439454974156	300.0	0.0	2469.8062906	1790892177067.19	600.6605257987976	3070.4806849	1790892777727.7158
sub-10166	ses-1	run-01	0	63	17	3	20	22	17	16	17	16	left	right	1	297.21980000022086	True	True	win	31	158.09521770477295	2627.9047915	1790892335162.4077	158.39944553375244	2628.2091886	1790892335466.6355	158.69666533375266	2628.5064084	1790892335763.8552	2628.7629825	159.55475664138794	2629.3644752	1790892336621.9465	2629.3644752	597.4341294718452	300.0	0.0	2469.8062906	1790892177067.19	600.6605257987976	3070.4806849	1790892777727.7158
sub-10166	ses-1	run-01	0	64	17	3	21	22	17	16	16	17	right	left	1	379.83150000036403	True	True	win	31	160.5566954612732	2630.3664458	1790892337623.8855	160.86090207099915	2630.6706653	1790892337928.092	161.2407335709995	2631.0504968000005	1790892338307.9236	2631.3042231	162.1067922115326	2631.9166147	1790892339173.9822	2631.9166147	608.5230829800713	300.0	0.0	2469.8062906	1790892177067.19	600.6605257987976	3070.4806849	1790892777727.7158
sub-10166	ses-1	run-01	0	65	16	4	0	21	17	16	17	16	left	right	1	315.8010000001923	False	True	win	31	163.10876274108887	2632.9184613	1790892340175.9526	163.41231441497803	2633.2225699	1790892340479.5044	163.72811541497822	2633.5383709000002	1790892340795.3054	2633.7908841	164.6191589832306	2634.4289935	1790892341686.3489	2634.4289935	634.427784224646	300.0	0.0	2469.8062906	1790892177067.19	600.6605257987976	3070.4806849	1790892777727.7158
sub-10166	ses-1	run-01	0	66	16	4	1	21	17	16	16	17	right	left	1	346.31930000023203	False	False	loss	32	165.62207293510437	2635.431968	1790892342689.263	165.92626976966858	2635.7361283	1790892342993.4597	166.2725890696688	2636.0824476000003	1790892343339.779	2636.3353226	167.17683482170105	2636.9867732	1790892344244.0247	2636.9867732	647.8523089236903	300.0	0.0	2469.8062906	1790892177067.19	600.6605257987976	3070.4806849	1790892777727.7158
sub-10166	ses-1	run-01	0	67	16	4	2	21	17	16	16	17	right	left	1	374.1640000002917	False	False	loss	32	168.17818927764893	2637.9883295	1790892345245.3792	168.48196697235107	2638.2923576	1790892345549.157	168.85613097235137	2638.6665216	1790892345923.321	2638.9207751	169.65751695632935	2639.4679167	1790892346724.7068	2639.4679167	542.2237129273175	300.0	0.0	2469.8062906	1790892177067.19	600.6605257987976	3070.4806849	1790892777727.7158
sub-10166	ses-1	run-01	0	68	16	4	3	21	17	16	17	16	left	right	1	364.74950000001627	False	False	loss	32	170.65928626060486	2640.4692728	1790892347726.476	170.9637393951416	2640.7737656	1790892348030.9294	171.32848889514162	2641.1385151	1790892348395.679	2641.3924368	172.16165614128113	2641.9717478	1790892349228.8462	2641.9717478	575.3939905521119	300.0	0.0	2469.8062906	1790892177067.19	600.6605257987976	3070.4806849	1790892777727.7158
sub-10166	ses-1	run-01	0	69	16	4	4	21	17	16	16	17	right	left	2	339.9083999997856	True	True	win	31	173.16388130187988	2642.9740722	1790892350231.0713	173.4685595035553	2643.2784998	1790892350535.7495	173.80846790355508	2643.6184082	1790892350875.658	2643.8719096	174.68980145454407	2644.4999221	1790892351756.9915	2644.4999221	624.0132440221792	300.0	0.0	2469.8062906	1790892177067.19	600.6605257987976	3070.4806849	1790892777727.7158
sub-10166	ses-1	run-01	0	70	16	4	5	21	17	16	17	16	left	right	2	364.9875000000975	True	True	win	31	175.69114899635315	2645.5012097	1790892352758.3389	175.99535632133484	2645.8054224	1790892353062.5461	176.36034382133494	2646.1704099000003	1790892353427.5337	2646.4240315	177.211163520813	2647.021363	1790892354278.3535	2647.021363	593.0478490455662	300.0	0.0	2469.8062906	1790892177067.19	600.6605257987976	3070.4806849	1790892777727.7158
sub-10166	ses-1	run-01	0	71	16	4	6	21	17	16	16	17	right	left	1	402.23740000010366	False	False	loss	32	178.21321535110474	2648.0234984	1790892355280.4053	178.51787424087524	2648.3280952	1790892355585.0642	178.92011164087535	2648.7303326	1790892355987.3015	2648.9872997	179.7586441040039	2649.5687935	1790892356825.834	2649.5687935	577.5973093278799	300.0	0.0	2469.8062906	1790892177067.19	600.6605257987976	3070.4806849	1790892777727.7158
sub-10166	ses-1	run-01	0	72	16	4	7	21	17	16	16	17	right	left	2	327.2603000000345	True	True	win	31	180.7604377269745	2650.5706046	1790892357827.6277	181.06488347053528	2650.8751472	1790892358132.0735	181.3921437705353	2651.2024075	1790892358459.3337	2651.4586122	182.19769859313965	2652.0086296	1790892359264.8884	2652.0086296	545.8467047536071	300.0	0.0	2469.8062906	1790892177067.19	600.6605257987976	3070.4806849	1790892777727.7158
sub-10166	ses-1	run-01	0	73	16	4	8	21	17	16	17	16	left	right	2	479.9980000002506	True	True	win	31	183.198650598526	2653.0096684	1790892360265.8406	183.5040385723114	2653.3143721	1790892360571.2285	183.98403657231165	2653.7943701000004	1790892361051.2266	2654.0480484	184.932053565979	2654.7423216	1790892361999.2434	2654.7423216	690.3607192023708	300.0	0.0	2469.8062906	1790892177067.19	600.6605257987976	3070.4806849	1790892777727.7158
sub-10166	ses-1	run-01	0	74	16	4	9	21	17	16	16	17	right	left	2	345.26050000022224	True	True	win	31	185.93381261825562	2655.7446094	1790892363001.0024	186.23869585990906	2656.0490898	1790892363305.8857	186.58395635990928	2656.3943503	1790892363651.1462	2656.6473933	187.48622131347656	2657.2966398	1790892364553.4111	2657.2966398	644.4588836633159	300.0	0.0	2469.8062906	1790892177067.19	600.6605257987976	3070.4806849	1790892777727.7158
sub-10166	ses-1	run-01	0	75	16	4	10	21	17	16	16	17	right	left	2	327.4954000003163	True	True	win	31	188.48785185813904	2658.2982602	1790892365555.0417	188.79238486289978	2658.6028502	1790892365859.5747	189.1198802629001	2658.9303456000002	1790892366187.07	2659.1857807	190.01991152763367	2659.8304034	1790892367087.1016	2659.8304034	640.5260955673104	300.0	0.0	2469.8062906	1790892177067.19	600.6605257987976	3070.4806849	1790892777727.7158
sub-10166	ses-1	run-01	0	76	16	4	11	21	17	16	16	17	right	left	2	514.1791999999441	True	True	win	31	191.02183556556702	2660.8322575	1790892368089.0254	191.3256242275238	2661.1361408	1790892368392.8142	191.83980342752375	2661.6503199999997	1790892368906.9934	2661.9050144	192.78212666511536	2662.5933372	1790892369849.3167	2662.5933372	684.222429205834	300.0	0.0	2469.8062906	1790892177067.19	600.6605257987976	3070.4806849	1790892777727.7158
sub-10166	ses-1	run-01	0	77	16	4	12	21	17	16	17	16	left	right	2	391.8398000000707	True	True	win	31	193.7836263179779	2663.5942766	1790892370850.8162	194.08800339698792	2663.8985639	1790892371155.1934	194.47984319698799	2664.2904037000003	1790892371547.0332	2664.5472726	195.29555368423462	2665.1061221	1790892372362.7437	2665.1061221	555.600106996101	300.0	0.0	2469.8062906	1790892177067.19	600.6605257987976	3070.4806849	1790892777727.7158
sub-10166	ses-1	run-01	0	78	16	4	13	21	17	16	16	17	right	left	2	437.86020000015924	True	True	win	31	196.2972629070282	2666.1078624	1790892373364.453	196.60196256637573	2666.4125218	1790892373669.1526	197.0398227663759	2666.850382	1790892374107.0127	2667.1061562	197.8790304660797	2667.6896865	1790892374946.2205	2667.6896865	579.2760085775068	300.0	0.0	2469.8062906	1790892177067.19	600.6605257987976	3070.4806849	1790892777727.7158
sub-10166	ses-1	run-01	0	79	16	4	14	21	17	16	16	17	right	left	2	318.14740000027086	True	True	win	31	198.88161182403564	2668.692175	1790892375948.8018	199.18567657470703	2668.9963024	1790892376252.8665	199.5038239747073	2669.3144498	1790892376571.014	2669.5698767	200.34830713272095	2670.1597887	1790892377415.497	2670.1597887	586.3141155208016	300.0	0.0	2469.8062906	1790892177067.19	600.6605257987976	3070.4806849	1790892777727.7158
sub-10166	ses-1	run-01	0	80	16	4	15	21	17	16	17	16	left	right	2	330.04840000012337	True	True	win	31	201.3497850894928	2671.1604117	1790892378416.975	201.6536934375763	2671.4643182	1790892378720.8833	201.98374183757642	2671.7943666	1790892379050.9316	2672.0486705	202.78416872024536	2672.5949616	1790892379851.3586	2672.5949616	542.3276880878341	300.0	0.0	2469.8062906	1790892177067.19	600.6605257987976	3070.4806849	1790892777727.7158
sub-10166	ses-1	run-01	0	81	16	4	16	21	17	16	17	16	left	right	2	381.6694000001917	True	True	win	31	203.78588557243347	2673.5967847	1790892380853.0754	204.08983039855957	2673.9006767	1790892381157.0203	204.47149979855976	2674.2823461000003	1790892381538.6897	2674.5397606	205.3507103919983	2675.1620739	1790892382417.9004	2675.1620739	618.8759016175807	300.0	0.0	2469.8062906	1790892177067.19	600.6605257987976	3070.4806849	1790892777727.7158
sub-10166	ses-1	run-01	0	82	16	4	17	21	17	16	17	16	left	right	2	319.09680000035223	True	True	win	31	206.35246109962463	2676.1632281	1790892383419.6511	206.6564130783081	2676.4672531	1790892383723.603	206.97550987830846	2676.7863499000005	1790892384042.6997	2677.0402933	207.78738045692444	2677.5982983	1790892384854.5703	2677.5982983	554.5981740989915	300.0	0.0	2469.8062906	1790892177067.19	600.6605257987976	3070.4806849	1790892777727.7158
sub-10166	ses-1	run-01	0	83	16	4	18	21	17	16	17	16	left	right	2	497.81849999999395	True	True	win	31	208.78969264030457	2678.6005136	1790892385856.8826	209.0937111377716	2678.9046477	1790892386160.9011	209.5915296377716	2679.4024662	1790892386658.7197	2679.6594149	210.49467134475708	2680.3056138	1790892387561.8613	2680.3056138	642.047945451377	300.0	0.0	2469.8062906	1790892177067.19	600.6605257987976	3070.4806849	1790892777727.7158
sub-10166	ses-1	run-01	0	84	16	4	19	21	17	16	16	17	right	left	2	341.99160000025586	True	True	win	31	211.49679613113403	2681.3078424	1790892388563.986	211.80116844177246	2681.6124523	1790892388868.3584	212.14316004177272	2681.9544439	1790892389210.35	2682.2113446	212.9606146812439	2682.7715935	1790892390027.8047	2682.7715935	556.7796290095396	300.0	0.0	2469.8062906	1790892177067.19	600.6605257987976	3070.4806849	1790892777727.7158
sub-10166	ses-1	run-01	0	85	16	4	20	21	17	16	16	17	right	left	2	315.9808000000339	True	True	win	31	213.96308302879333	2683.7741875	1790892391030.273	214.2672963142395	2684.0783919	1790892391334.4863	214.58327711423954	2684.3943727	1790892391650.467	2684.647727	215.459002494812	2685.2704423	1790892392526.1924	2685.2704423	619.7030782411204	300.0	0.0	2469.8062906	1790892177067.19	600.6605257987976	3070.4806849	1790892777727.7158
sub-10166	ses-1	run-01	0	86	17	5	0	20	17	16	17	16	left	right	2	361.5925999997671	False	False	loss	32	216.46123218536377	2686.272342	1790892393528.422	216.76538968086243	2686.5767597	1790892393832.5796	217.1269822808622	2686.9383522999997	1790892394194.172	2687.1955249	218.02570629119873	2687.836785	1790892395092.8962	2687.836785	637.1736354225063	300.0	0.0	2469.8062906	1790892177067.19	600.6605257987976	3070.4806849	1790892777727.7158
sub-10166	ses-1	run-01	0	87	17	5	1	20	17	16	16	17	right	left	2	323.859099999936	False	True	win	31	219.02750444412231	2688.8386414	1790892396094.6943	219.33134865760803	2689.1425151	1790892396398.5386	219.65520775760797	2689.4663742	1790892396722.3977	2689.7207862	220.47290134429932	2690.2840909	1790892397540.0913	2690.2840909	559.4311492807456	300.0	0.0	2469.8062906	1790892177067.19	600.6605257987976	3070.4806849	1790892777727.7158
sub-10166	ses-1	run-01	0	88	17	5	2	20	17	16	16	17	right	left	2	332.70459999994273	False	True	win	31	221.47446823120117	2691.2857491	1790892398541.6582	221.77849793434143	2691.5897087	1790892398845.688	222.11120253434137	2691.9224133	1790892399178.3926	2692.1776239	222.9299144744873	2692.7411934	1790892399997.1045	2692.7411934	559.739568144559	300.0	0.0	2469.8062906	1790892177067.19	600.6605257987976	3070.4806849	1790892777727.7158
sub-10166	ses-1	run-01	0	89	17	5	3	20	17	16	17	16	left	right	2	443.6379999997371	False	False	loss	32	223.93162536621094	2693.7428164	1790892400998.8152	224.2354187965393	2694.0467494	1790892401302.6086	224.67905679653904	2694.4903873999997	1790892401746.2466	2694.7451595	225.5709707736969	2695.3828467	1790892402638.1606	2695.3828467	634.9021166972207	300.0	0.0	2469.8062906	1790892177067.19	600.6605257987976	3070.4806849	1790892777727.7158
sub-10166	ses-1	run-01	0	90	17	5	4	20	17	16	17	16	left	right	2	393.64019999993616	False	False	loss	32	226.573175907135	2696.3844929	1790892403640.3657	226.87735891342163	2696.6887086	1790892403944.5488	227.27099911342157	2697.0823488	1790892404338.189	2697.3367036	228.12307786941528	2697.9344953	1790892405190.2678	2697.9344953	593.9070387393472	300.0	0.0	2469.8062906	1790892177067.19	600.6605257987976	3070.4806849	1790892777727.7158
sub-10166	ses-1	run-01	0	91	17	5	5	20	17	16	17	16	left	right	2	314.1378000000259	False	False	loss	32	229.1249017715454	2698.9363067	1790892406192.0918	229.42828273773193	2699.2402776	1790892406495.4727	229.74242053773196	2699.5544154	1790892406809.6104	2699.8089931	230.6988387107849	2700.5103246	1790892407766.0286	2700.5103246	697.1788882946702	300.0	0.0	2469.8062906	1790892177067.19	600.6605257987976	3070.4806849	1790892777727.7158
sub-10166	ses-1	run-01	0	92	17	5	6	20	17	16	16	17	right	left	1	384.41130000001067	True	True	win	31	231.70200562477112	2701.5133834	1790892408769.1956	232.006516456604	2701.8179282	1790892409073.7063	232.39092775660401	2702.2023395	1790892409458.1177	2702.4563175	233.21509337425232	2703.0266367	1790892410282.2832	2703.0266367	566.6854019368143	300.0	0.0	2469.8062906	1790892177067.19	600.6605257987976	3070.4806849	1790892777727.7158
sub-10166	ses-1	run-01	0	93	17	5	7	20	17	16	16	17	right	left	1	349.46239999999307	True	True	win	31	234.21618819236755	2704.0279497	1790892411283.3782	234.5214216709137	2704.3329504	1790892411588.6116	234.8708840709137	2704.6824128	1790892411938.074	2704.936209	235.71118140220642	2705.522806	1790892412778.3713	2705.522806	582.3927451898996	300.0	0.0	2469.8062906	1790892177067.19	600.6605257987976	3070.4806849	1790892777727.7158
sub-10166	ses-1	run-01	0	94	17	5	8	20	17	16	17	16	left	right	1	444.4464000002881	True	True	win	31	236.71375370025635	2706.525254	1790892413780.9436	237.01822924613953	2706.8299064	1790892414085.4192	237.46267564613981	2707.2743528	1790892414529.8655	2707.5289248	238.3885543346405	2708.2002052	1790892415455.7444	2708.2002052	667.009574052636	300.0	0.0	2469.8062906	1790892177067.19	600.6605257987976	3070.4806849	1790892777727.7158
sub-10166	ses-1	run-01	0	95	17	5	9	20	17	16	16	17	right	left	1	360.4821999997512	True	True	win	31	239.39010334014893	2709.2016416	1790892416457.2932	239.69416856765747	2709.5058571	1790892416761.3584	240.05465076765722	2709.8663392999997	1790892417121.8406	2710.1194552	240.91415095329285	2710.7258732	1790892417981.3408	2710.7258732	602.3253619707478	300.0	0.0	2469.8062906	1790892177067.19	600.6605257987976	3070.4806849	1790892777727.7158
sub-10166	ses-1	run-01	0	96	17	5	10	20	17	16	17	16	left	right	1	466.7985999999473	True	True	win	31	241.91554880142212	2711.7270881	1790892418982.7388	242.22012209892273	2712.0318152	1790892419287.312	242.68692069892268	2712.4986138	1790892419754.1106	2712.7509405	243.44707345962524	2713.2588478	1790892420514.2634	2713.2588478	503.97264024211984	300.0	0.0	2469.8062906	1790892177067.19	600.6605257987976	3070.4806849	1790892777727.7158
sub-10166	ses-1	run-01	0	97	17	5	11	20	17	16	17	16	left	right	1	340.8801999999014	True	True	win	31	244.44954681396484	2714.2612146	1790892421516.7368	244.75375747680664	2714.5654593	1790892421820.9475	245.09463767680654	2714.9063395	1790892422161.8276	2715.1586708	245.96358442306519	2715.7754345	1790892423030.7744	2715.7754345	612.7101012401096	300.0	0.0	2469.8062906	1790892177067.19	600.6605257987976	3070.4806849	1790892777727.7158
sub-10166	ses-1	run-01	0	98	17	5	12	20	17	16	17	16	left	right	1	336.8812000003345	True	True	win	31	246.96515917778015	2716.7768776	1790892424032.349	247.2696397304535	2717.0814744	1790892424336.8296	247.60652093045383	2717.4183556000003	1790892424673.7107	2717.6748105	248.37919402122498	2718.1910971	1790892425446.384	2718.1910971	512.9878657638684	300.0	0.0	2469.8062906	1790892177067.19	600.6605257987976	3070.4806849	1790892777727.7158
sub-10166	ses-1	run-01	0	99	17	5	13	20	17	16	16	17	right	left	1	313.1803999999647	True	True	win	31	249.3802990913391	2719.19271	1790892426447.489	249.68528747558594	2719.4971886	1790892426752.4773	249.9984678755859	2719.810369	1790892427065.6577	2720.0653443	250.85420942306519	2720.6663014	1790892427921.3994	2720.6663014	597.8574170405101	300.0	0.0	2469.8062906	1790892177067.19	600.6605257987976	3070.4806849	1790892777727.7158
sub-10166	ses-1	run-01	0	100	17	5	14	20	17	16	17	16	left	right	1	349.263499999779	True	True	win	31	251.85706305503845	2721.6690778	1790892428924.253	252.1611807346344	2721.9731828	1790892429228.3706	252.51044423463418	2722.3224462999997	1790892429577.634	2722.5771651	253.35146713256836	2723.1634995	1790892430418.657	2723.1634995	582.7122818408454	300.0	0.0	2469.8062906	1790892177067.19	600.6605257987976	3070.4806849	1790892777727.7158
sub-10166	ses-1	run-01	0	101	17	5	15	20	17	16	17	16	left	right	1	373.09259999983624	True	True	win	31	254.35318112373352	2724.1651491	1790892431420.371	254.65736031532288	2724.4692482	1790892431724.5503	255.0304529153227	2724.8423408	1790892432097.6428	2725.0974158	255.90694069862366	2725.7189502	1790892432974.1306	2725.7189502	617.003580508435	300.0	0.0	2469.8062906	1790892177067.19	600.6605257987976	3070.4806849	1790892777727.7158
sub-10166	ses-1	run-01	0	102	17	5	16	20	17	16	16	17	right	left	1	369.9685000001409	True	True	win	31	256.90837931632996	2726.7205207	1790892433975.5693	257.2124786376953	2727.024491	1790892434279.6685	257.58244713769545	2727.3944595000003	1790892434649.637	2727.6481152	258.518675327301	2728.3307427	1790892435585.8652	2728.3307427	678.9009849938316	300.0	0.0	2469.8062906	1790892177067.19	600.6605257987976	3070.4806849	1790892777727.7158
sub-10166	ses-1	run-01	0	103	17	5	17	20	17	16	16	17	right	left	1	325.4707999999482	True	True	win	31	259.5196979045868	2729.3325422	1790892436586.888	259.8243486881256	2729.6369136	1790892436891.5386	260.14981948812556	2729.9623844	1790892437217.0093	2730.2155782	260.9365463256836	2730.7487132	1790892438003.7363	2730.7487132	529.6251402331727	300.0	0.0	2469.8062906	1790892177067.19	600.6605257987976	3070.4806849	1790892777727.7158
sub-10166	ses-1	run-01	0	104	17	5	18	20	17	16	17	16	left	right	1	322.67129999991084	True	True	win	31	261.9381182193756	2731.7509986	1790892439005.308	262.2437644004822	2732.0558439	1790892439310.9543	262.5664357004821	2732.3785152	1790892439633.6257	2732.6341195	263.49576902389526	2733.3080073	1790892440562.959	2733.3080073	669.9159208708422	300.0	0.0	2469.8062906	1790892177067.19	600.6605257987976	3070.4806849	1790892777727.7158
sub-10166	ses-1	run-01	0	105	17	5	19	20	17	16	16	17	right	left	1	395.9983999998258	True	True	win	31	264.4977238178253	2734.3099423	1790892441564.9138	264.80210399627686	2734.6143488	1790892441869.294	265.1981023962767	2735.0103471999996	1790892442265.2922	2735.2630717	265.96202754974365	2735.7743268	1790892443029.2175	2735.7743268	507.2400484859269	300.0	0.0	2469.8062906	1790892177067.19	600.6605257987976	3070.4806849	1790892777727.7158
sub-10166	ses-1	run-01	0	106	16	6	0	20	17	16	16	17	right	left	1	378.27040000001944	False	False	loss	32	266.9636595249176	2736.7760286	1790892444030.8494	267.2678554058075	2737.0801445	1790892444335.0454	267.6461258058075	2737.4584149	1790892444713.316	2737.7133603	268.5143311023712	2738.3266746	1790892445581.521	2738.3266746	609.1407090321675	300.0	0.0	2469.8062906	1790892177067.19	600.6605257987976	3070.4806849	1790892777727.7158
sub-10166	ses-1	run-01	0	107	16	6	1	20	17	16	16	17	right	left	1	329.59919999984777	False	True	win	31	269.5162513256073	2739.3288616	1790892446583.4412	269.82047271728516	2739.6328485	1790892446887.6626	270.150071917285	2739.9624476999998	1790892447217.2617	2740.2163447	270.94052624702454	2740.7535333	1790892448007.716	2740.7535333	533.5732569254361	300.0	0.0	2469.8062906	1790892177067.19	600.6605257987976	3070.4806849	1790892777727.7158
sub-10166	ses-1	run-01	0	108	16	6	2	20	17	16	16	17	right	left	1	342.4877000002198	False	True	win	31	271.9431629180908	2741.7554403	1790892449010.3528	272.2473888397217	2742.0598672	1790892449314.5789	272.5898765397219	2742.4023549000003	1790892449657.0667	2742.6584348	273.47080659866333	2743.2840476	1790892450537.9966	2743.2840476	621.9004725147107	300.0	0.0	2469.8062906	1790892177067.19	600.6605257987976	3070.4806849	1790892777727.7158
sub-10166	ses-1	run-01	0	109	16	6	3	20	17	16	17	16	left	right	1	386.8317000001298	False	True	win	31	274.4741313457489	2744.2867009	1790892451541.3213	274.7792148590088	2744.5916417	1790892451846.4048	275.1660465590089	2744.9784734	1790892452233.2366	2745.2353582	275.9361650943756	2745.7486829	1790892453003.355	2745.7486829	509.2879039391054	300.0	0.0	2469.8062906	1790892177067.19	600.6605257987976	3070.4806849	1790892777727.7158
sub-10166	ses-1	run-01	0	110	16	6	4	20	17	16	17	16	left	right	1	324.23489999973754	False	False	loss	32	276.9373173713684	2746.7500027	1790892454004.5073	277.2417063713074	2747.0542642	1790892454308.8962	277.5659412713071	2747.3784990999998	1790892454633.131	2747.6327937	278.5213255882263	2748.3339159	1790892455588.5156	2748.3339159	697.8543515286516	300.0	0.0	2469.8062906	1790892177067.19	600.6605257987976	3070.4806849	1790892777727.7158
sub-10166	ses-1	run-01	0	111	16	6	5	20	17	16	17	16	left	right	1	330.40459999983796	False	False	loss	32	279.5229923725128	2749.3354664	1790892456590.1824	279.8274099826813	2749.6401045	1790892456894.5999	280.1578145826811	2749.9705090999996	1790892457225.0044	2750.2236191	281.0153489112854	2750.8280347	1790892458082.5388	2750.8280347	600.9428863765825	300.0	0.0	2469.8062906	1790892177067.19	600.6605257987976	3070.4806849	1790892777727.7158
sub-10166	ses-1	run-01	0	112	16	6	6	20	17	16	17	16	left	right	1	322.829400000046	False	True	win	31	282.01816415786743	2751.8308743	1790892459085.354	282.32312655448914	2752.1356604	1790892459390.3164	282.6459559544892	2752.4584898	1790892459713.1458	2752.7141628	283.4128165245056	2753.2259143	1790892460480.0063	2753.2259143	507.35263510385477	300.0	0.0	2469.8062906	1790892177067.19	600.6605257987976	3070.4806849	1790892777727.7158
sub-10166	ses-1	run-01	0	113	16	6	7	20	17	16	16	17	right	left	1	382.7987999998186	False	True	win	31	284.4145984649658	2754.2275901	1790892461481.7883	284.7191090583801	2754.5318531	1790892461786.299	285.10190785837995	2754.9146518999996	1790892462169.098	2755.1703314	286.021169424057	2755.834476	1790892463088.3594	2755.834476	660.6719706920752	300.0	0.0	2469.8062906	1790892177067.19	600.6605257987976	3070.4806849	1790892777727.7158
sub-10166	ses-1	run-01	0	114	16	6	8	20	17	16	17	16	left	right	1	358.7926999998672	False	False	loss	32	287.02277302742004	2756.8355301	1790892464089.963	287.32684540748596	2757.1396544	1790892464394.0354	287.68563810748583	2757.4984471	1790892464752.8281	2757.7528725	288.4561457633972	2758.268982	1790892465523.3357	2758.268982	512.1684170970964	300.0	0.0	2469.8062906	1790892177067.19	600.6605257987976	3070.4806849	1790892777727.7158
sub-10166	ses-1	run-01	0	115	16	6	9	20	17	16	17	16	left	right	1	346.9505999996727	False	False	loss	32	289.458368062973	2759.2710579	1790892466525.558	289.7626087665558	2759.5754773	1790892466829.7986	290.10955936655546	2759.9224278999995	1790892467176.7493	2760.1796413	291.00738430023193	2760.8202572	1790892468074.5742	2760.8202572	636.2142009211293	300.0	0.0	2469.8062906	1790892177067.19	600.6605257987976	3070.4806849	1790892777727.7158
sub-10166	ses-1	run-01	0	116	16	6	10	20	17	16	16	17	right	left	1	316.3092999998298	False	True	win	31	292.0090570449829	2761.8220223	1790892469076.247	292.3132562637329	2762.1261305	1790892469380.4463	292.62956556373274	2762.4424397999996	1790892469696.7556	2762.6990663	293.4462811946869	2763.2590762	1790892470513.4712	2763.2590762	555.2146375897016	300.0	0.0	2469.8062906	1790892177067.19	600.6605257987976	3070.4806849	1790892777727.7158
sub-10166	ses-1	run-01	0	117	16	6	11	20	17	16	17	16	left	right	1	333.43809999996665	False	False	loss	32	294.4478425979614	2764.2606967	1790892471515.0325	294.7520184516907	2764.5649763	1790892471819.2085	295.08545655169064	2764.8984144	1790892472152.6465	2765.1538631	295.9060354232788	2765.7190783	1790892472973.2253	2765.7190783	561.0564688145892	300.0	0.0	2469.8062906	1790892177067.19	600.6605257987976	3070.4806849	1790892777727.7158
sub-10166	ses-1	run-01	0	118	16	6	12	20	17	16	17	16	left	right	1	416.8529000003218	False	True	win	31	296.9083957672119	2766.7213336	1790892473975.5857	297.2125952243805	2767.0255538	1790892474279.7852	297.6294481243808	2767.4424067000004	1790892474696.638	2767.6989488	298.5421943664551	2768.3552626	1790892475609.3843	2768.3552626	652.622156772201	300.0	0.0	2469.8062906	1790892177067.19	600.6605257987976	3070.4806849	1790892777727.7158
sub-10166	ses-1	run-01	0	119	16	6	13	20	17	16	17	16	left	right	1	308.64870000004885	False	True	win	31	299.5443642139435	2769.3574359	1790892476611.5542	299.8487322330475	2769.6617099	1790892476915.922	300.15738093304753	2769.9703586	1790892477224.5708	2770.2246059	301.1115610599518	2770.9247062	1790892478178.751	2770.9247062	696.029079994548	300.0	0.0	2469.8062906	1790892177067.19	600.6605257987976	3070.4806849	1790892777727.7158
sub-10166	ses-1	run-01	0	120	16	6	14	20	17	16	16	17	right	left	1	403.2443000000967	False	False	loss	32	302.1132318973541	2771.9262317	1790892479180.4219	302.4179332256317	2772.2310823	1790892479485.123	302.8211775256318	2772.6343266	1790892479888.3674	2772.8892739	303.6727330684662	2773.4859182	1790892480739.923	2773.4859182	592.3807773069846	300.0	0.0	2469.8062906	1790892177067.19	600.6605257987976	3070.4806849	1790892777727.7158
sub-10166	ses-1	run-01	0	121	16	6	15	20	17	16	16	17	right	left	1	386.42140000001746	False	False	loss	32	304.67454385757446	2774.4877676	1790892481741.734	304.9786846637726	2774.7919426	1790892482045.8745	305.3651060637726	2775.178364	1790892482432.296	2775.4354058	306.1532485485077	2775.9665309	1790892483220.4385	2775.9665309	527.8130293595563	300.0	0.0	2469.8062906	1790892177067.19	600.6605257987976	3070.4806849	1790892777727.7158
sub-10166	ses-1	run-01	0	122	16	6	16	20	17	16	17	16	left	right	1	682.7240000002348	False	False	loss	32	307.15462589263916	2776.9679571	1790892484221.816	307.45841336250305	2777.2717062	1790892484525.6033	308.1411373625033	2777.9544302000004	1790892485208.3274	2778.2113765	309.03634428977966	2778.8496495	1790892486103.5342	2778.8496495	634.8197610238972	300.0	0.0	2469.8062906	1790892177067.19	600.6605257987976	3070.4806849	1790892777727.7158
sub-10166	ses-1	run-01	0	123	16	6	17	20	17	16	17	16	left	right	2	398.44829999992726	True	True	win	31	310.038090467453	2779.8514116	1790892487105.2805	310.34253764152527	2780.1559178	1790892487409.7275	310.7409859415252	2780.5543661	1790892487808.1758	2780.8089325	311.593825340271	2781.4071982	1790892488661.0154	2781.4071982	594.5370580327697	300.0	0.0	2469.8062906	1790892177067.19	600.6605257987976	3070.4806849	1790892777727.7158
sub-10166	ses-1	run-01	0	124	16	6	18	20	17	16	16	17	right	left	2	361.1778999998023	True	True	win	31	312.59560322761536	2782.4089803	1790892489662.7932	312.8997435569763	2782.713154	1790892489966.9336	313.2609214569761	2783.0743319	1790892490328.1116	2783.3264336	314.1571424007416	2783.9706042	1790892491224.3323	2783.9706042	640.2793896419687	300.0	0.0	2469.8062906	1790892177067.19	600.6605257987976	3070.4806849	1790892777727.7158
sub-10166	ses-1	run-01	0	125	16	6	19	20	17	16	17	16	left	right	2	309.59249999978056	True	True	win	31	315.15859031677246	2784.9721185	1790892492225.7803	315.46274065971375	2785.2767231	1790892492529.9307	315.7723331597135	2785.5863155999996	1790892492839.5232	2785.8403057	316.5618190765381	2786.3757433	1790892493629.009	2786.3757433	531.9104871899441	300.0	0.0	2469.8062906	1790892177067.19	600.6605257987976	3070.4806849	1790892777727.7158
sub-10166	ses-1	run-01	0	126	17	7	0	23	17	16	16	17	right	left	2	586.0195999998723	False	False	loss	32	317.5628561973572	2787.3763138	1790892494630.0461	317.8668830394745	2787.6803986	1790892494934.073	318.45290263947436	2788.2664182	1790892495520.0925	2788.520338	319.33999466896057	2789.1535932	1790892496407.1846	2789.1535932	629.9098754708984	300.0	0.0	2469.8062906	1790892177067.19	600.6605257987976	3070.4806849	1790892777727.7158
sub-10166	ses-1	run-01	0	127	17	7	1	23	17	16	17	16	left	right	2	334.97310000029756	False	False	loss	32	320.3419065475464	2790.1553221	1790892497409.0964	320.64584159851074	2790.4594216	1790892497713.0315	320.98081469851104	2790.7943947000003	1790892498048.0046	2791.0475554	321.8521738052368	2791.6658072	1790892498919.3638	2791.6658072	614.3006212177105	300.0	0.0	2469.8062906	1790892177067.19	600.6605257987976	3070.4806849	1790892777727.7158
sub-10166	ses-1	run-01	0	128	17	7	2	23	17	16	17	16	left	right	2	342.083200000161	False	False	loss	32	322.85448837280273	2792.6681992	1790892499921.6782	323.158695936203	2792.9723041	1790892500225.886	323.50077913620316	2793.3143873000004	1790892500567.9692	2793.5706456	324.3186583518982	2794.132347	1790892501385.8484	2794.132347	557.1290652674803	300.0	0.0	2469.8062906	1790892177067.19	600.6605257987976	3070.4806849	1790892777727.7158
sub-10166	ses-1	run-01	0	129	17	7	3	23	17	16	16	17	right	left	1	372.1144999999524	True	False	loss	32	325.3204734325409	2795.1340965	1790892502387.6633	325.62471055984497	2795.4384209	1790892502691.9004	325.9968250598449	2795.8105354	1790892503064.015	2796.0672571	326.8737368583679	2796.6874869	1790892503940.9268	2796.6874869	616.8284955062209	300.0	0.0	2469.8062906	1790892177067.19	600.6605257987976	3070.4806849	1790892777727.7158
sub-10166	ses-1	run-01	0	130	17	7	4	23	17	16	17	16	left	right	1	304.2224000000715	True	False	loss	32	327.87570309638977	2797.6894079	1790892504942.893	328.18038988113403	2797.9941509	1790892505247.5798	328.4846122811341	2798.2983733	1790892505551.8022	2798.5523067	329.3707902431488	2799.1846301	1790892506437.9802	2799.1846301	628.9044303342872	300.0	0.0	2469.8062906	1790892177067.19	600.6605257987976	3070.4806849	1790892777727.7158
sub-10166	ses-1	run-01	0	131	17	7	5	23	17	16	16	17	right	left	1	328.24600000003556	True	False	loss	32	330.3724102973938	2800.1860557	1790892507439.6003	330.6762990951538	2800.4901593	1790892507743.489	331.00454509515384	2800.8184053	1790892508071.735	2801.0736401	331.91284132003784	2801.7266045	1790892508980.0312	2801.7266045	648.7318981807161	300.0	0.0	2469.8062906	1790892177067.19	600.6605257987976	3070.4806849	1790892777727.7158
sub-10166	ses-1	run-01	0	132	17	7	6	23	17	16	16	17	right	left	1	648.7201999998433	True	False	loss	32	332.91458654403687	2802.7283485	1790892509981.7764	333.2196810245514	2803.0336481	1790892510286.8708	333.86840122455123	2803.6823683	1790892510935.591	2803.9387242	334.77326679229736	2804.5871744	1790892511840.4568	2804.5871744	644.6490071776901	300.0	0.0	2469.8062906	1790892177067.19	600.6605257987976	3070.4806849	1790892777727.7158
sub-10166	ses-1	run-01	0	133	17	7	7	23	17	16	17	16	left	right	2	349.44420000010723	False	False	loss	32	335.7748177051544	2805.5886822	1790892512842.0076	336.0790328979492	2805.8929782	1790892513146.223	336.4284770979493	2806.2424224	1790892513495.667	2806.4973518	337.3305299282074	2807.1445504	1790892514397.72	2807.1445504	643.5924014659449	300.0	0.0	2469.8062906	1790892177067.19	600.6605257987976	3070.4806849	1790892777727.7158
sub-10166	ses-1	run-01	0	134	17	7	8	23	17	16	17	16	left	right	2	327.3235999999997	False	False	loss	32	338.3328628540039	2808.1469328	1790892515400.0527	338.6369903087616	2808.4510124	1790892515704.1802	338.9643139087616	2808.778336	1790892516031.5037	2809.0350236	339.80211997032166	2809.6162071	1790892516869.3098	2809.6162071	577.7653174733301	300.0	0.0	2469.8062906	1790892177067.19	600.6605257987976	3070.4806849	1790892777727.7158
sub-10166	ses-1	run-01	0	135	17	7	9	23	17	16	17	16	left	right	2	344.9498999998468	False	False	loss	32	340.80311918258667	2810.6170901	1790892517870.309	341.1073226928711	2810.9214607	1790892518174.5127	341.45227259287094	2811.2664105999997	1790892518519.4626	2811.5197265	342.27145504951477	2812.0858826	1790892519338.645	2812.0858826	562.426340679764	300.0	0.0	2469.8062906	1790892177067.19	600.6605257987976	3070.4806849	1790892777727.7158
sub-10166	ses-1	run-01	0	136	17	7	10	23	17	16	17	16	left	right	2	330.8457000002818	False	True	win	31	343.2732014656067	2813.0872486	1790892520340.3914	343.5774257183075	2813.3915348	1790892520644.6157	343.9082714183078	2813.7223805000003	1790892520975.4614	2813.9745822	344.71457529067993	2814.5287886	1790892521781.7651	2814.5287886	550.4297716325016	300.0	0.0	2469.8062906	1790892177067.19	600.6605257987976	3070.4806849	1790892777727.7158
sub-10166	ses-1	run-01	0	137	17	7	11	23	17	16	17	16	left	right	2	342.81400000008944	False	True	win	31	345.7165410518646	2815.530643	1790892522783.731	346.0213553905487	2815.8355506	1790892523088.5454	346.3641693905488	2816.1783646	1790892523431.3594	2816.4337994	347.23582887649536	2817.0500632	1790892524303.0188	2817.0500632	612.9380707314803	300.0	0.0	2469.8062906	1790892177067.19	600.6605257987976	3070.4806849	1790892777727.7158
sub-10166	ses-1	run-01	0	138	17	7	12	23	17	16	16	17	right	left	2	382.60300000001735	False	True	win	31	348.2372100353241	2818.0521747	1790892525304.4	348.5411329269409	2818.3558129	1790892525608.3228	348.92373592694094	2818.7384159	1790892525990.9258	2818.9940308	349.8369839191437	2819.6512495	1790892526904.1738	2819.6512495	653.8455389994816	300.0	0.0	2469.8062906	1790892177067.19	600.6605257987976	3070.4806849	1790892777727.7158
sub-10166	ses-1	run-01	0	139	17	7	13	23	17	16	17	16	left	right	2	325.76049999988754	False	True	win	31	350.8388628959656	2820.6531916	1790892527906.0527	351.1425070762634	2820.95668	1790892528209.697	351.4682675762633	2821.2824404999997	1790892528535.4575	2821.5350698	352.2628288269043	2822.0770283	1790892529330.0188	2822.0770283	537.8554822224453	300.0	0.0	2469.8062906	1790892177067.19	600.6605257987976	3070.4806849	1790892777727.7158
sub-10166	ses-1	run-01	0	140	17	7	14	23	17	16	16	17	right	left	2	331.28919999990103	False	False	loss	32	353.26458954811096	2823.0789224	1790892530331.7795	353.56789350509644	2823.3830656	1790892530635.0835	353.89918270509634	2823.7143548	1790892530966.3728	2823.9669499	354.7575545310974	2824.5720047	1790892531824.7444	2824.5720047	600.0996055093218	300.0	0.0	2469.8062906	1790892177067.19	600.6605257987976	3070.4806849	1790892777727.7158
sub-10166	ses-1	run-01	0	141	17	7	15	23	17	16	17	16	left	right	2	459.1974999998456	False	True	win	31	355.7596974372864	2825.5742227	1790892532826.8875	356.064754486084	2825.8791692	1790892533131.9443	356.52395198608383	2826.3383667	1790892533591.1418	2826.5929125	357.43984270095825	2827.2541763	1790892534507.0327	2827.2541763	657.0694882421235	300.0	0.0	2469.8062906	1790892177067.19	600.6605257987976	3070.4806849	1790892777727.7158
sub-10166	ses-1	run-01	0	142	17	7	16	23	17	16	17	16	left	right	2	633.9994999998453	False	True	win	31	358.44164848327637	2828.2560543	1790892535508.8384	358.7458689212799	2828.5603697	1790892535813.0588	359.37986842127975	2829.1943692	1790892536447.0583	2829.4494044	360.3059012889862	2830.1209094	1790892537373.0913	2830.1209094	666.7181477499231	300.0	0.0	2469.8062906	1790892177067.19	600.6605257987976	3070.4806849	1790892777727.7158
sub-10166	ses-1	run-01	0	143	17	7	17	23	17	16	17	16	left	right	2	311.72860000015135	False	False	loss	32	361.3074560165405	2831.1219914	1790892538374.646	361.61207580566406	2831.4266368	1790892538679.2656	361.9238044056642	2831.7383654	1790892538990.9941	2831.9946412	362.87052059173584	2832.685125	1790892539937.7104	2832.685125	686.4020048180628	300.0	0.0	2469.8062906	1790892177067.19	600.6605257987976	3070.4806849	1790892777727.7158
sub-10166	ses-1	run-01	0	144	17	7	18	23	17	16	16	17	right	left	2	363.113599999906	False	True	win	31	363.8723282814026	2833.6868744	1790892540939.5183	364.17656540870667	2833.9913211	1790892541243.7554	364.53967900870657	2834.3544346999997	1790892541606.869	2834.6105326	365.36013174057007	2835.1747596	1790892542427.3218	2835.1747596	560.1286957102302	300.0	0.0	2469.8062906	1790892177067.19	600.6605257987976	3070.4806849	1790892777727.7158
sub-10166	ses-1	run-01	0	145	17	7	19	23	17	16	17	16	left	right	2	377.721400000155	False	False	loss	32	366.3618206977844	2836.1764248	1790892543429.0107	366.6659481525421	2836.4806666	1790892543733.1382	367.04366955254227	2836.858388	1790892544110.8596	2837.1142172	367.9673717021942	2837.7821078	1790892545034.5615	2837.7821078	663.7474472624662	300.0	0.0	2469.8062906	1790892177067.19	600.6605257987976	3070.4806849	1790892777727.7158
sub-10166	ses-1	run-01	0	146	17	7	20	23	17	16	16	17	right	left	2	546.2372000001778	False	False	loss	32	368.9691228866577	2838.7837015	1790892546036.3127	369.27348709106445	2839.0882304	1790892546340.677	369.81972429106463	2839.6344676000003	1790892546886.9143	2839.8871092	370.76751375198364	2840.5821717	1790892547834.7036	2840.5821717	690.8011094041711	300.0	0.0	2469.8062906	1790892177067.19	600.6605257987976	3070.4806849	1790892777727.7158
sub-10166	ses-1	run-01	0	147	17	7	21	23	17	16	16	17	right	left	2	370.1420999996117	False	False	loss	32	371.7693016529083	2841.5840978	1790892548836.4917	372.0729570388794	2841.8881867	1790892549140.147	372.443099138879	2842.2583287999996	1790892549510.289	2842.5118014	373.35338592529297	2843.1682319	1790892550420.576	2843.1682319	652.9627233303883	300.0	0.0	2469.8062906	1790892177067.19	600.6605257987976	3070.4806849	1790892777727.7158
sub-10166	ses-1	run-01	0	148	17	7	22	23	17	16	16	17	right	left	2	320.0008000003436	False	True	win	31	374.35517621040344	2844.1699638	1790892551422.3662	374.65949964523315	2844.4743833	1790892551726.6897	374.9795004452335	2844.7943841000006	1790892552046.6904	2845.0472557	375.8283553123474	2845.6435284	1790892552895.5452	2845.6435284	592.8313017641036	300.0	0.0	2469.8062906	1790892177067.19	600.6605257987976	3070.4806849	1790892777727.7158
sub-10166	ses-1	run-01	0	149	16	8	0	24	17	16	17	16	left	right	2	324.41019999987475	True	False	loss	32	376.8304045200348	2846.6452952	1790892553897.5945	377.13519072532654	2846.9500218	1790892554202.3806	377.4596009253264	2847.2744319999997	1790892554526.7908	2847.5284267	378.29379653930664	2848.1088065	1790892555360.9866	2848.1088065	576.414197789386	300.0	0.0	2469.8062906	1790892177067.19	600.6605257987976	3070.4806849	1790892777727.7158
sub-10166	ses-1	run-01	0	150	16	8	1	24	17	16	16	17	right	left	2	378.5643000001073	True	True	win	31	379.29628252983093	2849.1113034	1790892556363.4724	379.60097789764404	2849.4159969	1790892556668.1677	379.97954219764415	2849.7945612000003	1790892557046.732	2850.0499057	380.834187746048	2850.6492779	1790892557901.3777	2850.6492779	595.7365374265113	300.0	0.0	2469.8062906	1790892177067.19	600.6605257987976	3070.4806849	1790892777727.7158
sub-10166	ses-1	run-01	0	151	16	8	2	24	17	16	16	17	right	left	2	350.597199999811	True	False	loss	32	381.8363461494446	2851.6514918	1790892558903.5361	382.1405758857727	2851.9557977	1790892559207.7659	382.4911730857725	2852.3063948999998	1790892559558.363	2852.5596384	383.4273533821106	2853.2424347	1790892560494.5432	2853.2424347	678.5887051268124	300.0	0.0	2469.8062906	1790892177067.19	600.6605257987976	3070.4806849	1790892777727.7158
sub-10166	ses-1	run-01	0	152	16	8	3	24	17	16	17	16	left	right	2	373.5772999998517	True	True	win	31	384.4292047023773	2854.2441564	1790892561496.3945	384.73386812210083	2854.5488535	1790892561801.058	385.1074454221007	2854.9224308	1790892562174.6355	2855.1772158	385.91312646865845	2855.7282729	1790892562980.3164	2855.7282729	547.895998243903	300.0	0.0	2469.8062906	1790892177067.19	600.6605257987976	3070.4806849	1790892777727.7158
sub-10166	ses-1	run-01	0	153	16	8	4	24	17	16	16	17	right	left	2	359.8386999997274	True	False	loss	32	386.914751291275	2856.7299932	1790892563981.9412	387.2193548679352	2857.0345701	1790892564286.545	387.5791935679349	2857.3944088	1790892564646.3835	2857.64822	388.4286239147186	2858.2438302	1790892565495.814	2858.2438302	591.167210848466	300.0	0.0	2469.8062906	1790892177067.19	600.6605257987976	3070.4806849	1790892777727.7158
sub-10166	ses-1	run-01	0	154	16	8	5	24	17	16	17	16	left	right	2	324.3646999999328	True	True	win	31	389.4303915500641	2859.2459044	1790892566497.5815	389.7347021102905	2859.5499599	1790892566801.892	390.05906681029046	2859.8743246	1790892567126.2568	2860.1291011	390.95509791374207	2860.7703764	1790892568022.2878	2860.7703764	637.7683366138725	300.0	0.0	2469.8062906	1790892177067.19	600.6605257987976	3070.4806849	1790892777727.7158
sub-10166	ses-1	run-01	0	155	16	8	6	24	17	16	16	17	right	left	2	325.5784999996649	True	True	win	31	391.9571182727814	2861.772335	1790892569024.308	392.2616331577301	2862.0769233	1790892569328.823	392.58721165772977	2862.4025017999998	1790892569654.4016	2862.655862	393.48859167099	2863.3039538	1790892570555.7815	2863.3039538	643.949898551252	300.0	0.0	2469.8062906	1790892177067.19	600.6605257987976	3070.4806849	1790892777727.7158
sub-10166	ses-1	run-01	0	156	16	8	7	24	17	16	17	16	left	right	2	352.47709999975996	True	False	loss	32	394.4899218082428	2864.3053394	1790892571557.1118	394.79451847076416	2864.6098882	1790892571861.7085	395.1469955707639	2864.9623653	1790892572214.1855	2865.2190629	396.0890996456146	2865.9045037	1790892573156.2896	2865.9045037	681.915476739747	300.0	0.0	2469.8062906	1790892177067.19	600.6605257987976	3070.4806849	1790892777727.7158
sub-10166	ses-1	run-01	0	157	16	8	8	24	17	16	17	16	left	right	2	335.1626999997279	True	True	win	31	397.09175062179565	2866.9072577	1790892574158.9407	397.3959860801697	2867.2114047	1790892574463.176	397.7311487801694	2867.5465673999997	1790892574798.3386	2867.799353	398.6463050842285	2868.4617636	1790892575713.495	2868.4617636	658.15436302528	300.0	0.0	2469.8062906	1790892177067.19	600.6605257987976	3070.4806849	1790892777727.7158
sub-10166	ses-1	run-01	0	158	16	8	9	24	17	16	17	16	left	right	2	394.58220000005895	True	True	win	31	399.64812111854553	2869.4635049	1790892576715.311	399.95222449302673	2869.7682003	1790892577019.4143	400.3468066930268	2870.1627825	1790892577413.9966	2870.4169772	401.29987025260925	2871.1153638	1790892578367.0603	2871.1153638	693.0082514673442	300.0	0.0	2469.8062906	1790892177067.19	600.6605257987976	3070.4806849	1790892777727.7158
sub-10166	ses-1	run-01	0	159	16	8	10	24	17	16	17	16	left	right	2	372.52889999990657	True	False	loss	32	402.3015787601471	2872.1170695	1790892579368.7688	402.606125831604	2872.4218703	1790892579673.3157	402.9786547316039	2872.7943992	1790892580045.8445	2873.0507441	403.9176206588745	2873.7331818	1790892580984.8105	2873.7331818	678.723728353399	300.0	0.0	2469.8062906	1790892177067.19	600.6605257987976	3070.4806849	1790892777727.7158
sub-10166	ses-1	run-01	0	160	16	8	11	24	17	16	17	16	left	right	2	313.9008000002832	True	False	loss	32	404.9199299812317	2874.7354441	1790892581987.1199	405.22488737106323	2875.0404569	1790892582292.0774	405.5387881710635	2875.3543577000005	1790892582605.9783	2875.6085478	406.3034896850586	2876.1191312	1790892583370.6797	2876.1191312	506.6805877287578	300.0	0.0	2469.8062906	1790892177067.19	600.6605257987976	3070.4806849	1790892777727.7158
sub-10166	ses-1	run-01	0	161	16	8	12	24	17	16	16	17	right	left	1	633.0399000003126	False	False	loss	32	407.30549931526184	2877.121252	1790892584372.6892	407.6097037792206	2877.4253563	1790892584676.8938	408.2427436792209	2878.0583962000005	1790892585309.9336	2878.3151757	409.16992378234863	2878.9855884	1790892586237.1138	2878.9855884	666.8079422572594	300.0	0.0	2469.8062906	1790892177067.19	600.6605257987976	3070.4806849	1790892777727.7158
sub-10166	ses-1	run-01	0	162	16	8	13	24	17	16	17	16	left	right	1	302.0212999999785	False	True	win	31	410.1723282337189	2879.9879263	1790892587239.518	410.4767429828644	2880.2923635	1790892587543.9329	410.77876428286436	2880.5943848	1790892587845.954	2880.8505775	411.73505568504333	2881.5508356	1790892588802.2456	2881.5508356	696.4612076379636	300.0	0.0	2469.8062906	1790892177067.19	600.6605257987976	3070.4806849	1790892777727.7158
sub-10166	ses-1	run-01	0	163	16	8	14	24	17	16	16	17	right	left	1	321.9851999997445	False	False	loss	32	412.7366225719452	2882.5524962	1790892589803.8125	413.0407681465149	2882.8565984	1790892590107.958	413.36275334651464	2883.1785836	1790892590429.943	2883.4344699	414.1608943939209	2883.9767148	1790892591228.0842	2883.9767148	538.3978451328763	300.0	0.0	2469.8062906	1790892177067.19	600.6605257987976	3070.4806849	1790892777727.7158
sub-10166	ses-1	run-01	0	164	16	8	15	24	17	16	16	17	right	left	1	335.5206999999609	False	False	loss	32	415.16252875328064	2884.9784588	1790892592229.7188	415.4671256542206	2885.282969	1790892592534.3157	415.80264635422054	2885.6184897	1790892592869.8364	2885.8715329	416.5625035762787	2886.3782457	1790892593629.6936	2886.3782457	502.3903473380523	300.0	0.0	2469.8062906	1790892177067.19	600.6605257987976	3070.4806849	1790892777727.7158
sub-10166	ses-1	run-01	0	165	16	8	16	24	17	16	17	16	left	right	1	453.9636999998038	False	False	loss	32	417.5647556781769	2887.380576	1790892594631.9456	417.868616104126	2887.6845046	1790892594935.8062	418.3225798041258	2888.1384682999997	1790892595389.7698	2888.3931469	419.2715439796448	2889.0875251	1790892596338.734	2889.0875251	690.6470038019513	300.0	0.0	2469.8062906	1790892177067.19	600.6605257987976	3070.4806849	1790892777727.7158
sub-10166	ses-1	run-01	0	166	16	8	17	24	17	16	16	17	right	left	1	305.6319000002077	False	True	win	31	420.2728838920593	2890.0888515	1790892597340.0737	420.576886177063	2890.3928241	1790892597644.0762	420.8825180770632	2890.698456	1790892597949.708	2890.9515746	421.77651047706604	2891.5923536	1790892598843.7004	2891.5923536	637.9394831135835	300.0	0.0	2469.8062906	1790892177067.19	600.6605257987976	3070.4806849	1790892777727.7158
sub-10166	ses-1	run-01	0	167	16	8	18	24	17	16	17	16	left	right	1	320.66900000017995	False	False	loss	32	422.7774918079376	2892.5935178	1790892599844.6816	423.08176136016846	2892.8977188	1790892600148.9512	423.40243036016864	2893.2183878	1790892600469.62	2893.4718422	424.34455966949463	2894.1606496	1790892601411.7495	2894.1606496	685.5136248676268	300.0	0.0	2469.8062906	1790892177067.19	600.6605257987976	3070.4806849	1790892777727.7158
sub-10166	ses-1	run-01	0	168	16	8	19	24	17	16	16	17	right	left	2	399.8271000000386	True	True	win	31	425.346159696579	2895.1625006	1790892602413.3496	425.6503937244415	2895.466551	1790892602717.5837	426.05022082444157	2895.8663781	1790892603117.411	2896.1203134	426.90664982795715	2896.7227068	1790892603973.8398	2896.7227068	598.219996537636	300.0	0.0	2469.8062906	1790892177067.19	600.6605257987976	3070.4806849	1790892777727.7158
sub-10166	ses-1	run-01	0	169	16	8	20	24	17	16	16	17	right	left	2	341.85740000020814	True	True	win	31	427.9082705974579	2897.7243582	1790892604975.4604	428.2124092578888	2898.0286048	1790892605279.599	428.554266657889	2898.3704622	1790892605621.4565	2898.6271719	429.41268157958984	2899.2289631	1790892606479.8716	2899.2289631	598.1572074875986	300.0	0.0	2469.8062906	1790892177067.19	600.6605257987976	3070.4806849	1790892777727.7158
sub-10166	ses-1	run-01	0	170	16	8	21	24	17	16	17	16	left	right	2	348.2301999997617	True	True	win	31	430.41367053985596	2900.2301704	1790892607480.8604	430.7179765701294	2900.5341982	1790892607785.1665	431.06620677012916	2900.8824283999998	1790892608133.3967	2901.1377571	431.83390164375305	2901.6508765	1790892608901.0916	2901.6508765	508.4221740088439	300.0	0.0	2469.8062906	1790892177067.19	600.6605257987976	3070.4806849	1790892777727.7158
sub-10166	ses-1	run-01	0	171	16	8	22	24	17	16	16	17	right	left	2	342.2651000000769	True	False	loss	32	432.83569526672363	2902.6525194	1790892609902.8853	433.1400077342987	2902.9561229	1790892610207.1978	433.4822728342988	2903.298388	1790892610549.463	2903.554737	434.374938249588	2904.1918794	1790892611442.1282	2904.1918794	633.9406016901404	300.0	0.0	2469.8062906	1790892177067.19	600.6605257987976	3070.4806849	1790892777727.7158
sub-10166	ses-1	run-01	0	172	16	8	23	24	17	16	16	17	right	left	2	368.2662999999593	True	False	loss	32	435.3774137496948	2905.1936599	1790892612444.6038	435.6818356513977	2905.4981021	1790892612749.0256	436.05010195139766	2905.8663684	1790892613117.292	2906.1210956	436.9516820907593	2906.7680492	1790892614018.872	2906.7680492	643.317241352817	300.0	0.0	2469.8062906	1790892177067.19	600.6605257987976	3070.4806849	1790892777727.7158
sub-10166	ses-1	run-01	0	173	17	9	0	24	17	16	17	16	left	right	2	399.6825999997782	False	False	loss	32	437.9540309906006	2907.7702568	1790892615021.221	438.2582941055298	2908.0747006	1790892615325.4841	438.65797670552956	2908.4743832	1790892615725.1667	2908.7275928	439.5475573539734	2909.3640313	1790892616614.7473	2909.3640313	631.8535912576185	300.0	0.0	2469.8062906	1790892177067.19	600.6605257987976	3070.4806849	1790892777727.7158
sub-10166	ses-1	run-01	0	174	17	9	1	24	17	16	16	17	right	left	1	579.0342000000237	True	False	loss	32	440.55046558380127	2910.3668336	1790892617617.6555	440.8548913002014	2910.6713293	1790892617922.0813	441.43392550020144	2911.2503635	1790892618501.1155	2911.5053407	442.3856840133667	2912.2022028	1790892619452.874	2912.2022028	693.5442041673209	300.0	0.0	2469.8062906	1790892177067.19	600.6605257987976	3070.4806849	1790892777727.7158
sub-10166	ses-1	run-01	0	175	17	9	2	24	17	16	17	16	left	right	1	325.30529999985447	True	True	win	31	443.3881540298462	2913.2046506	1790892620455.344	443.6926758289337	2913.5090636	1790892620759.8657	444.01798112893357	2913.8343689	1790892621085.1711	2914.0871281	444.93106985092163	2914.7476367	1790892621998.2598	2914.7476367	656.5182403301026	300.0	0.0	2469.8062906	1790892177067.19	600.6605257987976	3070.4806849	1790892777727.7158
sub-10166	ses-1	run-01	0	176	17	9	3	24	17	16	16	17	right	left	1	317.0651000000362	True	True	win	31	445.9319748878479	2915.7492963	1790892622999.1648	446.2366232872009	2916.0534538	1790892623303.8132	446.55368838720096	2916.3705189	1790892623620.8784	2916.6270551	447.375807762146	2917.1929375	1790892624442.9978	2917.1929375	562.8639175773571	300.0	0.0	2469.8062906	1790892177067.19	600.6605257987976	3070.4806849	1790892777727.7158
sub-10166	ses-1	run-01	0	177	17	9	4	24	17	16	16	17	right	left	1	351.5855999999076	True	True	win	31	448.3771026134491	2918.1944758	1790892625444.2925	448.682222366333	2918.4988594	1790892625749.4124	449.0338079663329	2918.850445	1790892626100.998	2919.1074144	449.97673177719116	2919.7934234	1790892627043.9216	2919.7934234	681.5797525672097	300.0	0.0	2469.8062906	1790892177067.19	600.6605257987976	3070.4806849	1790892777727.7158
sub-10166	ses-1	run-01	0	178	17	9	5	24	17	16	16	17	right	left	1	358.72399999971094	True	True	win	31	450.9778037071228	2920.7952299	1790892628044.9937	451.2829444408417	2921.0996628	1790892628350.1343	451.6416684408414	2921.4583867999995	1790892628708.8584	2921.7131177	452.517697095871	2922.3344625	1790892629584.887	2922.3344625	617.1078679740251	300.0	0.0	2469.8062906	1790892177067.19	600.6605257987976	3070.4806849	1790892777727.7158
sub-10166	ses-1	run-01	0	179	17	9	6	24	17	16	17	16	left	right	1	329.5729000001302	True	True	win	31	453.5191264152527	2923.3358065	1790892630586.3164	453.8240978717804	2923.6408617	1790892630891.2878	454.1536707717805	2923.9704346000003	1790892631220.8608	2924.2246817	454.9338092803955	2924.7512429	1790892632000.9993	2924.7512429	522.1533870852935	300.0	0.0	2469.8062906	1790892177067.19	600.6605257987976	3070.4806849	1790892777727.7158
sub-10166	ses-1	run-01	0	180	17	9	7	24	17	16	16	17	right	left	1	353.19509999999354	True	True	win	31	455.93591809272766	2925.7527436	1790892633003.108	456.2405161857605	2926.0573455	1790892633307.706	456.5937112857605	2926.4105406	1790892633660.9011	2926.6659209	457.4714231491089	2927.2882847	1790892634538.613	2927.2882847	618.7378540381069	300.0	0.0	2469.8062906	1790892177067.19	600.6605257987976	3070.4806849	1790892777727.7158
sub-10166	ses-1	run-01	0	181	17	9	8	24	17	16	16	17	right	left	1	367.8325999999288	True	True	win	31	458.4735703468323	2928.2903428	1790892635540.7603	458.7771632671356	2928.5946323	1790892635844.3533	459.14499586713555	2928.9624648999998	1790892636212.1858	2929.2181348	459.932781457901	2929.7505189	1790892636999.9714	2929.7505189	528.1784652173569	300.0	0.0	2469.8062906	1790892177067.19	600.6605257987976	3070.4806849	1790892777727.7158
sub-10166	ses-1	run-01	0	182	17	9	9	24	17	16	16	17	right	left	1	297.393600000305	True	True	win	31	460.9347469806671	2930.7524976	1790892638001.937	461.2400801181793	2931.0570497	1790892638307.27	461.5374737181796	2931.3544433	1790892638604.6636	2931.6103919	462.38169860839844	2932.1987061	1790892639448.8884	2932.1987061	583.8551337964461	300.0	0.0	2469.8062906	1790892177067.19	600.6605257987976	3070.4806849	1790892777727.7158
sub-10166	ses-1	run-01	0	183	17	9	10	24	17	16	16	17	right	left	1	346.45089999958145	True	False	loss	32	463.3830466270447	2933.2000142	1790892640450.2366	463.68623447418213	2933.5040299	1790892640753.4243	464.0326853741817	2933.8504808	1790892641099.8752	2934.1074777	464.83726811408997	2934.6543211	1790892641904.458	2934.6543211	542.3239335939928	300.0	0.0	2469.8062906	1790892177067.19	600.6605257987976	3070.4806849	1790892777727.7158
sub-10166	ses-1	run-01	0	184	17	9	11	24	17	16	17	16	left	right	1	321.2515000000167	True	True	win	31	465.8390357494354	2935.6561832	1790892642906.2256	466.1436605453491	2935.9612554	1790892643210.8506	466.46491204534914	2936.2825069	1790892643532.102	2936.5351021	467.39918065071106	2937.216423	1790892644466.3706	2937.216423	677.2705537291791	300.0	0.0	2469.8062906	1790892177067.19	600.6605257987976	3070.4806849	1790892777727.7158
sub-10166	ses-1	run-01	0	185	17	9	12	24	17	16	17	16	left	right	1	391.9221999999536	True	True	win	31	468.4008390903473	2938.2178713	1790892645468.029	468.7054371833801	2938.5225955	1790892645772.6272	469.0973593833801	2938.9145177	1790892646164.5493	2939.1715059	469.91080474853516	2939.7278008	1790892646977.9946	2939.7278008	552.9810737540902	300.0	0.0	2469.8062906	1790892177067.19	600.6605257987976	3070.4806849	1790892777727.7158
sub-10166	ses-1	run-01	0	186	17	9	13	24	17	16	16	17	right	left	1	424.33100000016566	True	False	loss	32	470.91299319267273	2940.7300499	1790892647980.183	471.21712827682495	2941.034144	1790892648284.318	471.6414592768251	2941.4584750000004	1790892648708.6492	2941.7138059	472.51179337501526	2942.329135	1790892649578.9834	2942.329135	611.3586807002562	300.0	0.0	2469.8062906	1790892177067.19	600.6605257987976	3070.4806849	1790892777727.7158
sub-10166	ses-1	run-01	0	187	17	9	14	24	17	16	16	17	right	left	1	448.07429999991655	True	False	loss	32	473.5131673812866	2943.3305344	1790892650580.3574	473.8171396255493	2943.6343521	1790892650884.3296	474.26521392554923	2944.0824264	1790892651332.4038	2944.3389759	475.2118430137634	2945.0298642	1790892652279.033	2945.0298642	687.0943205263352	300.0	0.0	2469.8062906	1790892177067.19	600.6605257987976	3070.4806849	1790892777727.7158
sub-10166	ses-1	run-01	0	188	17	9	15	24	17	16	17	16	left	right	1	546.9895000001088	True	True	win	31	476.21390986442566	2946.0311291	1790892653281.0999	476.51821994781494	2946.3354228	1790892653585.41	477.06520944781505	2946.8824123	1790892654132.3994	2947.1350382	477.98941373825073	2947.8065997	1790892655056.6038	2947.8065997	666.8454902307292	300.0	0.0	2469.8062906	1790892177067.19	600.6605257987976	3070.4806849	1790892777727.7158
sub-10166	ses-1	run-01	0	189	17	9	16	24	17	16	17	16	left	right	1	369.7963000004165	True	True	win	31	478.9912247657776	2948.8084397	1790892656058.4148	479.29538202285767	2949.1126599	1790892656362.572	479.6651783228581	2949.4824562000003	1790892656732.3684	2949.7361704	480.6016216278076	2950.4189866	1790892657668.8115	2950.4189866	678.5022494941425	300.0	0.0	2469.8062906	1790892177067.19	600.6605257987976	3070.4806849	1790892777727.7158
sub-10166	ses-1	run-01	0	190	17	9	17	24	17	16	16	17	right	left	1	357.6672999997754	True	True	win	31	481.60328817367554	2951.4206404	1790892658670.478	481.90749192237854	2951.724814	1790892658974.682	482.2651592223783	2952.0824813	1790892659332.349	2952.3383755	483.0640003681183	2952.8813075	1790892660131.1902	2952.8813075	538.5286129240997	300.0	0.0	2469.8062906	1790892177067.19	600.6605257987976	3070.4806849	1790892777727.7158
sub-10166	ses-1	run-01	0	191	17	9	18	24	17	16	17	16	left	right	1	335.1316000002953	True	True	win	31	484.0657241344452	2953.8831699	1790892661132.914	484.3698823451996	2954.1873508	1790892661437.0723	484.7050139451999	2954.5224824	1790892661772.2039	2954.7761572	485.5988094806671	2955.4163726	1790892662665.9995	2955.4163726	636.699280972413	300.0	0.0	2469.8062906	1790892177067.19	600.6605257987976	3070.4806849	1790892777727.7158
sub-10166	ses-1	run-01	0	192	17	9	19	24	17	16	17	16	left	right	1	384.18860000001587	True	False	loss	32	486.6004145145416	2956.4177854	1790892663667.6045	486.9047050476074	2956.7222955	1790892663971.895	487.28889364760744	2957.1064841	1790892664356.0837	2957.3607048	488.1885073184967	2958.0060425	1790892665255.6973	2958.0060425	641.4582309271914	300.0	0.0	2469.8062906	1790892177067.19	600.6605257987976	3070.4806849	1790892777727.7158
sub-10166	ses-1	run-01	0	193	17	9	20	24	17	16	17	16	left	right	1	298.042599999917	True	True	win	31	489.1900839805603	2959.0076102	1790892666257.274	489.4946880340576	2959.3123695	1790892666561.878	489.79273063405753	2959.6104121	1790892666859.9204	2959.8655734	490.6834886074066	2960.5011054	1790892667750.6785	2960.5011054	631.322721258394	300.0	0.0	2469.8062906	1790892177067.19	600.6605257987976	3070.4806849	1790892777727.7158
sub-10166	ses-1	run-01	0	194	17	9	21	24	17	16	17	16	left	right	1	314.9996999995892	True	True	win	31	491.6856179237366	2961.5031403	1790892668752.8079	491.9897606372833	2961.8073776	1790892669056.9507	492.3047603372829	2962.1223772999997	1790892669371.9504	2962.3755041	493.06911396980286	2962.8868812	1790892670136.304	2962.8868812	507.81715097017445	300.0	0.0	2469.8062906	1790892177067.19	600.6605257987976	3070.4806849	1790892777727.7158
sub-10166	ses-1	run-01	0	195	17	9	22	24	17	16	17	16	left	right	1	345.2429000003576	True	True	win	31	494.0713665485382	2963.8890756	1790892671138.5564	494.3754324913025	2964.1932393	1790892671442.6223	494.72067539130285	2964.5384822000005	1790892671787.8652	2964.7915892	495.57672095298767	2965.3948806	1790892672643.911	2965.3948806	599.1163750177636	300.0	0.0	2469.8062906	1790892177067.19	600.6605257987976	3070.4806849	1790892777727.7158
sub-10166	ses-1	run-01	0	196	17	9	23	24	17	16	16	17	right	left	1	356.9836000001487	True	True	win	31	496.5792820453644	2966.3972048	1790892673646.472	496.88293862342834	2966.7015501	1790892673950.1287	497.2399222234285	2967.0585337	1790892674307.1123	2967.3149217	498.0569965839386	2967.8748262	1790892675124.1865	2967.8748262	555.2274309511087	300.0	0.0	2469.8062906	1790892177067.19	600.6605257987976	3070.4806849	1790892777727.7158
sub-10166	ses-1	run-01	0	197	16	10	0	21	17	16	17	16	left	right	1	342.11279999999533	False	True	win	31	499.0582158565521	2968.8759918	1790892676125.4058	499.3620238304138	2969.1802867	1790892676429.2139	499.7041366304138	2969.5223995	1790892676771.3267	2969.7787217	500.49421977996826	2970.3121584	1790892677561.4097	2970.3121584	529.7144000146939	300.0	0.0	2469.8062906	1790892177067.19	600.6605257987976	3070.4806849	1790892777727.7158
sub-10166	ses-1	run-01	0	198	16	10	1	21	17	16	17	16	left	right	1	432.1855999996842	False	True	win	31	501.49622774124146	2971.3139959	1790892678563.4177	501.8003304004669	2971.6182547	1790892678867.5203	502.2325160004666	2972.0504402999995	1790892679299.7058	2972.3075828	503.01343178749084	2972.8313363	1790892680080.6218	2972.8313363	519.1845383774083	300.0	0.0	2469.8062906	1790892177067.19	600.6605257987976	3070.4806849	1790892777727.7158
sub-10166	ses-1	run-01	0	199	16	10	2	21	17	16	16	17	right	left	1	377.59409999989657	False	True	win	31	504.01506781578064	2973.8329578	1790892681082.2578	504.31899905204773	2974.1369499	1790892681386.189	504.6965931520476	2974.514544	1790892681763.783	2974.7708622	505.6491813659668	2975.4671962	1790892682716.3713	2975.4671962	692.0924726335669	300.0	0.0	2469.8062906	1790892177067.19	600.6605257987976	3070.4806849	1790892777727.7158
sub-10166	ses-1	run-01	0	200	16	10	3	21	17	16	17	16	left	right	1	332.93030000004364	False	False	loss	32	506.65126276016235	2976.4692107	1790892683718.4526	506.9554989337921	2976.773556	1790892684022.689	507.28842923379216	2977.1064863	1790892684355.6194	2977.3619711	508.2452561855316	2978.0633342	1790892685312.446	2978.0633342	697.0130616332885	300.0	0.0	2469.8062906	1790892177067.19	600.6605257987976	3070.4806849	1790892777727.7158
sub-10166	ses-1	run-01	0	201	16	10	4	21	17	16	16	17	right	left	1	305.21269999962897	False	False	loss	32	509.2470703125	2979.0651153	1790892686314.2603	509.5507776737213	2979.3692918	1790892686617.9675	509.85599037372094	2979.6745045	1790892686923.1802	2979.9272417	510.6812846660614	2980.4994371	1790892687748.4746	2980.4994371	568.2504801637931	300.0	0.0	2469.8062906	1790892177067.19	600.6605257987976	3070.4806849	1790892777727.7158
sub-10166	ses-1	run-01	0	202	16	10	5	21	17	16	16	17	right	left	1	349.2174999996678	False	False	loss	32	511.6829719543457	2981.5010325	1790892688750.1619	511.98717522621155	2981.8052892	1790892689054.3652	512.3363927262112	2982.1545066999997	1790892689403.5828	2982.408239	513.1212687492371	2982.9393861	1790892690188.4587	2982.9393861	527.3439415436745	300.0	0.0	2469.8062906	1790892177067.19	600.6605257987976	3070.4806849	1790892777727.7158
sub-10166	ses-1	run-01	0	203	16	10	6	21	17	16	17	16	left	right	2	325.6392999996933	True	True	win	31	514.1225333213806	2983.9406336	1790892691189.7231	514.4266850948334	2984.2449032	1790892691493.875	514.7523243948331	2984.5705424999996	1790892691819.5144	2984.8230096	515.6436417102814	2985.4618915	1790892692710.8315	2985.4618915	634.3961427148073	300.0	0.0	2469.8062906	1790892177067.19	600.6605257987976	3070.4806849	1790892777727.7158
sub-10166	ses-1	run-01	0	204	16	10	7	21	17	16	16	17	right	left	2	314.7460999998657	True	True	win	31	516.6453895568848	2986.4637301	1790892693712.5796	516.9494624137878	2986.7677418	1790892694016.6523	517.2642085137877	2987.0824878999997	1790892694331.3984	2987.3359081	518.0652465820312	2987.8833905	1790892695132.4365	2987.8833905	543.9644078355512	300.0	0.0	2469.8062906	1790892177067.19	600.6605257987976	3070.4806849	1790892777727.7158
sub-10166	ses-1	run-01	0	205	16	10	8	21	17	16	17	16	left	right	2	300.3066999999646	True	True	win	31	519.0677213668823	2988.8859021	1790892696134.9114	519.3718979358673	2989.1902681	1790892696439.088	519.6722046358673	2989.4905748	1790892696739.3945	2989.7436391	520.4686105251312	2990.2869053	1790892697535.8005	2990.2869053	539.7527771795432	300.0	0.0	2469.8062906	1790892177067.19	600.6605257987976	3070.4806849	1790892777727.7158
sub-10166	ses-1	run-01	0	206	16	10	9	21	17	16	16	17	right	left	2	569.5209000000432	True	True	win	31	521.4703795909882	2991.2886774	1790892698537.5696	521.7745909690857	2991.5929852	1790892698841.781	522.3441118690857	2992.1625061	1790892699411.302	2992.4171918	523.2970519065857	2993.1154987	1790892700364.242	2993.1154987	694.7908393541252	300.0	0.0	2469.8062906	1790892177067.19	600.6605257987976	3070.4806849	1790892777727.7158
sub-10166	ses-1	run-01	0	207	16	10	10	21	17	16	16	17	right	left	2	316.35159999996176	True	False	loss	32	524.2994289398193	2994.1177189	1790892701366.619	524.6036465167999	2994.4221294	1790892701670.8364	524.9199981167999	2994.738481	1790892701987.188	2994.9952512	525.8220365047455	2995.6405495	1790892702889.2263	2995.6405495	641.8990963082454	300.0	0.0	2469.8062906	1790892177067.19	600.6605257987976	3070.4806849	1790892777727.7158
sub-10166	ses-1	run-01	0	208	16	10	11	21	17	16	17	16	left	right	2	448.5211999999592	True	True	win	31	526.8233261108398	2996.6417538	1790892703890.516	527.1274855136871	2996.9460056	1790892704194.6755	527.5760067136871	2997.3945267999998	1790892704643.1968	2997.6497156	528.515374660492	2998.3339451	1790892705582.5647	2998.3339451	680.233230708327	300.0	0.0	2469.8062906	1790892177067.19	600.6605257987976	3070.4806849	1790892777727.7158
sub-10166	ses-1	run-01	0	209	16	10	12	21	17	16	17	16	left	right	2	354.7265000001971	True	True	win	31	529.5169308185577	2999.3355312	1790892706584.1208	529.8211095333099	2999.6396746	1790892706888.2996	530.1758360333101	2999.9944011000002	1790892707243.0261	3000.2486432	531.0737805366516	3000.8924127	1790892708140.9705	3000.8924127	639.597742008687	300.0	0.0	2469.8062906	1790892177067.19	600.6605257987976	3070.4806849	1790892777727.7158
sub-10166	ses-1	run-01	0	210	16	10	13	21	17	16	17	16	left	right	2	355.9396000000561	True	False	loss	32	532.074613571167	3001.8939908	1790892709141.8035	532.3799366950989	3002.1986285	1790892709447.1267	532.7358762950989	3002.5545681	1790892709803.0664	3002.8066624	533.5741631984711	3003.3928457	1790892710641.353	3003.3928457	582.4896870774506	300.0	0.0	2469.8062906	1790892177067.19	600.6605257987976	3070.4806849	1790892777727.7158
sub-10166	ses-1	run-01	0	211	16	10	14	21	17	16	17	16	left	right	2	351.3399999997091	True	True	win	31	534.5758721828461	3004.3945554	1790892711643.062	534.8804273605347	3004.6991364	1790892711947.6172	535.2317673605344	3005.0504763999998	1790892712298.9573	3005.3025733	535.990419626236	3005.8091707	1790892713057.6096	3005.8091707	502.93615867057827	300.0	0.0	2469.8062906	1790892177067.19	600.6605257987976	3070.4806849	1790892777727.7158
sub-10166	ses-1	run-01	0	212	16	10	15	21	17	16	17	16	left	right	2	503.5932999999204	True	True	win	31	536.9918441772461	3006.8109759	1790892714059.0342	537.2960407733917	3007.1147948	1790892714363.2307	537.7996340733916	3007.6183880999997	1790892714866.824	3007.8741093	538.7585339546204	3008.5773413	1790892715825.7239	3008.5773413	699.5069190045149	300.0	0.0	2469.8062906	1790892177067.19	600.6605257987976	3070.4806849	1790892777727.7158
sub-10166	ses-1	run-01	0	213	16	10	16	21	17	16	17	16	left	right	2	343.24070000002393	True	True	win	31	539.7600927352905	3009.5788197	1790892716827.2827	540.0644209384918	3009.8831284	1790892717131.6108	540.4076616384918	3010.2263691	1790892717474.8516	3010.4811561	541.2690575122833	3011.0882468	1790892718336.2476	3011.0882468	603.6652040727911	300.0	0.0	2469.8062906	1790892177067.19	600.6605257987976	3070.4806849	1790892777727.7158
sub-10166	ses-1	run-01	0	214	16	10	17	21	17	16	17	16	left	right	2	328.76649999980145	True	True	win	31	542.2705187797546	3012.0894764	1790892719337.7087	542.5747861862183	3012.3936787	1790892719641.976	542.9035526862181	3012.7224451999996	1790892719970.7427	3012.9768697	543.7564504146576	3013.5753996	1790892720823.6404	3013.5753996	594.1743353107928	300.0	0.0	2469.8062906	1790892177067.19	600.6605257987976	3070.4806849	1790892777727.7158
sub-10166	ses-1	run-01	0	215	16	10	18	21	17	16	16	17	right	left	2	368.2019999996555	True	True	win	31	544.7591252326965	3014.5783116	1790892721826.3152	545.063282251358	3014.8821894	1790892722130.4722	545.4314842513577	3015.2503913999994	1790892722498.674	3015.5063885	546.237598657608	3016.0566205	1790892723304.7886	3016.0566205	546.664772167872	300.0	0.0	2469.8062906	1790892177067.19	600.6605257987976	3070.4806849	1790892777727.7158
sub-10166	ses-1	run-01	0	216	16	10	19	21	17	16	16	17	right	left	2	360.01030000034007	True	True	win	31	547.2388341426849	3017.0582172	1790892724306.0242	547.5433523654938	3017.3623875	1790892724610.5422	547.9033626654941	3017.7223978	1790892724970.5525	3017.9761243	548.7949874401093	3018.6147577	1790892725862.1775	3018.6147577	634.2679773568725	300.0	0.0	2469.8062906	1790892177067.19	600.6605257987976	3070.4806849	1790892777727.7158
sub-10166	ses-1	run-01	0	217	16	10	20	21	17	16	16	17	right	left	2	505.99659999988944	True	False	loss	32	549.7969958782196	3019.6159425	1790892726864.1858	550.1013157367706	3019.9203954	1790892727168.5056	550.6073123367705	3020.426392	1790892727674.5022	3020.6794507	551.5489656925201	3021.3680745	1790892728616.1555	3021.3680745	684.1053289373801	300.0	0.0	2469.8062906	1790892177067.19	600.6605257987976	3070.4806849	1790892777727.7158
sub-10166	ses-1	run-01	0	218	17	11	0	23	17	16	17	16	left	right	2	368.3091000002605	False	False	loss	32	552.5497477054596	3022.3696792	1790892729616.9377	552.8549468517303	3022.6741195	1790892729922.1367	553.2232559517306	3023.0424286	1790892730290.4458	3023.2969933	554.1272628307343	3023.946525	1790892731194.453	3023.946525	645.0029413691065	300.0	0.0	2469.8062906	1790892177067.19	600.6605257987976	3070.4806849	1790892777727.7158
sub-10166	ses-1	run-01	0	219	17	11	1	23	17	16	16	17	right	left	2	316.59609999996974	False	True	win	31	555.1293559074402	3024.9487456	1790892732196.546	555.4346466064453	3025.2538365	1790892732501.8364	555.7512427064453	3025.5704326	1790892732818.4326	3025.8269152	556.7109513282776	3026.5302121	1790892733778.1414	3026.5302121	699.6029258219279	300.0	0.0	2469.8062906	1790892177067.19	600.6605257987976	3070.4806849	1790892777727.7158
sub-10166	ses-1	run-01	0	220	17	11	2	23	17	16	16	17	right	left	2	350.0137999999424	False	False	loss	32	557.7118935585022	3027.5318559	1790892734779.0835	558.0171344280243	3027.8363793	1790892735084.3245	558.3671482280242	3028.1863931	1790892735434.3384	3028.4401257	559.2104589939117	3029.0301985	1790892736277.649	3029.0301985	586.0595648098267	300.0	0.0	2469.8062906	1790892177067.19	600.6605257987976	3070.4806849	1790892777727.7158
sub-10166	ses-1	run-01	0	221	17	11	3	23	17	16	16	17	right	left	2	330.4406000002018	False	False	loss	32	560.2124290466309	3030.0317877	1790892737279.619	560.5167589187622	3030.3359861	1790892737583.9487	560.8471995187624	3030.6664267	1790892737914.3894	3030.919925	561.6939673423767	3031.5133035	1790892738761.1572	3031.5133035	589.0368757549026	300.0	0.0	2469.8062906	1790892177067.19	600.6605257987976	3070.4806849	1790892777727.7158
sub-10166	ses-1	run-01	0	222	17	11	4	23	17	16	16	17	right	left	1	367.03639999996085	True	True	win	31	562.6961760520935	3032.5155163	1790892739763.366	562.9999887943268	3032.8193734	1790892740067.1787	563.3670251943267	3033.1864098	1790892740434.215	3033.4420077	564.1928434371948	3034.0122895	1790892741260.0334	3034.0122895	566.7347879167522	300.0	0.0	2469.8062906	1790892177067.19	600.6605257987976	3070.4806849	1790892777727.7158
sub-10166	ses-1	run-01	0	223	17	11	5	23	17	16	17	16	left	right	1	364.555399999972	True	True	win	31	565.1945815086365	3035.0139548	1790892742261.7715	565.4986927509308	3035.3179687	1790892742565.8826	565.8632481509308	3035.6825241	1790892742930.438	3035.9360947	566.6249101161957	3036.4443883	1790892743692.1	3036.4443883	504.8243010447409	300.0	0.0	2469.8062906	1790892177067.19	600.6605257987976	3070.4806849	1790892777727.7158
sub-10166	ses-1	run-01	0	224	17	11	6	23	17	16	17	16	left	right	1	316.2550999995801	True	False	loss	32	567.626214504242	3037.4462976	1790892744693.4045	567.930730342865	3037.7502091	1790892744997.9202	568.2469854428646	3038.0664641999997	1790892745314.1753	3038.3236245	569.0759310722351	3038.895395	1790892746143.121	3038.895395	567.232924386447	300.0	0.0	2469.8062906	1790892177067.19	600.6605257987976	3070.4806849	1790892777727.7158
sub-10166	ses-1	run-01	0	225	17	11	7	23	17	16	16	17	right	left	1	303.41180000004897	True	True	win	31	570.0792779922485	3039.8987142	1790892747146.468	570.3836054801941	3040.2031181	1790892747450.7954	570.6870172801941	3040.5065299000003	1790892747754.2073	3040.7610695	571.5047533512115	3041.3243683	1790892748571.9434	3041.3243683	559.2641585523367	300.0	0.0	2469.8062906	1790892177067.19	600.6605257987976	3070.4806849	1790892777727.7158
sub-10166	ses-1	run-01	0	226	17	11	8	23	17	16	16	17	right	left	1	340.46500000022206	True	True	win	31	572.5055232048035	3042.3259162	1790892749572.7131	572.8102996349335	3042.6299406	1790892749877.4895	573.1507646349337	3042.9704056	1790892750217.9546	3043.2236924	574.0920369625092	3043.9122965	1790892751159.2268	3043.9122965	684.6840717261504	300.0	0.0	2469.8062906	1790892177067.19	600.6605257987976	3070.4806849	1790892777727.7158
sub-10166	ses-1	run-01	0	227	17	11	9	23	17	16	16	17	right	left	1	313.158100000237	True	True	win	31	575.0937662124634	3044.9132953	1790892752160.956	575.3977792263031	3045.2172624	1790892752464.9692	575.7109373263033	3045.5304205	1790892752778.1274	3045.7850768	576.6146168708801	3046.4343669	1790892753681.807	3046.4343669	645.6241161546111	300.0	0.0	2469.8062906	1790892177067.19	600.6605257987976	3070.4806849	1790892777727.7158
sub-10166	ses-1	run-01	0	228	17	11	10	23	17	16	16	17	right	left	1	326.21910000034404	True	True	win	31	577.6163439750671	3047.4360102	1790892754683.534	577.9204318523407	3047.7401904	1790892754987.6218	578.246650952341	3048.0664095	1790892755313.8408	3048.3183593	579.189501285553	3049.0092827	1790892756256.6912	3049.0092827	686.8485999434905	300.0	0.0	2469.8062906	1790892177067.19	600.6605257987976	3070.4806849	1790892777727.7158
sub-10166	ses-1	run-01	0	229	17	11	11	23	17	16	17	16	left	right	1	351.2286000000131	True	True	win	31	580.1907410621643	3050.0108589	1790892757257.931	580.4953689575195	3050.3151615	1790892757562.5588	580.8465975575195	3050.6663901	1790892757913.7874	3050.9184309	581.7258880138397	3051.5456797	1790892758793.078	3051.5456797	623.6287791721119	300.0	0.0	2469.8062906	1790892177067.19	600.6605257987976	3070.4806849	1790892777727.7158
sub-10166	ses-1	run-01	0	230	17	11	12	23	17	16	17	16	left	right	1	358.52539999996225	True	True	win	31	582.7281658649445	3052.5479198	1790892759795.3557	583.0317440032959	3052.8518757	1790892760098.9338	583.3902694032959	3053.2104011	1790892760457.4592	3053.465384	584.2568535804749	3054.0766924	1790892761324.0435	3054.0766924	607.8764005271282	300.0	0.0	2469.8062906	1790892177067.19	600.6605257987976	3070.4806849	1790892777727.7158
sub-10166	ses-1	run-01	0	231	17	11	13	23	17	16	16	17	right	left	1	394.18149999983143	True	True	win	31	585.2582495212555	3055.0788471	1790892762325.4395	585.5638568401337	3055.3842269	1790892762631.0469	585.9580383401335	3055.7784084	1790892763025.2283	3056.032517	586.8599252700806	3056.6798154	1790892763927.1152	3056.6798154	643.5330059805656	300.0	0.0	2469.8062906	1790892177067.19	600.6605257987976	3070.4806849	1790892777727.7158
sub-10166	ses-1	run-01	0	232	17	11	14	23	17	16	17	16	left	right	1	393.07910000025004	True	False	loss	32	587.8616297245026	3057.6814705	1790892764928.8196	588.1654019355774	3057.9853865	1790892765232.5918	588.5584810355776	3058.3784656000003	1790892765625.671	3058.6341799	589.4505431652069	3059.2705166	1790892766517.7332	3059.2705166	632.6069775591868	300.0	0.0	2469.8062906	1790892177067.19	600.6605257987976	3070.4806849	1790892777727.7158
sub-10166	ses-1	run-01	0	233	17	11	15	23	17	16	16	17	right	left	1	321.03509999978996	True	True	win	31	590.4524323940277	3060.2723017	1790892767519.6223	590.7574746608734	3060.5774352	1790892767824.6646	591.0785097608732	3060.8984702999996	1790892768145.6997	3061.1507104	591.9939696788788	3061.8140168	1790892769061.1597	3061.8140168	659.8279883560834	300.0	0.0	2469.8062906	1790892177067.19	600.6605257987976	3070.4806849	1790892777727.7158
sub-10166	ses-1	run-01	0	234	17	11	16	23	17	16	17	16	left	right	1	314.6980000001349	True	False	loss	32	592.9953143596649	3062.8155519	1790892770062.5044	593.2997279167175	3063.1198059	1790892770366.918	593.6144259167177	3063.4345039	1790892770681.616	3063.6887893	594.522812128067	3064.3430143	1790892771590.002	3064.3430143	650.1947812137671	300.0	0.0	2469.8062906	1790892177067.19	600.6605257987976	3070.4806849	1790892777727.7158
sub-10166	ses-1	run-01	0	235	17	11	17	23	17	16	17	16	left	right	1	313.47809999988385	True	True	win	31	595.524178981781	3065.3446423	1790892772591.369	595.828843832016	3065.6489869	1790892772896.0337	596.1423219320159	3065.962465	1790892773209.5117	3066.2170297	596.969833612442	3066.7900198	1790892774037.0234	3066.7900198	568.4644195639461	300.0	0.0	2469.8062906	1790892177067.19	600.6605257987976	3070.4806849	1790892777727.7158
sub-10166	ses-1	run-01	0	236	17	11	18	23	17	16	17	16	left	right	1	530.1711000001887	True	False	loss	32	597.9719274044037	3067.7924369	1790892775039.1174	598.2760927677155	3068.0962451	1790892775343.2827	598.8062638677156	3068.6264162	1790892775873.4539	3068.880821	599.6580548286438	3069.4782619	1790892776725.2449	3069.4782619	593.7326912755243	300.0	0.0	2469.8062906	1790892177067.19	600.6605257987976	3070.4806849	1790892777727.7158
